patch_id,region,split,t1_path,t2_path,label_path,patch_size,n_bands,change_pixels,total_pixels,change_pct
western_ghats_train_00000,western_ghats,train,data/processed/patches/western_ghats/train/western_ghats_train_00000_t1.npy,data/processed/patches/western_ghats/train/western_ghats_train_00000_t2.npy,data/processed/patches/western_ghats/train/western_ghats_train_00000_label.npy,256,12,1413,65536,2.16
western_ghats_train_00001,western_ghats,train,data/processed/patches/western_ghats/train/western_ghats_train_00001_t1.npy,data/processed/patches/western_ghats/train/western_ghats_train_00001_t2.npy,data/processed/patches/western_ghats/train/western_ghats_train_00001_label.npy,256,12,1123,65536,1.71
western_ghats_train_00002,western_ghats,train,data/processed/patches/western_ghats/train/western_ghats_train_00002_t1.npy,data/processed/patches/western_ghats/train/western_ghats_train_00002_t2.npy,data/processed/patches/western_ghats/train/western_ghats_train_00002_label.npy,256,12,333,65536,0.51
western_ghats_train_00003,western_ghats,train,data/processed/patches/western_ghats/train/western_ghats_train_00003_t1.npy,data/processed/patches/western_ghats/train/western_ghats_train_00003_t2.npy,data/processed/patches/western_ghats/train/western_ghats_train_00003_label.npy,256,12,1519,65536,2.32
western_ghats_train_00004,western_ghats,train,data/processed/patches/western_ghats/train/western_ghats_train_00004_t1.npy,data/processed/patches/western_ghats/train/western_ghats_train_00004_t2.npy,data/processed/patches/western_ghats/train/western_ghats_train_00004_label.npy,256,12,174,65536,0.27
western_ghats_train_00005,western_ghats,train,data/processed/patches/western_ghats/train/western_ghats_train_00005_t1.npy,data/processed/patches/western_ghats/train/western_ghats_train_00005_t2.npy,data/processed/patches/western_ghats/train/western_ghats_train_00005_label.npy,256,12,1519,65536,2.32
western_ghats_train_00006,western_ghats,train,data/processed/patches/western_ghats/train/western_ghats_train_00006_t1.npy,data/processed/patches/western_ghats/train/western_ghats_train_00006_t2.npy,data/processed/patches/western_ghats/train/western_ghats_train_00006_label.npy,256,12,2320,65536,3.54
western_ghats_train_00007,western_ghats,train,data/processed/patches/western_ghats/train/western_ghats_train_00007_t1.npy,data/processed/patches/western_ghats/train/western_ghats_train_00007_t2.npy,data/processed/patches/western_ghats/train/western_ghats_train_00007_label.npy,256,12,1655,65536,2.53
western_ghats_train_00008,western_ghats,train,data/processed/patches/western_ghats/train/western_ghats_train_00008_t1.npy,data/processed/patches/western_ghats/train/western_ghats_train_00008_t2.npy,data/processed/patches/western_ghats/train/western_ghats_train_00008_label.npy,256,12,150,65536,0.23
western_ghats_train_00009,western_ghats,train,data/processed/patches/western_ghats/train/western_ghats_train_00009_t1.npy,data/processed/patches/western_ghats/train/western_ghats_train_00009_t2.npy,data/processed/patches/western_ghats/train/western_ghats_train_00009_label.npy,256,12,506,65536,0.77
western_ghats_train_00010,western_ghats,train,data/processed/patches/western_ghats/train/western_ghats_train_00010_t1.npy,data/processed/patches/western_ghats/train/western_ghats_train_00010_t2.npy,data/processed/patches/western_ghats/train/western_ghats_train_00010_label.npy,256,12,452,65536,0.69
western_ghats_train_00011,western_ghats,train,data/processed/patches/western_ghats/train/western_ghats_train_00011_t1.npy,data/processed/patches/western_ghats/train/western_ghats_train_00011_t2.npy,data/processed/patches/western_ghats/train/western_ghats_train_00011_label.npy,256,12,1511,65536,2.31
western_ghats_train_00012,western_ghats,train,data/processed/patches/western_ghats/train/western_ghats_train_00012_t1.npy,data/processed/patches/western_ghats/train/western_ghats_train_00012_t2.npy,data/processed/patches/western_ghats/train/western_ghats_train_00012_label.npy,256,12,264,65536,0.4
western_ghats_train_00013,western_ghats,train,data/processed/patches/western_ghats/train/western_ghats_train_00013_t1.npy,data/processed/patches/western_ghats/train/western_ghats_train_00013_t2.npy,data/processed/patches/western_ghats/train/western_ghats_train_00013_label.npy,256,12,665,65536,1.01
western_ghats_train_00014,western_ghats,train,data/processed/patches/western_ghats/train/western_ghats_train_00014_t1.npy,data/processed/patches/western_ghats/train/western_ghats_train_00014_t2.npy,data/processed/patches/western_ghats/train/western_ghats_train_00014_label.npy,256,12,406,65536,0.62
western_ghats_train_00015,western_ghats,train,data/processed/patches/western_ghats/train/western_ghats_train_00015_t1.npy,data/processed/patches/western_ghats/train/western_ghats_train_00015_t2.npy,data/processed/patches/western_ghats/train/western_ghats_train_00015_label.npy,256,12,2387,65536,3.64
western_ghats_train_00016,western_ghats,train,data/processed/patches/western_ghats/train/western_ghats_train_00016_t1.npy,data/processed/patches/western_ghats/train/western_ghats_train_00016_t2.npy,data/processed/patches/western_ghats/train/western_ghats_train_00016_label.npy,256,12,1213,65536,1.85
western_ghats_train_00017,western_ghats,train,data/processed/patches/western_ghats/train/western_ghats_train_00017_t1.npy,data/processed/patches/western_ghats/train/western_ghats_train_00017_t2.npy,data/processed/patches/western_ghats/train/western_ghats_train_00017_label.npy,256,12,1264,65536,1.93
western_ghats_train_00018,western_ghats,train,data/processed/patches/western_ghats/train/western_ghats_train_00018_t1.npy,data/processed/patches/western_ghats/train/western_ghats_train_00018_t2.npy,data/processed/patches/western_ghats/train/western_ghats_train_00018_label.npy,256,12,1186,65536,1.81
western_ghats_train_00019,western_ghats,train,data/processed/patches/western_ghats/train/western_ghats_train_00019_t1.npy,data/processed/patches/western_ghats/train/western_ghats_train_00019_t2.npy,data/processed/patches/western_ghats/train/western_ghats_train_00019_label.npy,256,12,765,65536,1.17
western_ghats_train_00020,western_ghats,train,data/processed/patches/western_ghats/train/western_ghats_train_00020_t1.npy,data/processed/patches/western_ghats/train/western_ghats_train_00020_t2.npy,data/processed/patches/western_ghats/train/western_ghats_train_00020_label.npy,256,12,1039,65536,1.59
western_ghats_train_00021,western_ghats,train,data/processed/patches/western_ghats/train/western_ghats_train_00021_t1.npy,data/processed/patches/western_ghats/train/western_ghats_train_00021_t2.npy,data/processed/patches/western_ghats/train/western_ghats_train_00021_label.npy,256,12,682,65536,1.04
western_ghats_train_00022,western_ghats,train,data/processed/patches/western_ghats/train/western_ghats_train_00022_t1.npy,data/processed/patches/western_ghats/train/western_ghats_train_00022_t2.npy,data/processed/patches/western_ghats/train/western_ghats_train_00022_label.npy,256,12,579,65536,0.88
western_ghats_train_00023,western_ghats,train,data/processed/patches/western_ghats/train/western_ghats_train_00023_t1.npy,data/processed/patches/western_ghats/train/western_ghats_train_00023_t2.npy,data/processed/patches/western_ghats/train/western_ghats_train_00023_label.npy,256,12,1742,65536,2.66
western_ghats_train_00024,western_ghats,train,data/processed/patches/western_ghats/train/western_ghats_train_00024_t1.npy,data/processed/patches/western_ghats/train/western_ghats_train_00024_t2.npy,data/processed/patches/western_ghats/train/western_ghats_train_00024_label.npy,256,12,14511,65536,22.14
western_ghats_train_00025,western_ghats,train,data/processed/patches/western_ghats/train/western_ghats_train_00025_t1.npy,data/processed/patches/western_ghats/train/western_ghats_train_00025_t2.npy,data/processed/patches/western_ghats/train/western_ghats_train_00025_label.npy,256,12,4203,65536,6.41
western_ghats_train_00026,western_ghats,train,data/processed/patches/western_ghats/train/western_ghats_train_00026_t1.npy,data/processed/patches/western_ghats/train/western_ghats_train_00026_t2.npy,data/processed/patches/western_ghats/train/western_ghats_train_00026_label.npy,256,12,528,65536,0.81
western_ghats_train_00027,western_ghats,train,data/processed/patches/western_ghats/train/western_ghats_train_00027_t1.npy,data/processed/patches/western_ghats/train/western_ghats_train_00027_t2.npy,data/processed/patches/western_ghats/train/western_ghats_train_00027_label.npy,256,12,25097,65536,38.29
western_ghats_train_00028,western_ghats,train,data/processed/patches/western_ghats/train/western_ghats_train_00028_t1.npy,data/processed/patches/western_ghats/train/western_ghats_train_00028_t2.npy,data/processed/patches/western_ghats/train/western_ghats_train_00028_label.npy,256,12,422,65536,0.64
western_ghats_train_00029,western_ghats,train,data/processed/patches/western_ghats/train/western_ghats_train_00029_t1.npy,data/processed/patches/western_ghats/train/western_ghats_train_00029_t2.npy,data/processed/patches/western_ghats/train/western_ghats_train_00029_label.npy,256,12,2378,65536,3.63
western_ghats_train_00030,western_ghats,train,data/processed/patches/western_ghats/train/western_ghats_train_00030_t1.npy,data/processed/patches/western_ghats/train/western_ghats_train_00030_t2.npy,data/processed/patches/western_ghats/train/western_ghats_train_00030_label.npy,256,12,1819,65536,2.78
western_ghats_train_00031,western_ghats,train,data/processed/patches/western_ghats/train/western_ghats_train_00031_t1.npy,data/processed/patches/western_ghats/train/western_ghats_train_00031_t2.npy,data/processed/patches/western_ghats/train/western_ghats_train_00031_label.npy,256,12,9313,65536,14.21
western_ghats_train_00032,western_ghats,train,data/processed/patches/western_ghats/train/western_ghats_train_00032_t1.npy,data/processed/patches/western_ghats/train/western_ghats_train_00032_t2.npy,data/processed/patches/western_ghats/train/western_ghats_train_00032_label.npy,256,12,1978,65536,3.02
western_ghats_train_00033,western_ghats,train,data/processed/patches/western_ghats/train/western_ghats_train_00033_t1.npy,data/processed/patches/western_ghats/train/western_ghats_train_00033_t2.npy,data/processed/patches/western_ghats/train/western_ghats_train_00033_label.npy,256,12,15100,65536,23.04
western_ghats_train_00034,western_ghats,train,data/processed/patches/western_ghats/train/western_ghats_train_00034_t1.npy,data/processed/patches/western_ghats/train/western_ghats_train_00034_t2.npy,data/processed/patches/western_ghats/train/western_ghats_train_00034_label.npy,256,12,4268,65536,6.51
western_ghats_train_00035,western_ghats,train,data/processed/patches/western_ghats/train/western_ghats_train_00035_t1.npy,data/processed/patches/western_ghats/train/western_ghats_train_00035_t2.npy,data/processed/patches/western_ghats/train/western_ghats_train_00035_label.npy,256,12,847,65536,1.29
western_ghats_train_00036,western_ghats,train,data/processed/patches/western_ghats/train/western_ghats_train_00036_t1.npy,data/processed/patches/western_ghats/train/western_ghats_train_00036_t2.npy,data/processed/patches/western_ghats/train/western_ghats_train_00036_label.npy,256,12,1561,65536,2.38
western_ghats_train_00037,western_ghats,train,data/processed/patches/western_ghats/train/western_ghats_train_00037_t1.npy,data/processed/patches/western_ghats/train/western_ghats_train_00037_t2.npy,data/processed/patches/western_ghats/train/western_ghats_train_00037_label.npy,256,12,804,65536,1.23
western_ghats_train_00038,western_ghats,train,data/processed/patches/western_ghats/train/western_ghats_train_00038_t1.npy,data/processed/patches/western_ghats/train/western_ghats_train_00038_t2.npy,data/processed/patches/western_ghats/train/western_ghats_train_00038_label.npy,256,12,982,65536,1.5
western_ghats_train_00039,western_ghats,train,data/processed/patches/western_ghats/train/western_ghats_train_00039_t1.npy,data/processed/patches/western_ghats/train/western_ghats_train_00039_t2.npy,data/processed/patches/western_ghats/train/western_ghats_train_00039_label.npy,256,12,1187,65536,1.81
western_ghats_train_00040,western_ghats,train,data/processed/patches/western_ghats/train/western_ghats_train_00040_t1.npy,data/processed/patches/western_ghats/train/western_ghats_train_00040_t2.npy,data/processed/patches/western_ghats/train/western_ghats_train_00040_label.npy,256,12,616,65536,0.94
western_ghats_train_00041,western_ghats,train,data/processed/patches/western_ghats/train/western_ghats_train_00041_t1.npy,data/processed/patches/western_ghats/train/western_ghats_train_00041_t2.npy,data/processed/patches/western_ghats/train/western_ghats_train_00041_label.npy,256,12,1057,65536,1.61
western_ghats_train_00042,western_ghats,train,data/processed/patches/western_ghats/train/western_ghats_train_00042_t1.npy,data/processed/patches/western_ghats/train/western_ghats_train_00042_t2.npy,data/processed/patches/western_ghats/train/western_ghats_train_00042_label.npy,256,12,1768,65536,2.7
western_ghats_train_00043,western_ghats,train,data/processed/patches/western_ghats/train/western_ghats_train_00043_t1.npy,data/processed/patches/western_ghats/train/western_ghats_train_00043_t2.npy,data/processed/patches/western_ghats/train/western_ghats_train_00043_label.npy,256,12,1840,65536,2.81
western_ghats_train_00044,western_ghats,train,data/processed/patches/western_ghats/train/western_ghats_train_00044_t1.npy,data/processed/patches/western_ghats/train/western_ghats_train_00044_t2.npy,data/processed/patches/western_ghats/train/western_ghats_train_00044_label.npy,256,12,470,65536,0.72
western_ghats_train_00045,western_ghats,train,data/processed/patches/western_ghats/train/western_ghats_train_00045_t1.npy,data/processed/patches/western_ghats/train/western_ghats_train_00045_t2.npy,data/processed/patches/western_ghats/train/western_ghats_train_00045_label.npy,256,12,715,65536,1.09
western_ghats_train_00046,western_ghats,train,data/processed/patches/western_ghats/train/western_ghats_train_00046_t1.npy,data/processed/patches/western_ghats/train/western_ghats_train_00046_t2.npy,data/processed/patches/western_ghats/train/western_ghats_train_00046_label.npy,256,12,1201,65536,1.83
western_ghats_train_00047,western_ghats,train,data/processed/patches/western_ghats/train/western_ghats_train_00047_t1.npy,data/processed/patches/western_ghats/train/western_ghats_train_00047_t2.npy,data/processed/patches/western_ghats/train/western_ghats_train_00047_label.npy,256,12,701,65536,1.07
western_ghats_train_00048,western_ghats,train,data/processed/patches/western_ghats/train/western_ghats_train_00048_t1.npy,data/processed/patches/western_ghats/train/western_ghats_train_00048_t2.npy,data/processed/patches/western_ghats/train/western_ghats_train_00048_label.npy,256,12,130,65536,0.2
western_ghats_train_00049,western_ghats,train,data/processed/patches/western_ghats/train/western_ghats_train_00049_t1.npy,data/processed/patches/western_ghats/train/western_ghats_train_00049_t2.npy,data/processed/patches/western_ghats/train/western_ghats_train_00049_label.npy,256,12,845,65536,1.29
western_ghats_train_00050,western_ghats,train,data/processed/patches/western_ghats/train/western_ghats_train_00050_t1.npy,data/processed/patches/western_ghats/train/western_ghats_train_00050_t2.npy,data/processed/patches/western_ghats/train/western_ghats_train_00050_label.npy,256,12,857,65536,1.31
western_ghats_train_00051,western_ghats,train,data/processed/patches/western_ghats/train/western_ghats_train_00051_t1.npy,data/processed/patches/western_ghats/train/western_ghats_train_00051_t2.npy,data/processed/patches/western_ghats/train/western_ghats_train_00051_label.npy,256,12,864,65536,1.32
western_ghats_train_00052,western_ghats,train,data/processed/patches/western_ghats/train/western_ghats_train_00052_t1.npy,data/processed/patches/western_ghats/train/western_ghats_train_00052_t2.npy,data/processed/patches/western_ghats/train/western_ghats_train_00052_label.npy,256,12,21336,65536,32.56
western_ghats_train_00053,western_ghats,train,data/processed/patches/western_ghats/train/western_ghats_train_00053_t1.npy,data/processed/patches/western_ghats/train/western_ghats_train_00053_t2.npy,data/processed/patches/western_ghats/train/western_ghats_train_00053_label.npy,256,12,2366,65536,3.61
western_ghats_train_00054,western_ghats,train,data/processed/patches/western_ghats/train/western_ghats_train_00054_t1.npy,data/processed/patches/western_ghats/train/western_ghats_train_00054_t2.npy,data/processed/patches/western_ghats/train/western_ghats_train_00054_label.npy,256,12,343,65536,0.52
western_ghats_train_00055,western_ghats,train,data/processed/patches/western_ghats/train/western_ghats_train_00055_t1.npy,data/processed/patches/western_ghats/train/western_ghats_train_00055_t2.npy,data/processed/patches/western_ghats/train/western_ghats_train_00055_label.npy,256,12,442,65536,0.67
western_ghats_train_00056,western_ghats,train,data/processed/patches/western_ghats/train/western_ghats_train_00056_t1.npy,data/processed/patches/western_ghats/train/western_ghats_train_00056_t2.npy,data/processed/patches/western_ghats/train/western_ghats_train_00056_label.npy,256,12,1178,65536,1.8
western_ghats_train_00057,western_ghats,train,data/processed/patches/western_ghats/train/western_ghats_train_00057_t1.npy,data/processed/patches/western_ghats/train/western_ghats_train_00057_t2.npy,data/processed/patches/western_ghats/train/western_ghats_train_00057_label.npy,256,12,1287,65536,1.96
western_ghats_train_00058,western_ghats,train,data/processed/patches/western_ghats/train/western_ghats_train_00058_t1.npy,data/processed/patches/western_ghats/train/western_ghats_train_00058_t2.npy,data/processed/patches/western_ghats/train/western_ghats_train_00058_label.npy,256,12,2091,65536,3.19
western_ghats_train_00059,western_ghats,train,data/processed/patches/western_ghats/train/western_ghats_train_00059_t1.npy,data/processed/patches/western_ghats/train/western_ghats_train_00059_t2.npy,data/processed/patches/western_ghats/train/western_ghats_train_00059_label.npy,256,12,2027,65536,3.09
western_ghats_train_00060,western_ghats,train,data/processed/patches/western_ghats/train/western_ghats_train_00060_t1.npy,data/processed/patches/western_ghats/train/western_ghats_train_00060_t2.npy,data/processed/patches/western_ghats/train/western_ghats_train_00060_label.npy,256,12,2001,65536,3.05
western_ghats_train_00061,western_ghats,train,data/processed/patches/western_ghats/train/western_ghats_train_00061_t1.npy,data/processed/patches/western_ghats/train/western_ghats_train_00061_t2.npy,data/processed/patches/western_ghats/train/western_ghats_train_00061_label.npy,256,12,599,65536,0.91
western_ghats_train_00062,western_ghats,train,data/processed/patches/western_ghats/train/western_ghats_train_00062_t1.npy,data/processed/patches/western_ghats/train/western_ghats_train_00062_t2.npy,data/processed/patches/western_ghats/train/western_ghats_train_00062_label.npy,256,12,1812,65536,2.76
western_ghats_train_00063,western_ghats,train,data/processed/patches/western_ghats/train/western_ghats_train_00063_t1.npy,data/processed/patches/western_ghats/train/western_ghats_train_00063_t2.npy,data/processed/patches/western_ghats/train/western_ghats_train_00063_label.npy,256,12,3880,65536,5.92
western_ghats_train_00064,western_ghats,train,data/processed/patches/western_ghats/train/western_ghats_train_00064_t1.npy,data/processed/patches/western_ghats/train/western_ghats_train_00064_t2.npy,data/processed/patches/western_ghats/train/western_ghats_train_00064_label.npy,256,12,490,65536,0.75
western_ghats_train_00065,western_ghats,train,data/processed/patches/western_ghats/train/western_ghats_train_00065_t1.npy,data/processed/patches/western_ghats/train/western_ghats_train_00065_t2.npy,data/processed/patches/western_ghats/train/western_ghats_train_00065_label.npy,256,12,993,65536,1.52
western_ghats_train_00066,western_ghats,train,data/processed/patches/western_ghats/train/western_ghats_train_00066_t1.npy,data/processed/patches/western_ghats/train/western_ghats_train_00066_t2.npy,data/processed/patches/western_ghats/train/western_ghats_train_00066_label.npy,256,12,3940,65536,6.01
western_ghats_train_00067,western_ghats,train,data/processed/patches/western_ghats/train/western_ghats_train_00067_t1.npy,data/processed/patches/western_ghats/train/western_ghats_train_00067_t2.npy,data/processed/patches/western_ghats/train/western_ghats_train_00067_label.npy,256,12,7636,65536,11.65
western_ghats_train_00068,western_ghats,train,data/processed/patches/western_ghats/train/western_ghats_train_00068_t1.npy,data/processed/patches/western_ghats/train/western_ghats_train_00068_t2.npy,data/processed/patches/western_ghats/train/western_ghats_train_00068_label.npy,256,12,1195,65536,1.82
western_ghats_train_00069,western_ghats,train,data/processed/patches/western_ghats/train/western_ghats_train_00069_t1.npy,data/processed/patches/western_ghats/train/western_ghats_train_00069_t2.npy,data/processed/patches/western_ghats/train/western_ghats_train_00069_label.npy,256,12,33112,65536,50.52
western_ghats_train_00070,western_ghats,train,data/processed/patches/western_ghats/train/western_ghats_train_00070_t1.npy,data/processed/patches/western_ghats/train/western_ghats_train_00070_t2.npy,data/processed/patches/western_ghats/train/western_ghats_train_00070_label.npy,256,12,2315,65536,3.53
western_ghats_train_00071,western_ghats,train,data/processed/patches/western_ghats/train/western_ghats_train_00071_t1.npy,data/processed/patches/western_ghats/train/western_ghats_train_00071_t2.npy,data/processed/patches/western_ghats/train/western_ghats_train_00071_label.npy,256,12,720,65536,1.1
western_ghats_train_00072,western_ghats,train,data/processed/patches/western_ghats/train/western_ghats_train_00072_t1.npy,data/processed/patches/western_ghats/train/western_ghats_train_00072_t2.npy,data/processed/patches/western_ghats/train/western_ghats_train_00072_label.npy,256,12,545,65536,0.83
western_ghats_train_00073,western_ghats,train,data/processed/patches/western_ghats/train/western_ghats_train_00073_t1.npy,data/processed/patches/western_ghats/train/western_ghats_train_00073_t2.npy,data/processed/patches/western_ghats/train/western_ghats_train_00073_label.npy,256,12,603,65536,0.92
western_ghats_train_00074,western_ghats,train,data/processed/patches/western_ghats/train/western_ghats_train_00074_t1.npy,data/processed/patches/western_ghats/train/western_ghats_train_00074_t2.npy,data/processed/patches/western_ghats/train/western_ghats_train_00074_label.npy,256,12,6322,65536,9.65
western_ghats_train_00075,western_ghats,train,data/processed/patches/western_ghats/train/western_ghats_train_00075_t1.npy,data/processed/patches/western_ghats/train/western_ghats_train_00075_t2.npy,data/processed/patches/western_ghats/train/western_ghats_train_00075_label.npy,256,12,2663,65536,4.06
western_ghats_train_00076,western_ghats,train,data/processed/patches/western_ghats/train/western_ghats_train_00076_t1.npy,data/processed/patches/western_ghats/train/western_ghats_train_00076_t2.npy,data/processed/patches/western_ghats/train/western_ghats_train_00076_label.npy,256,12,584,65536,0.89
western_ghats_train_00077,western_ghats,train,data/processed/patches/western_ghats/train/western_ghats_train_00077_t1.npy,data/processed/patches/western_ghats/train/western_ghats_train_00077_t2.npy,data/processed/patches/western_ghats/train/western_ghats_train_00077_label.npy,256,12,4983,65536,7.6
western_ghats_train_00078,western_ghats,train,data/processed/patches/western_ghats/train/western_ghats_train_00078_t1.npy,data/processed/patches/western_ghats/train/western_ghats_train_00078_t2.npy,data/processed/patches/western_ghats/train/western_ghats_train_00078_label.npy,256,12,2525,65536,3.85
western_ghats_train_00079,western_ghats,train,data/processed/patches/western_ghats/train/western_ghats_train_00079_t1.npy,data/processed/patches/western_ghats/train/western_ghats_train_00079_t2.npy,data/processed/patches/western_ghats/train/western_ghats_train_00079_label.npy,256,12,2029,65536,3.1
western_ghats_train_00080,western_ghats,train,data/processed/patches/western_ghats/train/western_ghats_train_00080_t1.npy,data/processed/patches/western_ghats/train/western_ghats_train_00080_t2.npy,data/processed/patches/western_ghats/train/western_ghats_train_00080_label.npy,256,12,17993,65536,27.46
western_ghats_train_00081,western_ghats,train,data/processed/patches/western_ghats/train/western_ghats_train_00081_t1.npy,data/processed/patches/western_ghats/train/western_ghats_train_00081_t2.npy,data/processed/patches/western_ghats/train/western_ghats_train_00081_label.npy,256,12,1473,65536,2.25
western_ghats_train_00082,western_ghats,train,data/processed/patches/western_ghats/train/western_ghats_train_00082_t1.npy,data/processed/patches/western_ghats/train/western_ghats_train_00082_t2.npy,data/processed/patches/western_ghats/train/western_ghats_train_00082_label.npy,256,12,2305,65536,3.52
western_ghats_train_00083,western_ghats,train,data/processed/patches/western_ghats/train/western_ghats_train_00083_t1.npy,data/processed/patches/western_ghats/train/western_ghats_train_00083_t2.npy,data/processed/patches/western_ghats/train/western_ghats_train_00083_label.npy,256,12,1312,65536,2.0
western_ghats_train_00084,western_ghats,train,data/processed/patches/western_ghats/train/western_ghats_train_00084_t1.npy,data/processed/patches/western_ghats/train/western_ghats_train_00084_t2.npy,data/processed/patches/western_ghats/train/western_ghats_train_00084_label.npy,256,12,207,65536,0.32
western_ghats_train_00085,western_ghats,train,data/processed/patches/western_ghats/train/western_ghats_train_00085_t1.npy,data/processed/patches/western_ghats/train/western_ghats_train_00085_t2.npy,data/processed/patches/western_ghats/train/western_ghats_train_00085_label.npy,256,12,11921,65536,18.19
western_ghats_train_00086,western_ghats,train,data/processed/patches/western_ghats/train/western_ghats_train_00086_t1.npy,data/processed/patches/western_ghats/train/western_ghats_train_00086_t2.npy,data/processed/patches/western_ghats/train/western_ghats_train_00086_label.npy,256,12,1435,65536,2.19
western_ghats_train_00087,western_ghats,train,data/processed/patches/western_ghats/train/western_ghats_train_00087_t1.npy,data/processed/patches/western_ghats/train/western_ghats_train_00087_t2.npy,data/processed/patches/western_ghats/train/western_ghats_train_00087_label.npy,256,12,2414,65536,3.68
western_ghats_train_00088,western_ghats,train,data/processed/patches/western_ghats/train/western_ghats_train_00088_t1.npy,data/processed/patches/western_ghats/train/western_ghats_train_00088_t2.npy,data/processed/patches/western_ghats/train/western_ghats_train_00088_label.npy,256,12,27532,65536,42.01
western_ghats_train_00089,western_ghats,train,data/processed/patches/western_ghats/train/western_ghats_train_00089_t1.npy,data/processed/patches/western_ghats/train/western_ghats_train_00089_t2.npy,data/processed/patches/western_ghats/train/western_ghats_train_00089_label.npy,256,12,839,65536,1.28
western_ghats_train_00090,western_ghats,train,data/processed/patches/western_ghats/train/western_ghats_train_00090_t1.npy,data/processed/patches/western_ghats/train/western_ghats_train_00090_t2.npy,data/processed/patches/western_ghats/train/western_ghats_train_00090_label.npy,256,12,385,65536,0.59
western_ghats_train_00091,western_ghats,train,data/processed/patches/western_ghats/train/western_ghats_train_00091_t1.npy,data/processed/patches/western_ghats/train/western_ghats_train_00091_t2.npy,data/processed/patches/western_ghats/train/western_ghats_train_00091_label.npy,256,12,2173,65536,3.32
western_ghats_train_00092,western_ghats,train,data/processed/patches/western_ghats/train/western_ghats_train_00092_t1.npy,data/processed/patches/western_ghats/train/western_ghats_train_00092_t2.npy,data/processed/patches/western_ghats/train/western_ghats_train_00092_label.npy,256,12,651,65536,0.99
western_ghats_train_00093,western_ghats,train,data/processed/patches/western_ghats/train/western_ghats_train_00093_t1.npy,data/processed/patches/western_ghats/train/western_ghats_train_00093_t2.npy,data/processed/patches/western_ghats/train/western_ghats_train_00093_label.npy,256,12,4051,65536,6.18
western_ghats_train_00094,western_ghats,train,data/processed/patches/western_ghats/train/western_ghats_train_00094_t1.npy,data/processed/patches/western_ghats/train/western_ghats_train_00094_t2.npy,data/processed/patches/western_ghats/train/western_ghats_train_00094_label.npy,256,12,1231,65536,1.88
western_ghats_train_00095,western_ghats,train,data/processed/patches/western_ghats/train/western_ghats_train_00095_t1.npy,data/processed/patches/western_ghats/train/western_ghats_train_00095_t2.npy,data/processed/patches/western_ghats/train/western_ghats_train_00095_label.npy,256,12,4768,65536,7.28
western_ghats_train_00096,western_ghats,train,data/processed/patches/western_ghats/train/western_ghats_train_00096_t1.npy,data/processed/patches/western_ghats/train/western_ghats_train_00096_t2.npy,data/processed/patches/western_ghats/train/western_ghats_train_00096_label.npy,256,12,854,65536,1.3
western_ghats_train_00097,western_ghats,train,data/processed/patches/western_ghats/train/western_ghats_train_00097_t1.npy,data/processed/patches/western_ghats/train/western_ghats_train_00097_t2.npy,data/processed/patches/western_ghats/train/western_ghats_train_00097_label.npy,256,12,614,65536,0.94
western_ghats_train_00098,western_ghats,train,data/processed/patches/western_ghats/train/western_ghats_train_00098_t1.npy,data/processed/patches/western_ghats/train/western_ghats_train_00098_t2.npy,data/processed/patches/western_ghats/train/western_ghats_train_00098_label.npy,256,12,1638,65536,2.5
western_ghats_train_00099,western_ghats,train,data/processed/patches/western_ghats/train/western_ghats_train_00099_t1.npy,data/processed/patches/western_ghats/train/western_ghats_train_00099_t2.npy,data/processed/patches/western_ghats/train/western_ghats_train_00099_label.npy,256,12,4000,65536,6.1
western_ghats_train_00100,western_ghats,train,data/processed/patches/western_ghats/train/western_ghats_train_00100_t1.npy,data/processed/patches/western_ghats/train/western_ghats_train_00100_t2.npy,data/processed/patches/western_ghats/train/western_ghats_train_00100_label.npy,256,12,3713,65536,5.67
western_ghats_train_00101,western_ghats,train,data/processed/patches/western_ghats/train/western_ghats_train_00101_t1.npy,data/processed/patches/western_ghats/train/western_ghats_train_00101_t2.npy,data/processed/patches/western_ghats/train/western_ghats_train_00101_label.npy,256,12,777,65536,1.19
western_ghats_train_00102,western_ghats,train,data/processed/patches/western_ghats/train/western_ghats_train_00102_t1.npy,data/processed/patches/western_ghats/train/western_ghats_train_00102_t2.npy,data/processed/patches/western_ghats/train/western_ghats_train_00102_label.npy,256,12,602,65536,0.92
western_ghats_train_00103,western_ghats,train,data/processed/patches/western_ghats/train/western_ghats_train_00103_t1.npy,data/processed/patches/western_ghats/train/western_ghats_train_00103_t2.npy,data/processed/patches/western_ghats/train/western_ghats_train_00103_label.npy,256,12,25925,65536,39.56
western_ghats_train_00104,western_ghats,train,data/processed/patches/western_ghats/train/western_ghats_train_00104_t1.npy,data/processed/patches/western_ghats/train/western_ghats_train_00104_t2.npy,data/processed/patches/western_ghats/train/western_ghats_train_00104_label.npy,256,12,780,65536,1.19
western_ghats_train_00105,western_ghats,train,data/processed/patches/western_ghats/train/western_ghats_train_00105_t1.npy,data/processed/patches/western_ghats/train/western_ghats_train_00105_t2.npy,data/processed/patches/western_ghats/train/western_ghats_train_00105_label.npy,256,12,275,65536,0.42
western_ghats_train_00106,western_ghats,train,data/processed/patches/western_ghats/train/western_ghats_train_00106_t1.npy,data/processed/patches/western_ghats/train/western_ghats_train_00106_t2.npy,data/processed/patches/western_ghats/train/western_ghats_train_00106_label.npy,256,12,903,65536,1.38
western_ghats_train_00107,western_ghats,train,data/processed/patches/western_ghats/train/western_ghats_train_00107_t1.npy,data/processed/patches/western_ghats/train/western_ghats_train_00107_t2.npy,data/processed/patches/western_ghats/train/western_ghats_train_00107_label.npy,256,12,1160,65536,1.77
western_ghats_train_00108,western_ghats,train,data/processed/patches/western_ghats/train/western_ghats_train_00108_t1.npy,data/processed/patches/western_ghats/train/western_ghats_train_00108_t2.npy,data/processed/patches/western_ghats/train/western_ghats_train_00108_label.npy,256,12,14574,65536,22.24
western_ghats_train_00109,western_ghats,train,data/processed/patches/western_ghats/train/western_ghats_train_00109_t1.npy,data/processed/patches/western_ghats/train/western_ghats_train_00109_t2.npy,data/processed/patches/western_ghats/train/western_ghats_train_00109_label.npy,256,12,490,65536,0.75
western_ghats_train_00110,western_ghats,train,data/processed/patches/western_ghats/train/western_ghats_train_00110_t1.npy,data/processed/patches/western_ghats/train/western_ghats_train_00110_t2.npy,data/processed/patches/western_ghats/train/western_ghats_train_00110_label.npy,256,12,3211,65536,4.9
western_ghats_train_00111,western_ghats,train,data/processed/patches/western_ghats/train/western_ghats_train_00111_t1.npy,data/processed/patches/western_ghats/train/western_ghats_train_00111_t2.npy,data/processed/patches/western_ghats/train/western_ghats_train_00111_label.npy,256,12,1427,65536,2.18
western_ghats_train_00112,western_ghats,train,data/processed/patches/western_ghats/train/western_ghats_train_00112_t1.npy,data/processed/patches/western_ghats/train/western_ghats_train_00112_t2.npy,data/processed/patches/western_ghats/train/western_ghats_train_00112_label.npy,256,12,10300,65536,15.72
western_ghats_train_00113,western_ghats,train,data/processed/patches/western_ghats/train/western_ghats_train_00113_t1.npy,data/processed/patches/western_ghats/train/western_ghats_train_00113_t2.npy,data/processed/patches/western_ghats/train/western_ghats_train_00113_label.npy,256,12,449,65536,0.69
western_ghats_train_00114,western_ghats,train,data/processed/patches/western_ghats/train/western_ghats_train_00114_t1.npy,data/processed/patches/western_ghats/train/western_ghats_train_00114_t2.npy,data/processed/patches/western_ghats/train/western_ghats_train_00114_label.npy,256,12,2796,65536,4.27
western_ghats_train_00115,western_ghats,train,data/processed/patches/western_ghats/train/western_ghats_train_00115_t1.npy,data/processed/patches/western_ghats/train/western_ghats_train_00115_t2.npy,data/processed/patches/western_ghats/train/western_ghats_train_00115_label.npy,256,12,2012,65536,3.07
western_ghats_train_00116,western_ghats,train,data/processed/patches/western_ghats/train/western_ghats_train_00116_t1.npy,data/processed/patches/western_ghats/train/western_ghats_train_00116_t2.npy,data/processed/patches/western_ghats/train/western_ghats_train_00116_label.npy,256,12,512,65536,0.78
western_ghats_train_00117,western_ghats,train,data/processed/patches/western_ghats/train/western_ghats_train_00117_t1.npy,data/processed/patches/western_ghats/train/western_ghats_train_00117_t2.npy,data/processed/patches/western_ghats/train/western_ghats_train_00117_label.npy,256,12,801,65536,1.22
western_ghats_train_00118,western_ghats,train,data/processed/patches/western_ghats/train/western_ghats_train_00118_t1.npy,data/processed/patches/western_ghats/train/western_ghats_train_00118_t2.npy,data/processed/patches/western_ghats/train/western_ghats_train_00118_label.npy,256,12,120,65536,0.18
western_ghats_train_00119,western_ghats,train,data/processed/patches/western_ghats/train/western_ghats_train_00119_t1.npy,data/processed/patches/western_ghats/train/western_ghats_train_00119_t2.npy,data/processed/patches/western_ghats/train/western_ghats_train_00119_label.npy,256,12,140,65536,0.21
western_ghats_train_00120,western_ghats,train,data/processed/patches/western_ghats/train/western_ghats_train_00120_t1.npy,data/processed/patches/western_ghats/train/western_ghats_train_00120_t2.npy,data/processed/patches/western_ghats/train/western_ghats_train_00120_label.npy,256,12,1553,65536,2.37
western_ghats_train_00121,western_ghats,train,data/processed/patches/western_ghats/train/western_ghats_train_00121_t1.npy,data/processed/patches/western_ghats/train/western_ghats_train_00121_t2.npy,data/processed/patches/western_ghats/train/western_ghats_train_00121_label.npy,256,12,3351,65536,5.11
western_ghats_train_00122,western_ghats,train,data/processed/patches/western_ghats/train/western_ghats_train_00122_t1.npy,data/processed/patches/western_ghats/train/western_ghats_train_00122_t2.npy,data/processed/patches/western_ghats/train/western_ghats_train_00122_label.npy,256,12,4914,65536,7.5
western_ghats_train_00123,western_ghats,train,data/processed/patches/western_ghats/train/western_ghats_train_00123_t1.npy,data/processed/patches/western_ghats/train/western_ghats_train_00123_t2.npy,data/processed/patches/western_ghats/train/western_ghats_train_00123_label.npy,256,12,517,65536,0.79
western_ghats_train_00124,western_ghats,train,data/processed/patches/western_ghats/train/western_ghats_train_00124_t1.npy,data/processed/patches/western_ghats/train/western_ghats_train_00124_t2.npy,data/processed/patches/western_ghats/train/western_ghats_train_00124_label.npy,256,12,1823,65536,2.78
western_ghats_train_00125,western_ghats,train,data/processed/patches/western_ghats/train/western_ghats_train_00125_t1.npy,data/processed/patches/western_ghats/train/western_ghats_train_00125_t2.npy,data/processed/patches/western_ghats/train/western_ghats_train_00125_label.npy,256,12,312,65536,0.48
western_ghats_train_00126,western_ghats,train,data/processed/patches/western_ghats/train/western_ghats_train_00126_t1.npy,data/processed/patches/western_ghats/train/western_ghats_train_00126_t2.npy,data/processed/patches/western_ghats/train/western_ghats_train_00126_label.npy,256,12,107,65536,0.16
western_ghats_train_00127,western_ghats,train,data/processed/patches/western_ghats/train/western_ghats_train_00127_t1.npy,data/processed/patches/western_ghats/train/western_ghats_train_00127_t2.npy,data/processed/patches/western_ghats/train/western_ghats_train_00127_label.npy,256,12,13548,65536,20.67
western_ghats_train_00128,western_ghats,train,data/processed/patches/western_ghats/train/western_ghats_train_00128_t1.npy,data/processed/patches/western_ghats/train/western_ghats_train_00128_t2.npy,data/processed/patches/western_ghats/train/western_ghats_train_00128_label.npy,256,12,1700,65536,2.59
western_ghats_train_00129,western_ghats,train,data/processed/patches/western_ghats/train/western_ghats_train_00129_t1.npy,data/processed/patches/western_ghats/train/western_ghats_train_00129_t2.npy,data/processed/patches/western_ghats/train/western_ghats_train_00129_label.npy,256,12,249,65536,0.38
western_ghats_train_00130,western_ghats,train,data/processed/patches/western_ghats/train/western_ghats_train_00130_t1.npy,data/processed/patches/western_ghats/train/western_ghats_train_00130_t2.npy,data/processed/patches/western_ghats/train/western_ghats_train_00130_label.npy,256,12,1479,65536,2.26
western_ghats_train_00131,western_ghats,train,data/processed/patches/western_ghats/train/western_ghats_train_00131_t1.npy,data/processed/patches/western_ghats/train/western_ghats_train_00131_t2.npy,data/processed/patches/western_ghats/train/western_ghats_train_00131_label.npy,256,12,5298,65536,8.08
western_ghats_train_00132,western_ghats,train,data/processed/patches/western_ghats/train/western_ghats_train_00132_t1.npy,data/processed/patches/western_ghats/train/western_ghats_train_00132_t2.npy,data/processed/patches/western_ghats/train/western_ghats_train_00132_label.npy,256,12,225,65536,0.34
western_ghats_train_00133,western_ghats,train,data/processed/patches/western_ghats/train/western_ghats_train_00133_t1.npy,data/processed/patches/western_ghats/train/western_ghats_train_00133_t2.npy,data/processed/patches/western_ghats/train/western_ghats_train_00133_label.npy,256,12,3778,65536,5.76
western_ghats_train_00134,western_ghats,train,data/processed/patches/western_ghats/train/western_ghats_train_00134_t1.npy,data/processed/patches/western_ghats/train/western_ghats_train_00134_t2.npy,data/processed/patches/western_ghats/train/western_ghats_train_00134_label.npy,256,12,1323,65536,2.02
western_ghats_train_00135,western_ghats,train,data/processed/patches/western_ghats/train/western_ghats_train_00135_t1.npy,data/processed/patches/western_ghats/train/western_ghats_train_00135_t2.npy,data/processed/patches/western_ghats/train/western_ghats_train_00135_label.npy,256,12,904,65536,1.38
western_ghats_train_00136,western_ghats,train,data/processed/patches/western_ghats/train/western_ghats_train_00136_t1.npy,data/processed/patches/western_ghats/train/western_ghats_train_00136_t2.npy,data/processed/patches/western_ghats/train/western_ghats_train_00136_label.npy,256,12,569,65536,0.87
western_ghats_train_00137,western_ghats,train,data/processed/patches/western_ghats/train/western_ghats_train_00137_t1.npy,data/processed/patches/western_ghats/train/western_ghats_train_00137_t2.npy,data/processed/patches/western_ghats/train/western_ghats_train_00137_label.npy,256,12,1826,65536,2.79
western_ghats_train_00138,western_ghats,train,data/processed/patches/western_ghats/train/western_ghats_train_00138_t1.npy,data/processed/patches/western_ghats/train/western_ghats_train_00138_t2.npy,data/processed/patches/western_ghats/train/western_ghats_train_00138_label.npy,256,12,346,65536,0.53
western_ghats_train_00139,western_ghats,train,data/processed/patches/western_ghats/train/western_ghats_train_00139_t1.npy,data/processed/patches/western_ghats/train/western_ghats_train_00139_t2.npy,data/processed/patches/western_ghats/train/western_ghats_train_00139_label.npy,256,12,635,65536,0.97
western_ghats_train_00140,western_ghats,train,data/processed/patches/western_ghats/train/western_ghats_train_00140_t1.npy,data/processed/patches/western_ghats/train/western_ghats_train_00140_t2.npy,data/processed/patches/western_ghats/train/western_ghats_train_00140_label.npy,256,12,588,65536,0.9
western_ghats_train_00141,western_ghats,train,data/processed/patches/western_ghats/train/western_ghats_train_00141_t1.npy,data/processed/patches/western_ghats/train/western_ghats_train_00141_t2.npy,data/processed/patches/western_ghats/train/western_ghats_train_00141_label.npy,256,12,216,65536,0.33
western_ghats_train_00142,western_ghats,train,data/processed/patches/western_ghats/train/western_ghats_train_00142_t1.npy,data/processed/patches/western_ghats/train/western_ghats_train_00142_t2.npy,data/processed/patches/western_ghats/train/western_ghats_train_00142_label.npy,256,12,3264,65536,4.98
western_ghats_train_00143,western_ghats,train,data/processed/patches/western_ghats/train/western_ghats_train_00143_t1.npy,data/processed/patches/western_ghats/train/western_ghats_train_00143_t2.npy,data/processed/patches/western_ghats/train/western_ghats_train_00143_label.npy,256,12,2462,65536,3.76
western_ghats_train_00144,western_ghats,train,data/processed/patches/western_ghats/train/western_ghats_train_00144_t1.npy,data/processed/patches/western_ghats/train/western_ghats_train_00144_t2.npy,data/processed/patches/western_ghats/train/western_ghats_train_00144_label.npy,256,12,2051,65536,3.13
western_ghats_train_00145,western_ghats,train,data/processed/patches/western_ghats/train/western_ghats_train_00145_t1.npy,data/processed/patches/western_ghats/train/western_ghats_train_00145_t2.npy,data/processed/patches/western_ghats/train/western_ghats_train_00145_label.npy,256,12,594,65536,0.91
western_ghats_train_00146,western_ghats,train,data/processed/patches/western_ghats/train/western_ghats_train_00146_t1.npy,data/processed/patches/western_ghats/train/western_ghats_train_00146_t2.npy,data/processed/patches/western_ghats/train/western_ghats_train_00146_label.npy,256,12,322,65536,0.49
western_ghats_train_00147,western_ghats,train,data/processed/patches/western_ghats/train/western_ghats_train_00147_t1.npy,data/processed/patches/western_ghats/train/western_ghats_train_00147_t2.npy,data/processed/patches/western_ghats/train/western_ghats_train_00147_label.npy,256,12,895,65536,1.37
western_ghats_train_00148,western_ghats,train,data/processed/patches/western_ghats/train/western_ghats_train_00148_t1.npy,data/processed/patches/western_ghats/train/western_ghats_train_00148_t2.npy,data/processed/patches/western_ghats/train/western_ghats_train_00148_label.npy,256,12,2388,65536,3.64
western_ghats_train_00149,western_ghats,train,data/processed/patches/western_ghats/train/western_ghats_train_00149_t1.npy,data/processed/patches/western_ghats/train/western_ghats_train_00149_t2.npy,data/processed/patches/western_ghats/train/western_ghats_train_00149_label.npy,256,12,1730,65536,2.64
western_ghats_train_00150,western_ghats,train,data/processed/patches/western_ghats/train/western_ghats_train_00150_t1.npy,data/processed/patches/western_ghats/train/western_ghats_train_00150_t2.npy,data/processed/patches/western_ghats/train/western_ghats_train_00150_label.npy,256,12,539,65536,0.82
western_ghats_train_00151,western_ghats,train,data/processed/patches/western_ghats/train/western_ghats_train_00151_t1.npy,data/processed/patches/western_ghats/train/western_ghats_train_00151_t2.npy,data/processed/patches/western_ghats/train/western_ghats_train_00151_label.npy,256,12,908,65536,1.39
western_ghats_train_00152,western_ghats,train,data/processed/patches/western_ghats/train/western_ghats_train_00152_t1.npy,data/processed/patches/western_ghats/train/western_ghats_train_00152_t2.npy,data/processed/patches/western_ghats/train/western_ghats_train_00152_label.npy,256,12,707,65536,1.08
western_ghats_train_00153,western_ghats,train,data/processed/patches/western_ghats/train/western_ghats_train_00153_t1.npy,data/processed/patches/western_ghats/train/western_ghats_train_00153_t2.npy,data/processed/patches/western_ghats/train/western_ghats_train_00153_label.npy,256,12,283,65536,0.43
western_ghats_train_00154,western_ghats,train,data/processed/patches/western_ghats/train/western_ghats_train_00154_t1.npy,data/processed/patches/western_ghats/train/western_ghats_train_00154_t2.npy,data/processed/patches/western_ghats/train/western_ghats_train_00154_label.npy,256,12,1156,65536,1.76
western_ghats_train_00155,western_ghats,train,data/processed/patches/western_ghats/train/western_ghats_train_00155_t1.npy,data/processed/patches/western_ghats/train/western_ghats_train_00155_t2.npy,data/processed/patches/western_ghats/train/western_ghats_train_00155_label.npy,256,12,857,65536,1.31
western_ghats_train_00156,western_ghats,train,data/processed/patches/western_ghats/train/western_ghats_train_00156_t1.npy,data/processed/patches/western_ghats/train/western_ghats_train_00156_t2.npy,data/processed/patches/western_ghats/train/western_ghats_train_00156_label.npy,256,12,910,65536,1.39
western_ghats_train_00157,western_ghats,train,data/processed/patches/western_ghats/train/western_ghats_train_00157_t1.npy,data/processed/patches/western_ghats/train/western_ghats_train_00157_t2.npy,data/processed/patches/western_ghats/train/western_ghats_train_00157_label.npy,256,12,4248,65536,6.48
western_ghats_train_00158,western_ghats,train,data/processed/patches/western_ghats/train/western_ghats_train_00158_t1.npy,data/processed/patches/western_ghats/train/western_ghats_train_00158_t2.npy,data/processed/patches/western_ghats/train/western_ghats_train_00158_label.npy,256,12,2385,65536,3.64
western_ghats_train_00159,western_ghats,train,data/processed/patches/western_ghats/train/western_ghats_train_00159_t1.npy,data/processed/patches/western_ghats/train/western_ghats_train_00159_t2.npy,data/processed/patches/western_ghats/train/western_ghats_train_00159_label.npy,256,12,2305,65536,3.52
western_ghats_train_00160,western_ghats,train,data/processed/patches/western_ghats/train/western_ghats_train_00160_t1.npy,data/processed/patches/western_ghats/train/western_ghats_train_00160_t2.npy,data/processed/patches/western_ghats/train/western_ghats_train_00160_label.npy,256,12,2528,65536,3.86
western_ghats_train_00161,western_ghats,train,data/processed/patches/western_ghats/train/western_ghats_train_00161_t1.npy,data/processed/patches/western_ghats/train/western_ghats_train_00161_t2.npy,data/processed/patches/western_ghats/train/western_ghats_train_00161_label.npy,256,12,275,65536,0.42
western_ghats_train_00162,western_ghats,train,data/processed/patches/western_ghats/train/western_ghats_train_00162_t1.npy,data/processed/patches/western_ghats/train/western_ghats_train_00162_t2.npy,data/processed/patches/western_ghats/train/western_ghats_train_00162_label.npy,256,12,345,65536,0.53
western_ghats_train_00163,western_ghats,train,data/processed/patches/western_ghats/train/western_ghats_train_00163_t1.npy,data/processed/patches/western_ghats/train/western_ghats_train_00163_t2.npy,data/processed/patches/western_ghats/train/western_ghats_train_00163_label.npy,256,12,1322,65536,2.02
western_ghats_train_00164,western_ghats,train,data/processed/patches/western_ghats/train/western_ghats_train_00164_t1.npy,data/processed/patches/western_ghats/train/western_ghats_train_00164_t2.npy,data/processed/patches/western_ghats/train/western_ghats_train_00164_label.npy,256,12,1262,65536,1.93
western_ghats_train_00165,western_ghats,train,data/processed/patches/western_ghats/train/western_ghats_train_00165_t1.npy,data/processed/patches/western_ghats/train/western_ghats_train_00165_t2.npy,data/processed/patches/western_ghats/train/western_ghats_train_00165_label.npy,256,12,31958,65536,48.76
western_ghats_train_00166,western_ghats,train,data/processed/patches/western_ghats/train/western_ghats_train_00166_t1.npy,data/processed/patches/western_ghats/train/western_ghats_train_00166_t2.npy,data/processed/patches/western_ghats/train/western_ghats_train_00166_label.npy,256,12,814,65536,1.24
western_ghats_train_00167,western_ghats,train,data/processed/patches/western_ghats/train/western_ghats_train_00167_t1.npy,data/processed/patches/western_ghats/train/western_ghats_train_00167_t2.npy,data/processed/patches/western_ghats/train/western_ghats_train_00167_label.npy,256,12,1558,65536,2.38
western_ghats_train_00168,western_ghats,train,data/processed/patches/western_ghats/train/western_ghats_train_00168_t1.npy,data/processed/patches/western_ghats/train/western_ghats_train_00168_t2.npy,data/processed/patches/western_ghats/train/western_ghats_train_00168_label.npy,256,12,1738,65536,2.65
western_ghats_train_00169,western_ghats,train,data/processed/patches/western_ghats/train/western_ghats_train_00169_t1.npy,data/processed/patches/western_ghats/train/western_ghats_train_00169_t2.npy,data/processed/patches/western_ghats/train/western_ghats_train_00169_label.npy,256,12,400,65536,0.61
western_ghats_train_00170,western_ghats,train,data/processed/patches/western_ghats/train/western_ghats_train_00170_t1.npy,data/processed/patches/western_ghats/train/western_ghats_train_00170_t2.npy,data/processed/patches/western_ghats/train/western_ghats_train_00170_label.npy,256,12,205,65536,0.31
western_ghats_train_00171,western_ghats,train,data/processed/patches/western_ghats/train/western_ghats_train_00171_t1.npy,data/processed/patches/western_ghats/train/western_ghats_train_00171_t2.npy,data/processed/patches/western_ghats/train/western_ghats_train_00171_label.npy,256,12,212,65536,0.32
western_ghats_train_00172,western_ghats,train,data/processed/patches/western_ghats/train/western_ghats_train_00172_t1.npy,data/processed/patches/western_ghats/train/western_ghats_train_00172_t2.npy,data/processed/patches/western_ghats/train/western_ghats_train_00172_label.npy,256,12,3628,65536,5.54
western_ghats_train_00173,western_ghats,train,data/processed/patches/western_ghats/train/western_ghats_train_00173_t1.npy,data/processed/patches/western_ghats/train/western_ghats_train_00173_t2.npy,data/processed/patches/western_ghats/train/western_ghats_train_00173_label.npy,256,12,1898,65536,2.9
western_ghats_train_00174,western_ghats,train,data/processed/patches/western_ghats/train/western_ghats_train_00174_t1.npy,data/processed/patches/western_ghats/train/western_ghats_train_00174_t2.npy,data/processed/patches/western_ghats/train/western_ghats_train_00174_label.npy,256,12,883,65536,1.35
western_ghats_train_00175,western_ghats,train,data/processed/patches/western_ghats/train/western_ghats_train_00175_t1.npy,data/processed/patches/western_ghats/train/western_ghats_train_00175_t2.npy,data/processed/patches/western_ghats/train/western_ghats_train_00175_label.npy,256,12,1045,65536,1.59
western_ghats_train_00176,western_ghats,train,data/processed/patches/western_ghats/train/western_ghats_train_00176_t1.npy,data/processed/patches/western_ghats/train/western_ghats_train_00176_t2.npy,data/processed/patches/western_ghats/train/western_ghats_train_00176_label.npy,256,12,686,65536,1.05
western_ghats_train_00177,western_ghats,train,data/processed/patches/western_ghats/train/western_ghats_train_00177_t1.npy,data/processed/patches/western_ghats/train/western_ghats_train_00177_t2.npy,data/processed/patches/western_ghats/train/western_ghats_train_00177_label.npy,256,12,789,65536,1.2
western_ghats_train_00178,western_ghats,train,data/processed/patches/western_ghats/train/western_ghats_train_00178_t1.npy,data/processed/patches/western_ghats/train/western_ghats_train_00178_t2.npy,data/processed/patches/western_ghats/train/western_ghats_train_00178_label.npy,256,12,278,65536,0.42
western_ghats_train_00179,western_ghats,train,data/processed/patches/western_ghats/train/western_ghats_train_00179_t1.npy,data/processed/patches/western_ghats/train/western_ghats_train_00179_t2.npy,data/processed/patches/western_ghats/train/western_ghats_train_00179_label.npy,256,12,1681,65536,2.57
western_ghats_train_00180,western_ghats,train,data/processed/patches/western_ghats/train/western_ghats_train_00180_t1.npy,data/processed/patches/western_ghats/train/western_ghats_train_00180_t2.npy,data/processed/patches/western_ghats/train/western_ghats_train_00180_label.npy,256,12,14920,65536,22.77
western_ghats_train_00181,western_ghats,train,data/processed/patches/western_ghats/train/western_ghats_train_00181_t1.npy,data/processed/patches/western_ghats/train/western_ghats_train_00181_t2.npy,data/processed/patches/western_ghats/train/western_ghats_train_00181_label.npy,256,12,3417,65536,5.21
western_ghats_train_00182,western_ghats,train,data/processed/patches/western_ghats/train/western_ghats_train_00182_t1.npy,data/processed/patches/western_ghats/train/western_ghats_train_00182_t2.npy,data/processed/patches/western_ghats/train/western_ghats_train_00182_label.npy,256,12,829,65536,1.26
western_ghats_train_00183,western_ghats,train,data/processed/patches/western_ghats/train/western_ghats_train_00183_t1.npy,data/processed/patches/western_ghats/train/western_ghats_train_00183_t2.npy,data/processed/patches/western_ghats/train/western_ghats_train_00183_label.npy,256,12,777,65536,1.19
western_ghats_train_00184,western_ghats,train,data/processed/patches/western_ghats/train/western_ghats_train_00184_t1.npy,data/processed/patches/western_ghats/train/western_ghats_train_00184_t2.npy,data/processed/patches/western_ghats/train/western_ghats_train_00184_label.npy,256,12,418,65536,0.64
western_ghats_train_00185,western_ghats,train,data/processed/patches/western_ghats/train/western_ghats_train_00185_t1.npy,data/processed/patches/western_ghats/train/western_ghats_train_00185_t2.npy,data/processed/patches/western_ghats/train/western_ghats_train_00185_label.npy,256,12,485,65536,0.74
western_ghats_train_00186,western_ghats,train,data/processed/patches/western_ghats/train/western_ghats_train_00186_t1.npy,data/processed/patches/western_ghats/train/western_ghats_train_00186_t2.npy,data/processed/patches/western_ghats/train/western_ghats_train_00186_label.npy,256,12,780,65536,1.19
western_ghats_train_00187,western_ghats,train,data/processed/patches/western_ghats/train/western_ghats_train_00187_t1.npy,data/processed/patches/western_ghats/train/western_ghats_train_00187_t2.npy,data/processed/patches/western_ghats/train/western_ghats_train_00187_label.npy,256,12,473,65536,0.72
western_ghats_train_00188,western_ghats,train,data/processed/patches/western_ghats/train/western_ghats_train_00188_t1.npy,data/processed/patches/western_ghats/train/western_ghats_train_00188_t2.npy,data/processed/patches/western_ghats/train/western_ghats_train_00188_label.npy,256,12,390,65536,0.6
western_ghats_train_00189,western_ghats,train,data/processed/patches/western_ghats/train/western_ghats_train_00189_t1.npy,data/processed/patches/western_ghats/train/western_ghats_train_00189_t2.npy,data/processed/patches/western_ghats/train/western_ghats_train_00189_label.npy,256,12,1844,65536,2.81
western_ghats_train_00190,western_ghats,train,data/processed/patches/western_ghats/train/western_ghats_train_00190_t1.npy,data/processed/patches/western_ghats/train/western_ghats_train_00190_t2.npy,data/processed/patches/western_ghats/train/western_ghats_train_00190_label.npy,256,12,941,65536,1.44
western_ghats_train_00191,western_ghats,train,data/processed/patches/western_ghats/train/western_ghats_train_00191_t1.npy,data/processed/patches/western_ghats/train/western_ghats_train_00191_t2.npy,data/processed/patches/western_ghats/train/western_ghats_train_00191_label.npy,256,12,3960,65536,6.04
western_ghats_train_00192,western_ghats,train,data/processed/patches/western_ghats/train/western_ghats_train_00192_t1.npy,data/processed/patches/western_ghats/train/western_ghats_train_00192_t2.npy,data/processed/patches/western_ghats/train/western_ghats_train_00192_label.npy,256,12,1251,65536,1.91
western_ghats_train_00193,western_ghats,train,data/processed/patches/western_ghats/train/western_ghats_train_00193_t1.npy,data/processed/patches/western_ghats/train/western_ghats_train_00193_t2.npy,data/processed/patches/western_ghats/train/western_ghats_train_00193_label.npy,256,12,2030,65536,3.1
western_ghats_train_00194,western_ghats,train,data/processed/patches/western_ghats/train/western_ghats_train_00194_t1.npy,data/processed/patches/western_ghats/train/western_ghats_train_00194_t2.npy,data/processed/patches/western_ghats/train/western_ghats_train_00194_label.npy,256,12,1652,65536,2.52
western_ghats_train_00195,western_ghats,train,data/processed/patches/western_ghats/train/western_ghats_train_00195_t1.npy,data/processed/patches/western_ghats/train/western_ghats_train_00195_t2.npy,data/processed/patches/western_ghats/train/western_ghats_train_00195_label.npy,256,12,789,65536,1.2
western_ghats_train_00196,western_ghats,train,data/processed/patches/western_ghats/train/western_ghats_train_00196_t1.npy,data/processed/patches/western_ghats/train/western_ghats_train_00196_t2.npy,data/processed/patches/western_ghats/train/western_ghats_train_00196_label.npy,256,12,644,65536,0.98
western_ghats_train_00197,western_ghats,train,data/processed/patches/western_ghats/train/western_ghats_train_00197_t1.npy,data/processed/patches/western_ghats/train/western_ghats_train_00197_t2.npy,data/processed/patches/western_ghats/train/western_ghats_train_00197_label.npy,256,12,3394,65536,5.18
western_ghats_train_00198,western_ghats,train,data/processed/patches/western_ghats/train/western_ghats_train_00198_t1.npy,data/processed/patches/western_ghats/train/western_ghats_train_00198_t2.npy,data/processed/patches/western_ghats/train/western_ghats_train_00198_label.npy,256,12,1347,65536,2.06
western_ghats_train_00199,western_ghats,train,data/processed/patches/western_ghats/train/western_ghats_train_00199_t1.npy,data/processed/patches/western_ghats/train/western_ghats_train_00199_t2.npy,data/processed/patches/western_ghats/train/western_ghats_train_00199_label.npy,256,12,690,65536,1.05
western_ghats_train_00200,western_ghats,train,data/processed/patches/western_ghats/train/western_ghats_train_00200_t1.npy,data/processed/patches/western_ghats/train/western_ghats_train_00200_t2.npy,data/processed/patches/western_ghats/train/western_ghats_train_00200_label.npy,256,12,800,65536,1.22
western_ghats_train_00201,western_ghats,train,data/processed/patches/western_ghats/train/western_ghats_train_00201_t1.npy,data/processed/patches/western_ghats/train/western_ghats_train_00201_t2.npy,data/processed/patches/western_ghats/train/western_ghats_train_00201_label.npy,256,12,2926,65536,4.46
western_ghats_train_00202,western_ghats,train,data/processed/patches/western_ghats/train/western_ghats_train_00202_t1.npy,data/processed/patches/western_ghats/train/western_ghats_train_00202_t2.npy,data/processed/patches/western_ghats/train/western_ghats_train_00202_label.npy,256,12,1433,65536,2.19
western_ghats_train_00203,western_ghats,train,data/processed/patches/western_ghats/train/western_ghats_train_00203_t1.npy,data/processed/patches/western_ghats/train/western_ghats_train_00203_t2.npy,data/processed/patches/western_ghats/train/western_ghats_train_00203_label.npy,256,12,1057,65536,1.61
western_ghats_train_00204,western_ghats,train,data/processed/patches/western_ghats/train/western_ghats_train_00204_t1.npy,data/processed/patches/western_ghats/train/western_ghats_train_00204_t2.npy,data/processed/patches/western_ghats/train/western_ghats_train_00204_label.npy,256,12,748,65536,1.14
western_ghats_train_00205,western_ghats,train,data/processed/patches/western_ghats/train/western_ghats_train_00205_t1.npy,data/processed/patches/western_ghats/train/western_ghats_train_00205_t2.npy,data/processed/patches/western_ghats/train/western_ghats_train_00205_label.npy,256,12,1294,65536,1.97
western_ghats_train_00206,western_ghats,train,data/processed/patches/western_ghats/train/western_ghats_train_00206_t1.npy,data/processed/patches/western_ghats/train/western_ghats_train_00206_t2.npy,data/processed/patches/western_ghats/train/western_ghats_train_00206_label.npy,256,12,2023,65536,3.09
western_ghats_train_00207,western_ghats,train,data/processed/patches/western_ghats/train/western_ghats_train_00207_t1.npy,data/processed/patches/western_ghats/train/western_ghats_train_00207_t2.npy,data/processed/patches/western_ghats/train/western_ghats_train_00207_label.npy,256,12,682,65536,1.04
western_ghats_train_00208,western_ghats,train,data/processed/patches/western_ghats/train/western_ghats_train_00208_t1.npy,data/processed/patches/western_ghats/train/western_ghats_train_00208_t2.npy,data/processed/patches/western_ghats/train/western_ghats_train_00208_label.npy,256,12,1282,65536,1.96
western_ghats_train_00209,western_ghats,train,data/processed/patches/western_ghats/train/western_ghats_train_00209_t1.npy,data/processed/patches/western_ghats/train/western_ghats_train_00209_t2.npy,data/processed/patches/western_ghats/train/western_ghats_train_00209_label.npy,256,12,1090,65536,1.66
western_ghats_train_00210,western_ghats,train,data/processed/patches/western_ghats/train/western_ghats_train_00210_t1.npy,data/processed/patches/western_ghats/train/western_ghats_train_00210_t2.npy,data/processed/patches/western_ghats/train/western_ghats_train_00210_label.npy,256,12,575,65536,0.88
western_ghats_train_00211,western_ghats,train,data/processed/patches/western_ghats/train/western_ghats_train_00211_t1.npy,data/processed/patches/western_ghats/train/western_ghats_train_00211_t2.npy,data/processed/patches/western_ghats/train/western_ghats_train_00211_label.npy,256,12,908,65536,1.39
western_ghats_train_00212,western_ghats,train,data/processed/patches/western_ghats/train/western_ghats_train_00212_t1.npy,data/processed/patches/western_ghats/train/western_ghats_train_00212_t2.npy,data/processed/patches/western_ghats/train/western_ghats_train_00212_label.npy,256,12,28656,65536,43.73
western_ghats_train_00213,western_ghats,train,data/processed/patches/western_ghats/train/western_ghats_train_00213_t1.npy,data/processed/patches/western_ghats/train/western_ghats_train_00213_t2.npy,data/processed/patches/western_ghats/train/western_ghats_train_00213_label.npy,256,12,2002,65536,3.05
western_ghats_train_00214,western_ghats,train,data/processed/patches/western_ghats/train/western_ghats_train_00214_t1.npy,data/processed/patches/western_ghats/train/western_ghats_train_00214_t2.npy,data/processed/patches/western_ghats/train/western_ghats_train_00214_label.npy,256,12,585,65536,0.89
western_ghats_train_00215,western_ghats,train,data/processed/patches/western_ghats/train/western_ghats_train_00215_t1.npy,data/processed/patches/western_ghats/train/western_ghats_train_00215_t2.npy,data/processed/patches/western_ghats/train/western_ghats_train_00215_label.npy,256,12,3821,65536,5.83
western_ghats_train_00216,western_ghats,train,data/processed/patches/western_ghats/train/western_ghats_train_00216_t1.npy,data/processed/patches/western_ghats/train/western_ghats_train_00216_t2.npy,data/processed/patches/western_ghats/train/western_ghats_train_00216_label.npy,256,12,501,65536,0.76
western_ghats_train_00217,western_ghats,train,data/processed/patches/western_ghats/train/western_ghats_train_00217_t1.npy,data/processed/patches/western_ghats/train/western_ghats_train_00217_t2.npy,data/processed/patches/western_ghats/train/western_ghats_train_00217_label.npy,256,12,1237,65536,1.89
western_ghats_train_00218,western_ghats,train,data/processed/patches/western_ghats/train/western_ghats_train_00218_t1.npy,data/processed/patches/western_ghats/train/western_ghats_train_00218_t2.npy,data/processed/patches/western_ghats/train/western_ghats_train_00218_label.npy,256,12,2215,65536,3.38
western_ghats_train_00219,western_ghats,train,data/processed/patches/western_ghats/train/western_ghats_train_00219_t1.npy,data/processed/patches/western_ghats/train/western_ghats_train_00219_t2.npy,data/processed/patches/western_ghats/train/western_ghats_train_00219_label.npy,256,12,3651,65536,5.57
western_ghats_train_00220,western_ghats,train,data/processed/patches/western_ghats/train/western_ghats_train_00220_t1.npy,data/processed/patches/western_ghats/train/western_ghats_train_00220_t2.npy,data/processed/patches/western_ghats/train/western_ghats_train_00220_label.npy,256,12,379,65536,0.58
western_ghats_train_00221,western_ghats,train,data/processed/patches/western_ghats/train/western_ghats_train_00221_t1.npy,data/processed/patches/western_ghats/train/western_ghats_train_00221_t2.npy,data/processed/patches/western_ghats/train/western_ghats_train_00221_label.npy,256,12,766,65536,1.17
western_ghats_train_00222,western_ghats,train,data/processed/patches/western_ghats/train/western_ghats_train_00222_t1.npy,data/processed/patches/western_ghats/train/western_ghats_train_00222_t2.npy,data/processed/patches/western_ghats/train/western_ghats_train_00222_label.npy,256,12,1506,65536,2.3
western_ghats_train_00223,western_ghats,train,data/processed/patches/western_ghats/train/western_ghats_train_00223_t1.npy,data/processed/patches/western_ghats/train/western_ghats_train_00223_t2.npy,data/processed/patches/western_ghats/train/western_ghats_train_00223_label.npy,256,12,30273,65536,46.19
western_ghats_train_00224,western_ghats,train,data/processed/patches/western_ghats/train/western_ghats_train_00224_t1.npy,data/processed/patches/western_ghats/train/western_ghats_train_00224_t2.npy,data/processed/patches/western_ghats/train/western_ghats_train_00224_label.npy,256,12,1338,65536,2.04
western_ghats_train_00225,western_ghats,train,data/processed/patches/western_ghats/train/western_ghats_train_00225_t1.npy,data/processed/patches/western_ghats/train/western_ghats_train_00225_t2.npy,data/processed/patches/western_ghats/train/western_ghats_train_00225_label.npy,256,12,632,65536,0.96
western_ghats_train_00226,western_ghats,train,data/processed/patches/western_ghats/train/western_ghats_train_00226_t1.npy,data/processed/patches/western_ghats/train/western_ghats_train_00226_t2.npy,data/processed/patches/western_ghats/train/western_ghats_train_00226_label.npy,256,12,219,65536,0.33
western_ghats_train_00227,western_ghats,train,data/processed/patches/western_ghats/train/western_ghats_train_00227_t1.npy,data/processed/patches/western_ghats/train/western_ghats_train_00227_t2.npy,data/processed/patches/western_ghats/train/western_ghats_train_00227_label.npy,256,12,1902,65536,2.9
western_ghats_train_00228,western_ghats,train,data/processed/patches/western_ghats/train/western_ghats_train_00228_t1.npy,data/processed/patches/western_ghats/train/western_ghats_train_00228_t2.npy,data/processed/patches/western_ghats/train/western_ghats_train_00228_label.npy,256,12,3206,65536,4.89
western_ghats_train_00229,western_ghats,train,data/processed/patches/western_ghats/train/western_ghats_train_00229_t1.npy,data/processed/patches/western_ghats/train/western_ghats_train_00229_t2.npy,data/processed/patches/western_ghats/train/western_ghats_train_00229_label.npy,256,12,1223,65536,1.87
western_ghats_train_00230,western_ghats,train,data/processed/patches/western_ghats/train/western_ghats_train_00230_t1.npy,data/processed/patches/western_ghats/train/western_ghats_train_00230_t2.npy,data/processed/patches/western_ghats/train/western_ghats_train_00230_label.npy,256,12,948,65536,1.45
western_ghats_train_00231,western_ghats,train,data/processed/patches/western_ghats/train/western_ghats_train_00231_t1.npy,data/processed/patches/western_ghats/train/western_ghats_train_00231_t2.npy,data/processed/patches/western_ghats/train/western_ghats_train_00231_label.npy,256,12,732,65536,1.12
western_ghats_train_00232,western_ghats,train,data/processed/patches/western_ghats/train/western_ghats_train_00232_t1.npy,data/processed/patches/western_ghats/train/western_ghats_train_00232_t2.npy,data/processed/patches/western_ghats/train/western_ghats_train_00232_label.npy,256,12,1107,65536,1.69
western_ghats_train_00233,western_ghats,train,data/processed/patches/western_ghats/train/western_ghats_train_00233_t1.npy,data/processed/patches/western_ghats/train/western_ghats_train_00233_t2.npy,data/processed/patches/western_ghats/train/western_ghats_train_00233_label.npy,256,12,1516,65536,2.31
western_ghats_train_00234,western_ghats,train,data/processed/patches/western_ghats/train/western_ghats_train_00234_t1.npy,data/processed/patches/western_ghats/train/western_ghats_train_00234_t2.npy,data/processed/patches/western_ghats/train/western_ghats_train_00234_label.npy,256,12,16417,65536,25.05
western_ghats_train_00235,western_ghats,train,data/processed/patches/western_ghats/train/western_ghats_train_00235_t1.npy,data/processed/patches/western_ghats/train/western_ghats_train_00235_t2.npy,data/processed/patches/western_ghats/train/western_ghats_train_00235_label.npy,256,12,4469,65536,6.82
western_ghats_train_00236,western_ghats,train,data/processed/patches/western_ghats/train/western_ghats_train_00236_t1.npy,data/processed/patches/western_ghats/train/western_ghats_train_00236_t2.npy,data/processed/patches/western_ghats/train/western_ghats_train_00236_label.npy,256,12,751,65536,1.15
western_ghats_train_00237,western_ghats,train,data/processed/patches/western_ghats/train/western_ghats_train_00237_t1.npy,data/processed/patches/western_ghats/train/western_ghats_train_00237_t2.npy,data/processed/patches/western_ghats/train/western_ghats_train_00237_label.npy,256,12,1032,65536,1.57
western_ghats_train_00238,western_ghats,train,data/processed/patches/western_ghats/train/western_ghats_train_00238_t1.npy,data/processed/patches/western_ghats/train/western_ghats_train_00238_t2.npy,data/processed/patches/western_ghats/train/western_ghats_train_00238_label.npy,256,12,1727,65536,2.64
western_ghats_train_00239,western_ghats,train,data/processed/patches/western_ghats/train/western_ghats_train_00239_t1.npy,data/processed/patches/western_ghats/train/western_ghats_train_00239_t2.npy,data/processed/patches/western_ghats/train/western_ghats_train_00239_label.npy,256,12,1561,65536,2.38
western_ghats_train_00240,western_ghats,train,data/processed/patches/western_ghats/train/western_ghats_train_00240_t1.npy,data/processed/patches/western_ghats/train/western_ghats_train_00240_t2.npy,data/processed/patches/western_ghats/train/western_ghats_train_00240_label.npy,256,12,891,65536,1.36
western_ghats_train_00241,western_ghats,train,data/processed/patches/western_ghats/train/western_ghats_train_00241_t1.npy,data/processed/patches/western_ghats/train/western_ghats_train_00241_t2.npy,data/processed/patches/western_ghats/train/western_ghats_train_00241_label.npy,256,12,614,65536,0.94
western_ghats_train_00242,western_ghats,train,data/processed/patches/western_ghats/train/western_ghats_train_00242_t1.npy,data/processed/patches/western_ghats/train/western_ghats_train_00242_t2.npy,data/processed/patches/western_ghats/train/western_ghats_train_00242_label.npy,256,12,980,65536,1.5
western_ghats_train_00243,western_ghats,train,data/processed/patches/western_ghats/train/western_ghats_train_00243_t1.npy,data/processed/patches/western_ghats/train/western_ghats_train_00243_t2.npy,data/processed/patches/western_ghats/train/western_ghats_train_00243_label.npy,256,12,422,65536,0.64
western_ghats_train_00244,western_ghats,train,data/processed/patches/western_ghats/train/western_ghats_train_00244_t1.npy,data/processed/patches/western_ghats/train/western_ghats_train_00244_t2.npy,data/processed/patches/western_ghats/train/western_ghats_train_00244_label.npy,256,12,1456,65536,2.22
western_ghats_train_00245,western_ghats,train,data/processed/patches/western_ghats/train/western_ghats_train_00245_t1.npy,data/processed/patches/western_ghats/train/western_ghats_train_00245_t2.npy,data/processed/patches/western_ghats/train/western_ghats_train_00245_label.npy,256,12,939,65536,1.43
western_ghats_train_00246,western_ghats,train,data/processed/patches/western_ghats/train/western_ghats_train_00246_t1.npy,data/processed/patches/western_ghats/train/western_ghats_train_00246_t2.npy,data/processed/patches/western_ghats/train/western_ghats_train_00246_label.npy,256,12,1210,65536,1.85
western_ghats_train_00247,western_ghats,train,data/processed/patches/western_ghats/train/western_ghats_train_00247_t1.npy,data/processed/patches/western_ghats/train/western_ghats_train_00247_t2.npy,data/processed/patches/western_ghats/train/western_ghats_train_00247_label.npy,256,12,909,65536,1.39
western_ghats_train_00248,western_ghats,train,data/processed/patches/western_ghats/train/western_ghats_train_00248_t1.npy,data/processed/patches/western_ghats/train/western_ghats_train_00248_t2.npy,data/processed/patches/western_ghats/train/western_ghats_train_00248_label.npy,256,12,384,65536,0.59
western_ghats_train_00249,western_ghats,train,data/processed/patches/western_ghats/train/western_ghats_train_00249_t1.npy,data/processed/patches/western_ghats/train/western_ghats_train_00249_t2.npy,data/processed/patches/western_ghats/train/western_ghats_train_00249_label.npy,256,12,761,65536,1.16
western_ghats_train_00250,western_ghats,train,data/processed/patches/western_ghats/train/western_ghats_train_00250_t1.npy,data/processed/patches/western_ghats/train/western_ghats_train_00250_t2.npy,data/processed/patches/western_ghats/train/western_ghats_train_00250_label.npy,256,12,217,65536,0.33
western_ghats_train_00251,western_ghats,train,data/processed/patches/western_ghats/train/western_ghats_train_00251_t1.npy,data/processed/patches/western_ghats/train/western_ghats_train_00251_t2.npy,data/processed/patches/western_ghats/train/western_ghats_train_00251_label.npy,256,12,2013,65536,3.07
western_ghats_train_00252,western_ghats,train,data/processed/patches/western_ghats/train/western_ghats_train_00252_t1.npy,data/processed/patches/western_ghats/train/western_ghats_train_00252_t2.npy,data/processed/patches/western_ghats/train/western_ghats_train_00252_label.npy,256,12,1734,65536,2.65
western_ghats_train_00253,western_ghats,train,data/processed/patches/western_ghats/train/western_ghats_train_00253_t1.npy,data/processed/patches/western_ghats/train/western_ghats_train_00253_t2.npy,data/processed/patches/western_ghats/train/western_ghats_train_00253_label.npy,256,12,470,65536,0.72
western_ghats_train_00254,western_ghats,train,data/processed/patches/western_ghats/train/western_ghats_train_00254_t1.npy,data/processed/patches/western_ghats/train/western_ghats_train_00254_t2.npy,data/processed/patches/western_ghats/train/western_ghats_train_00254_label.npy,256,12,562,65536,0.86
western_ghats_train_00255,western_ghats,train,data/processed/patches/western_ghats/train/western_ghats_train_00255_t1.npy,data/processed/patches/western_ghats/train/western_ghats_train_00255_t2.npy,data/processed/patches/western_ghats/train/western_ghats_train_00255_label.npy,256,12,1837,65536,2.8
western_ghats_train_00256,western_ghats,train,data/processed/patches/western_ghats/train/western_ghats_train_00256_t1.npy,data/processed/patches/western_ghats/train/western_ghats_train_00256_t2.npy,data/processed/patches/western_ghats/train/western_ghats_train_00256_label.npy,256,12,652,65536,0.99
western_ghats_train_00257,western_ghats,train,data/processed/patches/western_ghats/train/western_ghats_train_00257_t1.npy,data/processed/patches/western_ghats/train/western_ghats_train_00257_t2.npy,data/processed/patches/western_ghats/train/western_ghats_train_00257_label.npy,256,12,1974,65536,3.01
western_ghats_train_00258,western_ghats,train,data/processed/patches/western_ghats/train/western_ghats_train_00258_t1.npy,data/processed/patches/western_ghats/train/western_ghats_train_00258_t2.npy,data/processed/patches/western_ghats/train/western_ghats_train_00258_label.npy,256,12,4778,65536,7.29
western_ghats_train_00259,western_ghats,train,data/processed/patches/western_ghats/train/western_ghats_train_00259_t1.npy,data/processed/patches/western_ghats/train/western_ghats_train_00259_t2.npy,data/processed/patches/western_ghats/train/western_ghats_train_00259_label.npy,256,12,985,65536,1.5
western_ghats_train_00260,western_ghats,train,data/processed/patches/western_ghats/train/western_ghats_train_00260_t1.npy,data/processed/patches/western_ghats/train/western_ghats_train_00260_t2.npy,data/processed/patches/western_ghats/train/western_ghats_train_00260_label.npy,256,12,2012,65536,3.07
western_ghats_train_00261,western_ghats,train,data/processed/patches/western_ghats/train/western_ghats_train_00261_t1.npy,data/processed/patches/western_ghats/train/western_ghats_train_00261_t2.npy,data/processed/patches/western_ghats/train/western_ghats_train_00261_label.npy,256,12,1013,65536,1.55
western_ghats_train_00262,western_ghats,train,data/processed/patches/western_ghats/train/western_ghats_train_00262_t1.npy,data/processed/patches/western_ghats/train/western_ghats_train_00262_t2.npy,data/processed/patches/western_ghats/train/western_ghats_train_00262_label.npy,256,12,18218,65536,27.8
western_ghats_train_00263,western_ghats,train,data/processed/patches/western_ghats/train/western_ghats_train_00263_t1.npy,data/processed/patches/western_ghats/train/western_ghats_train_00263_t2.npy,data/processed/patches/western_ghats/train/western_ghats_train_00263_label.npy,256,12,1864,65536,2.84
western_ghats_train_00264,western_ghats,train,data/processed/patches/western_ghats/train/western_ghats_train_00264_t1.npy,data/processed/patches/western_ghats/train/western_ghats_train_00264_t2.npy,data/processed/patches/western_ghats/train/western_ghats_train_00264_label.npy,256,12,336,65536,0.51
western_ghats_train_00265,western_ghats,train,data/processed/patches/western_ghats/train/western_ghats_train_00265_t1.npy,data/processed/patches/western_ghats/train/western_ghats_train_00265_t2.npy,data/processed/patches/western_ghats/train/western_ghats_train_00265_label.npy,256,12,1685,65536,2.57
western_ghats_train_00266,western_ghats,train,data/processed/patches/western_ghats/train/western_ghats_train_00266_t1.npy,data/processed/patches/western_ghats/train/western_ghats_train_00266_t2.npy,data/processed/patches/western_ghats/train/western_ghats_train_00266_label.npy,256,12,9252,65536,14.12
western_ghats_train_00267,western_ghats,train,data/processed/patches/western_ghats/train/western_ghats_train_00267_t1.npy,data/processed/patches/western_ghats/train/western_ghats_train_00267_t2.npy,data/processed/patches/western_ghats/train/western_ghats_train_00267_label.npy,256,12,1838,65536,2.8
western_ghats_train_00268,western_ghats,train,data/processed/patches/western_ghats/train/western_ghats_train_00268_t1.npy,data/processed/patches/western_ghats/train/western_ghats_train_00268_t2.npy,data/processed/patches/western_ghats/train/western_ghats_train_00268_label.npy,256,12,440,65536,0.67
western_ghats_train_00269,western_ghats,train,data/processed/patches/western_ghats/train/western_ghats_train_00269_t1.npy,data/processed/patches/western_ghats/train/western_ghats_train_00269_t2.npy,data/processed/patches/western_ghats/train/western_ghats_train_00269_label.npy,256,12,2558,65536,3.9
western_ghats_train_00270,western_ghats,train,data/processed/patches/western_ghats/train/western_ghats_train_00270_t1.npy,data/processed/patches/western_ghats/train/western_ghats_train_00270_t2.npy,data/processed/patches/western_ghats/train/western_ghats_train_00270_label.npy,256,12,1607,65536,2.45
western_ghats_train_00271,western_ghats,train,data/processed/patches/western_ghats/train/western_ghats_train_00271_t1.npy,data/processed/patches/western_ghats/train/western_ghats_train_00271_t2.npy,data/processed/patches/western_ghats/train/western_ghats_train_00271_label.npy,256,12,2550,65536,3.89
western_ghats_train_00272,western_ghats,train,data/processed/patches/western_ghats/train/western_ghats_train_00272_t1.npy,data/processed/patches/western_ghats/train/western_ghats_train_00272_t2.npy,data/processed/patches/western_ghats/train/western_ghats_train_00272_label.npy,256,12,674,65536,1.03
western_ghats_train_00273,western_ghats,train,data/processed/patches/western_ghats/train/western_ghats_train_00273_t1.npy,data/processed/patches/western_ghats/train/western_ghats_train_00273_t2.npy,data/processed/patches/western_ghats/train/western_ghats_train_00273_label.npy,256,12,383,65536,0.58
western_ghats_train_00274,western_ghats,train,data/processed/patches/western_ghats/train/western_ghats_train_00274_t1.npy,data/processed/patches/western_ghats/train/western_ghats_train_00274_t2.npy,data/processed/patches/western_ghats/train/western_ghats_train_00274_label.npy,256,12,425,65536,0.65
western_ghats_train_00275,western_ghats,train,data/processed/patches/western_ghats/train/western_ghats_train_00275_t1.npy,data/processed/patches/western_ghats/train/western_ghats_train_00275_t2.npy,data/processed/patches/western_ghats/train/western_ghats_train_00275_label.npy,256,12,1180,65536,1.8
western_ghats_train_00276,western_ghats,train,data/processed/patches/western_ghats/train/western_ghats_train_00276_t1.npy,data/processed/patches/western_ghats/train/western_ghats_train_00276_t2.npy,data/processed/patches/western_ghats/train/western_ghats_train_00276_label.npy,256,12,645,65536,0.98
western_ghats_train_00277,western_ghats,train,data/processed/patches/western_ghats/train/western_ghats_train_00277_t1.npy,data/processed/patches/western_ghats/train/western_ghats_train_00277_t2.npy,data/processed/patches/western_ghats/train/western_ghats_train_00277_label.npy,256,12,1384,65536,2.11
western_ghats_train_00278,western_ghats,train,data/processed/patches/western_ghats/train/western_ghats_train_00278_t1.npy,data/processed/patches/western_ghats/train/western_ghats_train_00278_t2.npy,data/processed/patches/western_ghats/train/western_ghats_train_00278_label.npy,256,12,1822,65536,2.78
western_ghats_train_00279,western_ghats,train,data/processed/patches/western_ghats/train/western_ghats_train_00279_t1.npy,data/processed/patches/western_ghats/train/western_ghats_train_00279_t2.npy,data/processed/patches/western_ghats/train/western_ghats_train_00279_label.npy,256,12,670,65536,1.02
western_ghats_train_00280,western_ghats,train,data/processed/patches/western_ghats/train/western_ghats_train_00280_t1.npy,data/processed/patches/western_ghats/train/western_ghats_train_00280_t2.npy,data/processed/patches/western_ghats/train/western_ghats_train_00280_label.npy,256,12,1730,65536,2.64
western_ghats_train_00281,western_ghats,train,data/processed/patches/western_ghats/train/western_ghats_train_00281_t1.npy,data/processed/patches/western_ghats/train/western_ghats_train_00281_t2.npy,data/processed/patches/western_ghats/train/western_ghats_train_00281_label.npy,256,12,2779,65536,4.24
western_ghats_train_00282,western_ghats,train,data/processed/patches/western_ghats/train/western_ghats_train_00282_t1.npy,data/processed/patches/western_ghats/train/western_ghats_train_00282_t2.npy,data/processed/patches/western_ghats/train/western_ghats_train_00282_label.npy,256,12,2096,65536,3.2
western_ghats_train_00283,western_ghats,train,data/processed/patches/western_ghats/train/western_ghats_train_00283_t1.npy,data/processed/patches/western_ghats/train/western_ghats_train_00283_t2.npy,data/processed/patches/western_ghats/train/western_ghats_train_00283_label.npy,256,12,2548,65536,3.89
western_ghats_train_00284,western_ghats,train,data/processed/patches/western_ghats/train/western_ghats_train_00284_t1.npy,data/processed/patches/western_ghats/train/western_ghats_train_00284_t2.npy,data/processed/patches/western_ghats/train/western_ghats_train_00284_label.npy,256,12,822,65536,1.25
western_ghats_train_00285,western_ghats,train,data/processed/patches/western_ghats/train/western_ghats_train_00285_t1.npy,data/processed/patches/western_ghats/train/western_ghats_train_00285_t2.npy,data/processed/patches/western_ghats/train/western_ghats_train_00285_label.npy,256,12,670,65536,1.02
western_ghats_train_00286,western_ghats,train,data/processed/patches/western_ghats/train/western_ghats_train_00286_t1.npy,data/processed/patches/western_ghats/train/western_ghats_train_00286_t2.npy,data/processed/patches/western_ghats/train/western_ghats_train_00286_label.npy,256,12,5607,65536,8.56
western_ghats_train_00287,western_ghats,train,data/processed/patches/western_ghats/train/western_ghats_train_00287_t1.npy,data/processed/patches/western_ghats/train/western_ghats_train_00287_t2.npy,data/processed/patches/western_ghats/train/western_ghats_train_00287_label.npy,256,12,748,65536,1.14
western_ghats_train_00288,western_ghats,train,data/processed/patches/western_ghats/train/western_ghats_train_00288_t1.npy,data/processed/patches/western_ghats/train/western_ghats_train_00288_t2.npy,data/processed/patches/western_ghats/train/western_ghats_train_00288_label.npy,256,12,1460,65536,2.23
western_ghats_train_00289,western_ghats,train,data/processed/patches/western_ghats/train/western_ghats_train_00289_t1.npy,data/processed/patches/western_ghats/train/western_ghats_train_00289_t2.npy,data/processed/patches/western_ghats/train/western_ghats_train_00289_label.npy,256,12,500,65536,0.76
western_ghats_train_00290,western_ghats,train,data/processed/patches/western_ghats/train/western_ghats_train_00290_t1.npy,data/processed/patches/western_ghats/train/western_ghats_train_00290_t2.npy,data/processed/patches/western_ghats/train/western_ghats_train_00290_label.npy,256,12,1837,65536,2.8
western_ghats_train_00291,western_ghats,train,data/processed/patches/western_ghats/train/western_ghats_train_00291_t1.npy,data/processed/patches/western_ghats/train/western_ghats_train_00291_t2.npy,data/processed/patches/western_ghats/train/western_ghats_train_00291_label.npy,256,12,712,65536,1.09
western_ghats_train_00292,western_ghats,train,data/processed/patches/western_ghats/train/western_ghats_train_00292_t1.npy,data/processed/patches/western_ghats/train/western_ghats_train_00292_t2.npy,data/processed/patches/western_ghats/train/western_ghats_train_00292_label.npy,256,12,13697,65536,20.9
western_ghats_train_00293,western_ghats,train,data/processed/patches/western_ghats/train/western_ghats_train_00293_t1.npy,data/processed/patches/western_ghats/train/western_ghats_train_00293_t2.npy,data/processed/patches/western_ghats/train/western_ghats_train_00293_label.npy,256,12,1405,65536,2.14
western_ghats_train_00294,western_ghats,train,data/processed/patches/western_ghats/train/western_ghats_train_00294_t1.npy,data/processed/patches/western_ghats/train/western_ghats_train_00294_t2.npy,data/processed/patches/western_ghats/train/western_ghats_train_00294_label.npy,256,12,1841,65536,2.81
western_ghats_train_00295,western_ghats,train,data/processed/patches/western_ghats/train/western_ghats_train_00295_t1.npy,data/processed/patches/western_ghats/train/western_ghats_train_00295_t2.npy,data/processed/patches/western_ghats/train/western_ghats_train_00295_label.npy,256,12,557,65536,0.85
western_ghats_train_00296,western_ghats,train,data/processed/patches/western_ghats/train/western_ghats_train_00296_t1.npy,data/processed/patches/western_ghats/train/western_ghats_train_00296_t2.npy,data/processed/patches/western_ghats/train/western_ghats_train_00296_label.npy,256,12,5687,65536,8.68
western_ghats_train_00297,western_ghats,train,data/processed/patches/western_ghats/train/western_ghats_train_00297_t1.npy,data/processed/patches/western_ghats/train/western_ghats_train_00297_t2.npy,data/processed/patches/western_ghats/train/western_ghats_train_00297_label.npy,256,12,1130,65536,1.72
western_ghats_train_00298,western_ghats,train,data/processed/patches/western_ghats/train/western_ghats_train_00298_t1.npy,data/processed/patches/western_ghats/train/western_ghats_train_00298_t2.npy,data/processed/patches/western_ghats/train/western_ghats_train_00298_label.npy,256,12,82,65536,0.13
western_ghats_train_00299,western_ghats,train,data/processed/patches/western_ghats/train/western_ghats_train_00299_t1.npy,data/processed/patches/western_ghats/train/western_ghats_train_00299_t2.npy,data/processed/patches/western_ghats/train/western_ghats_train_00299_label.npy,256,12,248,65536,0.38
western_ghats_train_00300,western_ghats,train,data/processed/patches/western_ghats/train/western_ghats_train_00300_t1.npy,data/processed/patches/western_ghats/train/western_ghats_train_00300_t2.npy,data/processed/patches/western_ghats/train/western_ghats_train_00300_label.npy,256,12,28424,65536,43.37
western_ghats_train_00301,western_ghats,train,data/processed/patches/western_ghats/train/western_ghats_train_00301_t1.npy,data/processed/patches/western_ghats/train/western_ghats_train_00301_t2.npy,data/processed/patches/western_ghats/train/western_ghats_train_00301_label.npy,256,12,1028,65536,1.57
western_ghats_train_00302,western_ghats,train,data/processed/patches/western_ghats/train/western_ghats_train_00302_t1.npy,data/processed/patches/western_ghats/train/western_ghats_train_00302_t2.npy,data/processed/patches/western_ghats/train/western_ghats_train_00302_label.npy,256,12,2691,65536,4.11
western_ghats_train_00303,western_ghats,train,data/processed/patches/western_ghats/train/western_ghats_train_00303_t1.npy,data/processed/patches/western_ghats/train/western_ghats_train_00303_t2.npy,data/processed/patches/western_ghats/train/western_ghats_train_00303_label.npy,256,12,1424,65536,2.17
western_ghats_train_00304,western_ghats,train,data/processed/patches/western_ghats/train/western_ghats_train_00304_t1.npy,data/processed/patches/western_ghats/train/western_ghats_train_00304_t2.npy,data/processed/patches/western_ghats/train/western_ghats_train_00304_label.npy,256,12,15017,65536,22.91
western_ghats_train_00305,western_ghats,train,data/processed/patches/western_ghats/train/western_ghats_train_00305_t1.npy,data/processed/patches/western_ghats/train/western_ghats_train_00305_t2.npy,data/processed/patches/western_ghats/train/western_ghats_train_00305_label.npy,256,12,631,65536,0.96
western_ghats_train_00306,western_ghats,train,data/processed/patches/western_ghats/train/western_ghats_train_00306_t1.npy,data/processed/patches/western_ghats/train/western_ghats_train_00306_t2.npy,data/processed/patches/western_ghats/train/western_ghats_train_00306_label.npy,256,12,2304,65536,3.52
western_ghats_train_00307,western_ghats,train,data/processed/patches/western_ghats/train/western_ghats_train_00307_t1.npy,data/processed/patches/western_ghats/train/western_ghats_train_00307_t2.npy,data/processed/patches/western_ghats/train/western_ghats_train_00307_label.npy,256,12,14525,65536,22.16
western_ghats_train_00308,western_ghats,train,data/processed/patches/western_ghats/train/western_ghats_train_00308_t1.npy,data/processed/patches/western_ghats/train/western_ghats_train_00308_t2.npy,data/processed/patches/western_ghats/train/western_ghats_train_00308_label.npy,256,12,7260,65536,11.08
western_ghats_train_00309,western_ghats,train,data/processed/patches/western_ghats/train/western_ghats_train_00309_t1.npy,data/processed/patches/western_ghats/train/western_ghats_train_00309_t2.npy,data/processed/patches/western_ghats/train/western_ghats_train_00309_label.npy,256,12,1432,65536,2.19
western_ghats_train_00310,western_ghats,train,data/processed/patches/western_ghats/train/western_ghats_train_00310_t1.npy,data/processed/patches/western_ghats/train/western_ghats_train_00310_t2.npy,data/processed/patches/western_ghats/train/western_ghats_train_00310_label.npy,256,12,4128,65536,6.3
western_ghats_train_00311,western_ghats,train,data/processed/patches/western_ghats/train/western_ghats_train_00311_t1.npy,data/processed/patches/western_ghats/train/western_ghats_train_00311_t2.npy,data/processed/patches/western_ghats/train/western_ghats_train_00311_label.npy,256,12,1969,65536,3.0
western_ghats_train_00312,western_ghats,train,data/processed/patches/western_ghats/train/western_ghats_train_00312_t1.npy,data/processed/patches/western_ghats/train/western_ghats_train_00312_t2.npy,data/processed/patches/western_ghats/train/western_ghats_train_00312_label.npy,256,12,1366,65536,2.08
western_ghats_train_00313,western_ghats,train,data/processed/patches/western_ghats/train/western_ghats_train_00313_t1.npy,data/processed/patches/western_ghats/train/western_ghats_train_00313_t2.npy,data/processed/patches/western_ghats/train/western_ghats_train_00313_label.npy,256,12,807,65536,1.23
western_ghats_train_00314,western_ghats,train,data/processed/patches/western_ghats/train/western_ghats_train_00314_t1.npy,data/processed/patches/western_ghats/train/western_ghats_train_00314_t2.npy,data/processed/patches/western_ghats/train/western_ghats_train_00314_label.npy,256,12,22771,65536,34.75
western_ghats_train_00315,western_ghats,train,data/processed/patches/western_ghats/train/western_ghats_train_00315_t1.npy,data/processed/patches/western_ghats/train/western_ghats_train_00315_t2.npy,data/processed/patches/western_ghats/train/western_ghats_train_00315_label.npy,256,12,853,65536,1.3
western_ghats_train_00316,western_ghats,train,data/processed/patches/western_ghats/train/western_ghats_train_00316_t1.npy,data/processed/patches/western_ghats/train/western_ghats_train_00316_t2.npy,data/processed/patches/western_ghats/train/western_ghats_train_00316_label.npy,256,12,657,65536,1.0
western_ghats_train_00317,western_ghats,train,data/processed/patches/western_ghats/train/western_ghats_train_00317_t1.npy,data/processed/patches/western_ghats/train/western_ghats_train_00317_t2.npy,data/processed/patches/western_ghats/train/western_ghats_train_00317_label.npy,256,12,1829,65536,2.79
western_ghats_train_00318,western_ghats,train,data/processed/patches/western_ghats/train/western_ghats_train_00318_t1.npy,data/processed/patches/western_ghats/train/western_ghats_train_00318_t2.npy,data/processed/patches/western_ghats/train/western_ghats_train_00318_label.npy,256,12,99,65536,0.15
western_ghats_train_00319,western_ghats,train,data/processed/patches/western_ghats/train/western_ghats_train_00319_t1.npy,data/processed/patches/western_ghats/train/western_ghats_train_00319_t2.npy,data/processed/patches/western_ghats/train/western_ghats_train_00319_label.npy,256,12,1256,65536,1.92
western_ghats_train_00320,western_ghats,train,data/processed/patches/western_ghats/train/western_ghats_train_00320_t1.npy,data/processed/patches/western_ghats/train/western_ghats_train_00320_t2.npy,data/processed/patches/western_ghats/train/western_ghats_train_00320_label.npy,256,12,89,65536,0.14
western_ghats_train_00321,western_ghats,train,data/processed/patches/western_ghats/train/western_ghats_train_00321_t1.npy,data/processed/patches/western_ghats/train/western_ghats_train_00321_t2.npy,data/processed/patches/western_ghats/train/western_ghats_train_00321_label.npy,256,12,1187,65536,1.81
western_ghats_train_00322,western_ghats,train,data/processed/patches/western_ghats/train/western_ghats_train_00322_t1.npy,data/processed/patches/western_ghats/train/western_ghats_train_00322_t2.npy,data/processed/patches/western_ghats/train/western_ghats_train_00322_label.npy,256,12,691,65536,1.05
western_ghats_train_00323,western_ghats,train,data/processed/patches/western_ghats/train/western_ghats_train_00323_t1.npy,data/processed/patches/western_ghats/train/western_ghats_train_00323_t2.npy,data/processed/patches/western_ghats/train/western_ghats_train_00323_label.npy,256,12,1539,65536,2.35
western_ghats_train_00324,western_ghats,train,data/processed/patches/western_ghats/train/western_ghats_train_00324_t1.npy,data/processed/patches/western_ghats/train/western_ghats_train_00324_t2.npy,data/processed/patches/western_ghats/train/western_ghats_train_00324_label.npy,256,12,2459,65536,3.75
western_ghats_train_00325,western_ghats,train,data/processed/patches/western_ghats/train/western_ghats_train_00325_t1.npy,data/processed/patches/western_ghats/train/western_ghats_train_00325_t2.npy,data/processed/patches/western_ghats/train/western_ghats_train_00325_label.npy,256,12,5347,65536,8.16
western_ghats_train_00326,western_ghats,train,data/processed/patches/western_ghats/train/western_ghats_train_00326_t1.npy,data/processed/patches/western_ghats/train/western_ghats_train_00326_t2.npy,data/processed/patches/western_ghats/train/western_ghats_train_00326_label.npy,256,12,360,65536,0.55
western_ghats_train_00327,western_ghats,train,data/processed/patches/western_ghats/train/western_ghats_train_00327_t1.npy,data/processed/patches/western_ghats/train/western_ghats_train_00327_t2.npy,data/processed/patches/western_ghats/train/western_ghats_train_00327_label.npy,256,12,2400,65536,3.66
western_ghats_train_00328,western_ghats,train,data/processed/patches/western_ghats/train/western_ghats_train_00328_t1.npy,data/processed/patches/western_ghats/train/western_ghats_train_00328_t2.npy,data/processed/patches/western_ghats/train/western_ghats_train_00328_label.npy,256,12,1884,65536,2.87
western_ghats_train_00329,western_ghats,train,data/processed/patches/western_ghats/train/western_ghats_train_00329_t1.npy,data/processed/patches/western_ghats/train/western_ghats_train_00329_t2.npy,data/processed/patches/western_ghats/train/western_ghats_train_00329_label.npy,256,12,1603,65536,2.45
western_ghats_train_00330,western_ghats,train,data/processed/patches/western_ghats/train/western_ghats_train_00330_t1.npy,data/processed/patches/western_ghats/train/western_ghats_train_00330_t2.npy,data/processed/patches/western_ghats/train/western_ghats_train_00330_label.npy,256,12,5819,65536,8.88
western_ghats_train_00331,western_ghats,train,data/processed/patches/western_ghats/train/western_ghats_train_00331_t1.npy,data/processed/patches/western_ghats/train/western_ghats_train_00331_t2.npy,data/processed/patches/western_ghats/train/western_ghats_train_00331_label.npy,256,12,516,65536,0.79
western_ghats_train_00332,western_ghats,train,data/processed/patches/western_ghats/train/western_ghats_train_00332_t1.npy,data/processed/patches/western_ghats/train/western_ghats_train_00332_t2.npy,data/processed/patches/western_ghats/train/western_ghats_train_00332_label.npy,256,12,4921,65536,7.51
western_ghats_train_00333,western_ghats,train,data/processed/patches/western_ghats/train/western_ghats_train_00333_t1.npy,data/processed/patches/western_ghats/train/western_ghats_train_00333_t2.npy,data/processed/patches/western_ghats/train/western_ghats_train_00333_label.npy,256,12,782,65536,1.19
western_ghats_train_00334,western_ghats,train,data/processed/patches/western_ghats/train/western_ghats_train_00334_t1.npy,data/processed/patches/western_ghats/train/western_ghats_train_00334_t2.npy,data/processed/patches/western_ghats/train/western_ghats_train_00334_label.npy,256,12,11758,65536,17.94
western_ghats_train_00335,western_ghats,train,data/processed/patches/western_ghats/train/western_ghats_train_00335_t1.npy,data/processed/patches/western_ghats/train/western_ghats_train_00335_t2.npy,data/processed/patches/western_ghats/train/western_ghats_train_00335_label.npy,256,12,2223,65536,3.39
western_ghats_train_00336,western_ghats,train,data/processed/patches/western_ghats/train/western_ghats_train_00336_t1.npy,data/processed/patches/western_ghats/train/western_ghats_train_00336_t2.npy,data/processed/patches/western_ghats/train/western_ghats_train_00336_label.npy,256,12,2315,65536,3.53
western_ghats_train_00337,western_ghats,train,data/processed/patches/western_ghats/train/western_ghats_train_00337_t1.npy,data/processed/patches/western_ghats/train/western_ghats_train_00337_t2.npy,data/processed/patches/western_ghats/train/western_ghats_train_00337_label.npy,256,12,1544,65536,2.36
western_ghats_train_00338,western_ghats,train,data/processed/patches/western_ghats/train/western_ghats_train_00338_t1.npy,data/processed/patches/western_ghats/train/western_ghats_train_00338_t2.npy,data/processed/patches/western_ghats/train/western_ghats_train_00338_label.npy,256,12,1829,65536,2.79
western_ghats_train_00339,western_ghats,train,data/processed/patches/western_ghats/train/western_ghats_train_00339_t1.npy,data/processed/patches/western_ghats/train/western_ghats_train_00339_t2.npy,data/processed/patches/western_ghats/train/western_ghats_train_00339_label.npy,256,12,457,65536,0.7
western_ghats_train_00340,western_ghats,train,data/processed/patches/western_ghats/train/western_ghats_train_00340_t1.npy,data/processed/patches/western_ghats/train/western_ghats_train_00340_t2.npy,data/processed/patches/western_ghats/train/western_ghats_train_00340_label.npy,256,12,15127,65536,23.08
western_ghats_train_00341,western_ghats,train,data/processed/patches/western_ghats/train/western_ghats_train_00341_t1.npy,data/processed/patches/western_ghats/train/western_ghats_train_00341_t2.npy,data/processed/patches/western_ghats/train/western_ghats_train_00341_label.npy,256,12,757,65536,1.16
western_ghats_train_00342,western_ghats,train,data/processed/patches/western_ghats/train/western_ghats_train_00342_t1.npy,data/processed/patches/western_ghats/train/western_ghats_train_00342_t2.npy,data/processed/patches/western_ghats/train/western_ghats_train_00342_label.npy,256,12,1188,65536,1.81
western_ghats_train_00343,western_ghats,train,data/processed/patches/western_ghats/train/western_ghats_train_00343_t1.npy,data/processed/patches/western_ghats/train/western_ghats_train_00343_t2.npy,data/processed/patches/western_ghats/train/western_ghats_train_00343_label.npy,256,12,359,65536,0.55
western_ghats_train_00344,western_ghats,train,data/processed/patches/western_ghats/train/western_ghats_train_00344_t1.npy,data/processed/patches/western_ghats/train/western_ghats_train_00344_t2.npy,data/processed/patches/western_ghats/train/western_ghats_train_00344_label.npy,256,12,215,65536,0.33
western_ghats_train_00345,western_ghats,train,data/processed/patches/western_ghats/train/western_ghats_train_00345_t1.npy,data/processed/patches/western_ghats/train/western_ghats_train_00345_t2.npy,data/processed/patches/western_ghats/train/western_ghats_train_00345_label.npy,256,12,594,65536,0.91
western_ghats_train_00346,western_ghats,train,data/processed/patches/western_ghats/train/western_ghats_train_00346_t1.npy,data/processed/patches/western_ghats/train/western_ghats_train_00346_t2.npy,data/processed/patches/western_ghats/train/western_ghats_train_00346_label.npy,256,12,247,65536,0.38
western_ghats_train_00347,western_ghats,train,data/processed/patches/western_ghats/train/western_ghats_train_00347_t1.npy,data/processed/patches/western_ghats/train/western_ghats_train_00347_t2.npy,data/processed/patches/western_ghats/train/western_ghats_train_00347_label.npy,256,12,1777,65536,2.71
western_ghats_train_00348,western_ghats,train,data/processed/patches/western_ghats/train/western_ghats_train_00348_t1.npy,data/processed/patches/western_ghats/train/western_ghats_train_00348_t2.npy,data/processed/patches/western_ghats/train/western_ghats_train_00348_label.npy,256,12,3270,65536,4.99
western_ghats_train_00349,western_ghats,train,data/processed/patches/western_ghats/train/western_ghats_train_00349_t1.npy,data/processed/patches/western_ghats/train/western_ghats_train_00349_t2.npy,data/processed/patches/western_ghats/train/western_ghats_train_00349_label.npy,256,12,1101,65536,1.68
western_ghats_train_00350,western_ghats,train,data/processed/patches/western_ghats/train/western_ghats_train_00350_t1.npy,data/processed/patches/western_ghats/train/western_ghats_train_00350_t2.npy,data/processed/patches/western_ghats/train/western_ghats_train_00350_label.npy,256,12,25317,65536,38.63
western_ghats_train_00351,western_ghats,train,data/processed/patches/western_ghats/train/western_ghats_train_00351_t1.npy,data/processed/patches/western_ghats/train/western_ghats_train_00351_t2.npy,data/processed/patches/western_ghats/train/western_ghats_train_00351_label.npy,256,12,1621,65536,2.47
western_ghats_train_00352,western_ghats,train,data/processed/patches/western_ghats/train/western_ghats_train_00352_t1.npy,data/processed/patches/western_ghats/train/western_ghats_train_00352_t2.npy,data/processed/patches/western_ghats/train/western_ghats_train_00352_label.npy,256,12,620,65536,0.95
western_ghats_train_00353,western_ghats,train,data/processed/patches/western_ghats/train/western_ghats_train_00353_t1.npy,data/processed/patches/western_ghats/train/western_ghats_train_00353_t2.npy,data/processed/patches/western_ghats/train/western_ghats_train_00353_label.npy,256,12,1877,65536,2.86
western_ghats_train_00354,western_ghats,train,data/processed/patches/western_ghats/train/western_ghats_train_00354_t1.npy,data/processed/patches/western_ghats/train/western_ghats_train_00354_t2.npy,data/processed/patches/western_ghats/train/western_ghats_train_00354_label.npy,256,12,913,65536,1.39
western_ghats_train_00355,western_ghats,train,data/processed/patches/western_ghats/train/western_ghats_train_00355_t1.npy,data/processed/patches/western_ghats/train/western_ghats_train_00355_t2.npy,data/processed/patches/western_ghats/train/western_ghats_train_00355_label.npy,256,12,361,65536,0.55
western_ghats_train_00356,western_ghats,train,data/processed/patches/western_ghats/train/western_ghats_train_00356_t1.npy,data/processed/patches/western_ghats/train/western_ghats_train_00356_t2.npy,data/processed/patches/western_ghats/train/western_ghats_train_00356_label.npy,256,12,136,65536,0.21
western_ghats_train_00357,western_ghats,train,data/processed/patches/western_ghats/train/western_ghats_train_00357_t1.npy,data/processed/patches/western_ghats/train/western_ghats_train_00357_t2.npy,data/processed/patches/western_ghats/train/western_ghats_train_00357_label.npy,256,12,19828,65536,30.26
western_ghats_train_00358,western_ghats,train,data/processed/patches/western_ghats/train/western_ghats_train_00358_t1.npy,data/processed/patches/western_ghats/train/western_ghats_train_00358_t2.npy,data/processed/patches/western_ghats/train/western_ghats_train_00358_label.npy,256,12,8434,65536,12.87
western_ghats_train_00359,western_ghats,train,data/processed/patches/western_ghats/train/western_ghats_train_00359_t1.npy,data/processed/patches/western_ghats/train/western_ghats_train_00359_t2.npy,data/processed/patches/western_ghats/train/western_ghats_train_00359_label.npy,256,12,1134,65536,1.73
western_ghats_train_00360,western_ghats,train,data/processed/patches/western_ghats/train/western_ghats_train_00360_t1.npy,data/processed/patches/western_ghats/train/western_ghats_train_00360_t2.npy,data/processed/patches/western_ghats/train/western_ghats_train_00360_label.npy,256,12,693,65536,1.06
western_ghats_train_00361,western_ghats,train,data/processed/patches/western_ghats/train/western_ghats_train_00361_t1.npy,data/processed/patches/western_ghats/train/western_ghats_train_00361_t2.npy,data/processed/patches/western_ghats/train/western_ghats_train_00361_label.npy,256,12,480,65536,0.73
western_ghats_train_00362,western_ghats,train,data/processed/patches/western_ghats/train/western_ghats_train_00362_t1.npy,data/processed/patches/western_ghats/train/western_ghats_train_00362_t2.npy,data/processed/patches/western_ghats/train/western_ghats_train_00362_label.npy,256,12,4567,65536,6.97
western_ghats_train_00363,western_ghats,train,data/processed/patches/western_ghats/train/western_ghats_train_00363_t1.npy,data/processed/patches/western_ghats/train/western_ghats_train_00363_t2.npy,data/processed/patches/western_ghats/train/western_ghats_train_00363_label.npy,256,12,521,65536,0.79
western_ghats_train_00364,western_ghats,train,data/processed/patches/western_ghats/train/western_ghats_train_00364_t1.npy,data/processed/patches/western_ghats/train/western_ghats_train_00364_t2.npy,data/processed/patches/western_ghats/train/western_ghats_train_00364_label.npy,256,12,257,65536,0.39
western_ghats_train_00365,western_ghats,train,data/processed/patches/western_ghats/train/western_ghats_train_00365_t1.npy,data/processed/patches/western_ghats/train/western_ghats_train_00365_t2.npy,data/processed/patches/western_ghats/train/western_ghats_train_00365_label.npy,256,12,6461,65536,9.86
western_ghats_train_00366,western_ghats,train,data/processed/patches/western_ghats/train/western_ghats_train_00366_t1.npy,data/processed/patches/western_ghats/train/western_ghats_train_00366_t2.npy,data/processed/patches/western_ghats/train/western_ghats_train_00366_label.npy,256,12,4707,65536,7.18
western_ghats_train_00367,western_ghats,train,data/processed/patches/western_ghats/train/western_ghats_train_00367_t1.npy,data/processed/patches/western_ghats/train/western_ghats_train_00367_t2.npy,data/processed/patches/western_ghats/train/western_ghats_train_00367_label.npy,256,12,973,65536,1.48
western_ghats_train_00368,western_ghats,train,data/processed/patches/western_ghats/train/western_ghats_train_00368_t1.npy,data/processed/patches/western_ghats/train/western_ghats_train_00368_t2.npy,data/processed/patches/western_ghats/train/western_ghats_train_00368_label.npy,256,12,361,65536,0.55
western_ghats_train_00369,western_ghats,train,data/processed/patches/western_ghats/train/western_ghats_train_00369_t1.npy,data/processed/patches/western_ghats/train/western_ghats_train_00369_t2.npy,data/processed/patches/western_ghats/train/western_ghats_train_00369_label.npy,256,12,1597,65536,2.44
western_ghats_train_00370,western_ghats,train,data/processed/patches/western_ghats/train/western_ghats_train_00370_t1.npy,data/processed/patches/western_ghats/train/western_ghats_train_00370_t2.npy,data/processed/patches/western_ghats/train/western_ghats_train_00370_label.npy,256,12,1335,65536,2.04
western_ghats_train_00371,western_ghats,train,data/processed/patches/western_ghats/train/western_ghats_train_00371_t1.npy,data/processed/patches/western_ghats/train/western_ghats_train_00371_t2.npy,data/processed/patches/western_ghats/train/western_ghats_train_00371_label.npy,256,12,1346,65536,2.05
western_ghats_train_00372,western_ghats,train,data/processed/patches/western_ghats/train/western_ghats_train_00372_t1.npy,data/processed/patches/western_ghats/train/western_ghats_train_00372_t2.npy,data/processed/patches/western_ghats/train/western_ghats_train_00372_label.npy,256,12,787,65536,1.2
western_ghats_train_00373,western_ghats,train,data/processed/patches/western_ghats/train/western_ghats_train_00373_t1.npy,data/processed/patches/western_ghats/train/western_ghats_train_00373_t2.npy,data/processed/patches/western_ghats/train/western_ghats_train_00373_label.npy,256,12,528,65536,0.81
western_ghats_train_00374,western_ghats,train,data/processed/patches/western_ghats/train/western_ghats_train_00374_t1.npy,data/processed/patches/western_ghats/train/western_ghats_train_00374_t2.npy,data/processed/patches/western_ghats/train/western_ghats_train_00374_label.npy,256,12,5204,65536,7.94
western_ghats_train_00375,western_ghats,train,data/processed/patches/western_ghats/train/western_ghats_train_00375_t1.npy,data/processed/patches/western_ghats/train/western_ghats_train_00375_t2.npy,data/processed/patches/western_ghats/train/western_ghats_train_00375_label.npy,256,12,946,65536,1.44
western_ghats_train_00376,western_ghats,train,data/processed/patches/western_ghats/train/western_ghats_train_00376_t1.npy,data/processed/patches/western_ghats/train/western_ghats_train_00376_t2.npy,data/processed/patches/western_ghats/train/western_ghats_train_00376_label.npy,256,12,779,65536,1.19
western_ghats_train_00377,western_ghats,train,data/processed/patches/western_ghats/train/western_ghats_train_00377_t1.npy,data/processed/patches/western_ghats/train/western_ghats_train_00377_t2.npy,data/processed/patches/western_ghats/train/western_ghats_train_00377_label.npy,256,12,1562,65536,2.38
western_ghats_train_00378,western_ghats,train,data/processed/patches/western_ghats/train/western_ghats_train_00378_t1.npy,data/processed/patches/western_ghats/train/western_ghats_train_00378_t2.npy,data/processed/patches/western_ghats/train/western_ghats_train_00378_label.npy,256,12,322,65536,0.49
western_ghats_train_00379,western_ghats,train,data/processed/patches/western_ghats/train/western_ghats_train_00379_t1.npy,data/processed/patches/western_ghats/train/western_ghats_train_00379_t2.npy,data/processed/patches/western_ghats/train/western_ghats_train_00379_label.npy,256,12,130,65536,0.2
western_ghats_train_00380,western_ghats,train,data/processed/patches/western_ghats/train/western_ghats_train_00380_t1.npy,data/processed/patches/western_ghats/train/western_ghats_train_00380_t2.npy,data/processed/patches/western_ghats/train/western_ghats_train_00380_label.npy,256,12,1052,65536,1.61
western_ghats_train_00381,western_ghats,train,data/processed/patches/western_ghats/train/western_ghats_train_00381_t1.npy,data/processed/patches/western_ghats/train/western_ghats_train_00381_t2.npy,data/processed/patches/western_ghats/train/western_ghats_train_00381_label.npy,256,12,1937,65536,2.96
western_ghats_train_00382,western_ghats,train,data/processed/patches/western_ghats/train/western_ghats_train_00382_t1.npy,data/processed/patches/western_ghats/train/western_ghats_train_00382_t2.npy,data/processed/patches/western_ghats/train/western_ghats_train_00382_label.npy,256,12,425,65536,0.65
western_ghats_train_00383,western_ghats,train,data/processed/patches/western_ghats/train/western_ghats_train_00383_t1.npy,data/processed/patches/western_ghats/train/western_ghats_train_00383_t2.npy,data/processed/patches/western_ghats/train/western_ghats_train_00383_label.npy,256,12,1686,65536,2.57
western_ghats_train_00384,western_ghats,train,data/processed/patches/western_ghats/train/western_ghats_train_00384_t1.npy,data/processed/patches/western_ghats/train/western_ghats_train_00384_t2.npy,data/processed/patches/western_ghats/train/western_ghats_train_00384_label.npy,256,12,345,65536,0.53
western_ghats_train_00385,western_ghats,train,data/processed/patches/western_ghats/train/western_ghats_train_00385_t1.npy,data/processed/patches/western_ghats/train/western_ghats_train_00385_t2.npy,data/processed/patches/western_ghats/train/western_ghats_train_00385_label.npy,256,12,301,65536,0.46
western_ghats_train_00386,western_ghats,train,data/processed/patches/western_ghats/train/western_ghats_train_00386_t1.npy,data/processed/patches/western_ghats/train/western_ghats_train_00386_t2.npy,data/processed/patches/western_ghats/train/western_ghats_train_00386_label.npy,256,12,915,65536,1.4
western_ghats_train_00387,western_ghats,train,data/processed/patches/western_ghats/train/western_ghats_train_00387_t1.npy,data/processed/patches/western_ghats/train/western_ghats_train_00387_t2.npy,data/processed/patches/western_ghats/train/western_ghats_train_00387_label.npy,256,12,969,65536,1.48
western_ghats_train_00388,western_ghats,train,data/processed/patches/western_ghats/train/western_ghats_train_00388_t1.npy,data/processed/patches/western_ghats/train/western_ghats_train_00388_t2.npy,data/processed/patches/western_ghats/train/western_ghats_train_00388_label.npy,256,12,2544,65536,3.88
western_ghats_train_00389,western_ghats,train,data/processed/patches/western_ghats/train/western_ghats_train_00389_t1.npy,data/processed/patches/western_ghats/train/western_ghats_train_00389_t2.npy,data/processed/patches/western_ghats/train/western_ghats_train_00389_label.npy,256,12,593,65536,0.9
western_ghats_train_00390,western_ghats,train,data/processed/patches/western_ghats/train/western_ghats_train_00390_t1.npy,data/processed/patches/western_ghats/train/western_ghats_train_00390_t2.npy,data/processed/patches/western_ghats/train/western_ghats_train_00390_label.npy,256,12,386,65536,0.59
western_ghats_train_00391,western_ghats,train,data/processed/patches/western_ghats/train/western_ghats_train_00391_t1.npy,data/processed/patches/western_ghats/train/western_ghats_train_00391_t2.npy,data/processed/patches/western_ghats/train/western_ghats_train_00391_label.npy,256,12,1788,65536,2.73
western_ghats_train_00392,western_ghats,train,data/processed/patches/western_ghats/train/western_ghats_train_00392_t1.npy,data/processed/patches/western_ghats/train/western_ghats_train_00392_t2.npy,data/processed/patches/western_ghats/train/western_ghats_train_00392_label.npy,256,12,1558,65536,2.38
western_ghats_train_00393,western_ghats,train,data/processed/patches/western_ghats/train/western_ghats_train_00393_t1.npy,data/processed/patches/western_ghats/train/western_ghats_train_00393_t2.npy,data/processed/patches/western_ghats/train/western_ghats_train_00393_label.npy,256,12,270,65536,0.41
western_ghats_train_00394,western_ghats,train,data/processed/patches/western_ghats/train/western_ghats_train_00394_t1.npy,data/processed/patches/western_ghats/train/western_ghats_train_00394_t2.npy,data/processed/patches/western_ghats/train/western_ghats_train_00394_label.npy,256,12,2555,65536,3.9
western_ghats_train_00395,western_ghats,train,data/processed/patches/western_ghats/train/western_ghats_train_00395_t1.npy,data/processed/patches/western_ghats/train/western_ghats_train_00395_t2.npy,data/processed/patches/western_ghats/train/western_ghats_train_00395_label.npy,256,12,5494,65536,8.38
western_ghats_train_00396,western_ghats,train,data/processed/patches/western_ghats/train/western_ghats_train_00396_t1.npy,data/processed/patches/western_ghats/train/western_ghats_train_00396_t2.npy,data/processed/patches/western_ghats/train/western_ghats_train_00396_label.npy,256,12,1706,65536,2.6
western_ghats_train_00397,western_ghats,train,data/processed/patches/western_ghats/train/western_ghats_train_00397_t1.npy,data/processed/patches/western_ghats/train/western_ghats_train_00397_t2.npy,data/processed/patches/western_ghats/train/western_ghats_train_00397_label.npy,256,12,5843,65536,8.92
western_ghats_train_00398,western_ghats,train,data/processed/patches/western_ghats/train/western_ghats_train_00398_t1.npy,data/processed/patches/western_ghats/train/western_ghats_train_00398_t2.npy,data/processed/patches/western_ghats/train/western_ghats_train_00398_label.npy,256,12,798,65536,1.22
western_ghats_train_00399,western_ghats,train,data/processed/patches/western_ghats/train/western_ghats_train_00399_t1.npy,data/processed/patches/western_ghats/train/western_ghats_train_00399_t2.npy,data/processed/patches/western_ghats/train/western_ghats_train_00399_label.npy,256,12,895,65536,1.37
western_ghats_train_00400,western_ghats,train,data/processed/patches/western_ghats/train/western_ghats_train_00400_t1.npy,data/processed/patches/western_ghats/train/western_ghats_train_00400_t2.npy,data/processed/patches/western_ghats/train/western_ghats_train_00400_label.npy,256,12,865,65536,1.32
western_ghats_train_00401,western_ghats,train,data/processed/patches/western_ghats/train/western_ghats_train_00401_t1.npy,data/processed/patches/western_ghats/train/western_ghats_train_00401_t2.npy,data/processed/patches/western_ghats/train/western_ghats_train_00401_label.npy,256,12,5000,65536,7.63
western_ghats_train_00402,western_ghats,train,data/processed/patches/western_ghats/train/western_ghats_train_00402_t1.npy,data/processed/patches/western_ghats/train/western_ghats_train_00402_t2.npy,data/processed/patches/western_ghats/train/western_ghats_train_00402_label.npy,256,12,11733,65536,17.9
western_ghats_train_00403,western_ghats,train,data/processed/patches/western_ghats/train/western_ghats_train_00403_t1.npy,data/processed/patches/western_ghats/train/western_ghats_train_00403_t2.npy,data/processed/patches/western_ghats/train/western_ghats_train_00403_label.npy,256,12,1259,65536,1.92
western_ghats_train_00404,western_ghats,train,data/processed/patches/western_ghats/train/western_ghats_train_00404_t1.npy,data/processed/patches/western_ghats/train/western_ghats_train_00404_t2.npy,data/processed/patches/western_ghats/train/western_ghats_train_00404_label.npy,256,12,211,65536,0.32
western_ghats_train_00405,western_ghats,train,data/processed/patches/western_ghats/train/western_ghats_train_00405_t1.npy,data/processed/patches/western_ghats/train/western_ghats_train_00405_t2.npy,data/processed/patches/western_ghats/train/western_ghats_train_00405_label.npy,256,12,17110,65536,26.11
western_ghats_train_00406,western_ghats,train,data/processed/patches/western_ghats/train/western_ghats_train_00406_t1.npy,data/processed/patches/western_ghats/train/western_ghats_train_00406_t2.npy,data/processed/patches/western_ghats/train/western_ghats_train_00406_label.npy,256,12,202,65536,0.31
western_ghats_train_00407,western_ghats,train,data/processed/patches/western_ghats/train/western_ghats_train_00407_t1.npy,data/processed/patches/western_ghats/train/western_ghats_train_00407_t2.npy,data/processed/patches/western_ghats/train/western_ghats_train_00407_label.npy,256,12,1316,65536,2.01
western_ghats_train_00408,western_ghats,train,data/processed/patches/western_ghats/train/western_ghats_train_00408_t1.npy,data/processed/patches/western_ghats/train/western_ghats_train_00408_t2.npy,data/processed/patches/western_ghats/train/western_ghats_train_00408_label.npy,256,12,835,65536,1.27
western_ghats_train_00409,western_ghats,train,data/processed/patches/western_ghats/train/western_ghats_train_00409_t1.npy,data/processed/patches/western_ghats/train/western_ghats_train_00409_t2.npy,data/processed/patches/western_ghats/train/western_ghats_train_00409_label.npy,256,12,691,65536,1.05
western_ghats_train_00410,western_ghats,train,data/processed/patches/western_ghats/train/western_ghats_train_00410_t1.npy,data/processed/patches/western_ghats/train/western_ghats_train_00410_t2.npy,data/processed/patches/western_ghats/train/western_ghats_train_00410_label.npy,256,12,1871,65536,2.85
western_ghats_train_00411,western_ghats,train,data/processed/patches/western_ghats/train/western_ghats_train_00411_t1.npy,data/processed/patches/western_ghats/train/western_ghats_train_00411_t2.npy,data/processed/patches/western_ghats/train/western_ghats_train_00411_label.npy,256,12,1198,65536,1.83
western_ghats_train_00412,western_ghats,train,data/processed/patches/western_ghats/train/western_ghats_train_00412_t1.npy,data/processed/patches/western_ghats/train/western_ghats_train_00412_t2.npy,data/processed/patches/western_ghats/train/western_ghats_train_00412_label.npy,256,12,1087,65536,1.66
western_ghats_train_00413,western_ghats,train,data/processed/patches/western_ghats/train/western_ghats_train_00413_t1.npy,data/processed/patches/western_ghats/train/western_ghats_train_00413_t2.npy,data/processed/patches/western_ghats/train/western_ghats_train_00413_label.npy,256,12,577,65536,0.88
western_ghats_train_00414,western_ghats,train,data/processed/patches/western_ghats/train/western_ghats_train_00414_t1.npy,data/processed/patches/western_ghats/train/western_ghats_train_00414_t2.npy,data/processed/patches/western_ghats/train/western_ghats_train_00414_label.npy,256,12,780,65536,1.19
western_ghats_train_00415,western_ghats,train,data/processed/patches/western_ghats/train/western_ghats_train_00415_t1.npy,data/processed/patches/western_ghats/train/western_ghats_train_00415_t2.npy,data/processed/patches/western_ghats/train/western_ghats_train_00415_label.npy,256,12,427,65536,0.65
western_ghats_train_00416,western_ghats,train,data/processed/patches/western_ghats/train/western_ghats_train_00416_t1.npy,data/processed/patches/western_ghats/train/western_ghats_train_00416_t2.npy,data/processed/patches/western_ghats/train/western_ghats_train_00416_label.npy,256,12,783,65536,1.19
western_ghats_train_00417,western_ghats,train,data/processed/patches/western_ghats/train/western_ghats_train_00417_t1.npy,data/processed/patches/western_ghats/train/western_ghats_train_00417_t2.npy,data/processed/patches/western_ghats/train/western_ghats_train_00417_label.npy,256,12,658,65536,1.0
western_ghats_train_00418,western_ghats,train,data/processed/patches/western_ghats/train/western_ghats_train_00418_t1.npy,data/processed/patches/western_ghats/train/western_ghats_train_00418_t2.npy,data/processed/patches/western_ghats/train/western_ghats_train_00418_label.npy,256,12,513,65536,0.78
western_ghats_train_00419,western_ghats,train,data/processed/patches/western_ghats/train/western_ghats_train_00419_t1.npy,data/processed/patches/western_ghats/train/western_ghats_train_00419_t2.npy,data/processed/patches/western_ghats/train/western_ghats_train_00419_label.npy,256,12,34154,65536,52.11
western_ghats_train_00420,western_ghats,train,data/processed/patches/western_ghats/train/western_ghats_train_00420_t1.npy,data/processed/patches/western_ghats/train/western_ghats_train_00420_t2.npy,data/processed/patches/western_ghats/train/western_ghats_train_00420_label.npy,256,12,85,65536,0.13
western_ghats_train_00421,western_ghats,train,data/processed/patches/western_ghats/train/western_ghats_train_00421_t1.npy,data/processed/patches/western_ghats/train/western_ghats_train_00421_t2.npy,data/processed/patches/western_ghats/train/western_ghats_train_00421_label.npy,256,12,1677,65536,2.56
western_ghats_train_00422,western_ghats,train,data/processed/patches/western_ghats/train/western_ghats_train_00422_t1.npy,data/processed/patches/western_ghats/train/western_ghats_train_00422_t2.npy,data/processed/patches/western_ghats/train/western_ghats_train_00422_label.npy,256,12,760,65536,1.16
western_ghats_train_00423,western_ghats,train,data/processed/patches/western_ghats/train/western_ghats_train_00423_t1.npy,data/processed/patches/western_ghats/train/western_ghats_train_00423_t2.npy,data/processed/patches/western_ghats/train/western_ghats_train_00423_label.npy,256,12,15745,65536,24.02
western_ghats_train_00424,western_ghats,train,data/processed/patches/western_ghats/train/western_ghats_train_00424_t1.npy,data/processed/patches/western_ghats/train/western_ghats_train_00424_t2.npy,data/processed/patches/western_ghats/train/western_ghats_train_00424_label.npy,256,12,1451,65536,2.21
western_ghats_train_00425,western_ghats,train,data/processed/patches/western_ghats/train/western_ghats_train_00425_t1.npy,data/processed/patches/western_ghats/train/western_ghats_train_00425_t2.npy,data/processed/patches/western_ghats/train/western_ghats_train_00425_label.npy,256,12,83,65536,0.13
western_ghats_train_00426,western_ghats,train,data/processed/patches/western_ghats/train/western_ghats_train_00426_t1.npy,data/processed/patches/western_ghats/train/western_ghats_train_00426_t2.npy,data/processed/patches/western_ghats/train/western_ghats_train_00426_label.npy,256,12,1368,65536,2.09
western_ghats_train_00427,western_ghats,train,data/processed/patches/western_ghats/train/western_ghats_train_00427_t1.npy,data/processed/patches/western_ghats/train/western_ghats_train_00427_t2.npy,data/processed/patches/western_ghats/train/western_ghats_train_00427_label.npy,256,12,3205,65536,4.89
western_ghats_train_00428,western_ghats,train,data/processed/patches/western_ghats/train/western_ghats_train_00428_t1.npy,data/processed/patches/western_ghats/train/western_ghats_train_00428_t2.npy,data/processed/patches/western_ghats/train/western_ghats_train_00428_label.npy,256,12,1390,65536,2.12
western_ghats_train_00429,western_ghats,train,data/processed/patches/western_ghats/train/western_ghats_train_00429_t1.npy,data/processed/patches/western_ghats/train/western_ghats_train_00429_t2.npy,data/processed/patches/western_ghats/train/western_ghats_train_00429_label.npy,256,12,839,65536,1.28
western_ghats_train_00430,western_ghats,train,data/processed/patches/western_ghats/train/western_ghats_train_00430_t1.npy,data/processed/patches/western_ghats/train/western_ghats_train_00430_t2.npy,data/processed/patches/western_ghats/train/western_ghats_train_00430_label.npy,256,12,2126,65536,3.24
western_ghats_train_00431,western_ghats,train,data/processed/patches/western_ghats/train/western_ghats_train_00431_t1.npy,data/processed/patches/western_ghats/train/western_ghats_train_00431_t2.npy,data/processed/patches/western_ghats/train/western_ghats_train_00431_label.npy,256,12,3276,65536,5.0
western_ghats_train_00432,western_ghats,train,data/processed/patches/western_ghats/train/western_ghats_train_00432_t1.npy,data/processed/patches/western_ghats/train/western_ghats_train_00432_t2.npy,data/processed/patches/western_ghats/train/western_ghats_train_00432_label.npy,256,12,218,65536,0.33
western_ghats_train_00433,western_ghats,train,data/processed/patches/western_ghats/train/western_ghats_train_00433_t1.npy,data/processed/patches/western_ghats/train/western_ghats_train_00433_t2.npy,data/processed/patches/western_ghats/train/western_ghats_train_00433_label.npy,256,12,2581,65536,3.94
western_ghats_train_00434,western_ghats,train,data/processed/patches/western_ghats/train/western_ghats_train_00434_t1.npy,data/processed/patches/western_ghats/train/western_ghats_train_00434_t2.npy,data/processed/patches/western_ghats/train/western_ghats_train_00434_label.npy,256,12,2679,65536,4.09
western_ghats_train_00435,western_ghats,train,data/processed/patches/western_ghats/train/western_ghats_train_00435_t1.npy,data/processed/patches/western_ghats/train/western_ghats_train_00435_t2.npy,data/processed/patches/western_ghats/train/western_ghats_train_00435_label.npy,256,12,2310,65536,3.52
western_ghats_train_00436,western_ghats,train,data/processed/patches/western_ghats/train/western_ghats_train_00436_t1.npy,data/processed/patches/western_ghats/train/western_ghats_train_00436_t2.npy,data/processed/patches/western_ghats/train/western_ghats_train_00436_label.npy,256,12,1197,65536,1.83
western_ghats_val_00000,western_ghats,val,data/processed/patches/western_ghats/val/western_ghats_val_00000_t1.npy,data/processed/patches/western_ghats/val/western_ghats_val_00000_t2.npy,data/processed/patches/western_ghats/val/western_ghats_val_00000_label.npy,256,12,923,65536,1.41
western_ghats_val_00001,western_ghats,val,data/processed/patches/western_ghats/val/western_ghats_val_00001_t1.npy,data/processed/patches/western_ghats/val/western_ghats_val_00001_t2.npy,data/processed/patches/western_ghats/val/western_ghats_val_00001_label.npy,256,12,1547,65536,2.36
western_ghats_val_00002,western_ghats,val,data/processed/patches/western_ghats/val/western_ghats_val_00002_t1.npy,data/processed/patches/western_ghats/val/western_ghats_val_00002_t2.npy,data/processed/patches/western_ghats/val/western_ghats_val_00002_label.npy,256,12,259,65536,0.4
western_ghats_val_00003,western_ghats,val,data/processed/patches/western_ghats/val/western_ghats_val_00003_t1.npy,data/processed/patches/western_ghats/val/western_ghats_val_00003_t2.npy,data/processed/patches/western_ghats/val/western_ghats_val_00003_label.npy,256,12,1051,65536,1.6
western_ghats_val_00004,western_ghats,val,data/processed/patches/western_ghats/val/western_ghats_val_00004_t1.npy,data/processed/patches/western_ghats/val/western_ghats_val_00004_t2.npy,data/processed/patches/western_ghats/val/western_ghats_val_00004_label.npy,256,12,2283,65536,3.48
western_ghats_val_00005,western_ghats,val,data/processed/patches/western_ghats/val/western_ghats_val_00005_t1.npy,data/processed/patches/western_ghats/val/western_ghats_val_00005_t2.npy,data/processed/patches/western_ghats/val/western_ghats_val_00005_label.npy,256,12,13058,65536,19.92
western_ghats_val_00006,western_ghats,val,data/processed/patches/western_ghats/val/western_ghats_val_00006_t1.npy,data/processed/patches/western_ghats/val/western_ghats_val_00006_t2.npy,data/processed/patches/western_ghats/val/western_ghats_val_00006_label.npy,256,12,259,65536,0.4
western_ghats_val_00007,western_ghats,val,data/processed/patches/western_ghats/val/western_ghats_val_00007_t1.npy,data/processed/patches/western_ghats/val/western_ghats_val_00007_t2.npy,data/processed/patches/western_ghats/val/western_ghats_val_00007_label.npy,256,12,3322,65536,5.07
western_ghats_val_00008,western_ghats,val,data/processed/patches/western_ghats/val/western_ghats_val_00008_t1.npy,data/processed/patches/western_ghats/val/western_ghats_val_00008_t2.npy,data/processed/patches/western_ghats/val/western_ghats_val_00008_label.npy,256,12,1844,65536,2.81
western_ghats_val_00009,western_ghats,val,data/processed/patches/western_ghats/val/western_ghats_val_00009_t1.npy,data/processed/patches/western_ghats/val/western_ghats_val_00009_t2.npy,data/processed/patches/western_ghats/val/western_ghats_val_00009_label.npy,256,12,2777,65536,4.24
western_ghats_val_00010,western_ghats,val,data/processed/patches/western_ghats/val/western_ghats_val_00010_t1.npy,data/processed/patches/western_ghats/val/western_ghats_val_00010_t2.npy,data/processed/patches/western_ghats/val/western_ghats_val_00010_label.npy,256,12,2327,65536,3.55
western_ghats_val_00011,western_ghats,val,data/processed/patches/western_ghats/val/western_ghats_val_00011_t1.npy,data/processed/patches/western_ghats/val/western_ghats_val_00011_t2.npy,data/processed/patches/western_ghats/val/western_ghats_val_00011_label.npy,256,12,3191,65536,4.87
western_ghats_val_00012,western_ghats,val,data/processed/patches/western_ghats/val/western_ghats_val_00012_t1.npy,data/processed/patches/western_ghats/val/western_ghats_val_00012_t2.npy,data/processed/patches/western_ghats/val/western_ghats_val_00012_label.npy,256,12,1077,65536,1.64
western_ghats_val_00013,western_ghats,val,data/processed/patches/western_ghats/val/western_ghats_val_00013_t1.npy,data/processed/patches/western_ghats/val/western_ghats_val_00013_t2.npy,data/processed/patches/western_ghats/val/western_ghats_val_00013_label.npy,256,12,2074,65536,3.16
western_ghats_val_00014,western_ghats,val,data/processed/patches/western_ghats/val/western_ghats_val_00014_t1.npy,data/processed/patches/western_ghats/val/western_ghats_val_00014_t2.npy,data/processed/patches/western_ghats/val/western_ghats_val_00014_label.npy,256,12,3288,65536,5.02
western_ghats_val_00015,western_ghats,val,data/processed/patches/western_ghats/val/western_ghats_val_00015_t1.npy,data/processed/patches/western_ghats/val/western_ghats_val_00015_t2.npy,data/processed/patches/western_ghats/val/western_ghats_val_00015_label.npy,256,12,12,65536,0.02
western_ghats_val_00016,western_ghats,val,data/processed/patches/western_ghats/val/western_ghats_val_00016_t1.npy,data/processed/patches/western_ghats/val/western_ghats_val_00016_t2.npy,data/processed/patches/western_ghats/val/western_ghats_val_00016_label.npy,256,12,5363,65536,8.18
western_ghats_val_00017,western_ghats,val,data/processed/patches/western_ghats/val/western_ghats_val_00017_t1.npy,data/processed/patches/western_ghats/val/western_ghats_val_00017_t2.npy,data/processed/patches/western_ghats/val/western_ghats_val_00017_label.npy,256,12,426,65536,0.65
western_ghats_val_00018,western_ghats,val,data/processed/patches/western_ghats/val/western_ghats_val_00018_t1.npy,data/processed/patches/western_ghats/val/western_ghats_val_00018_t2.npy,data/processed/patches/western_ghats/val/western_ghats_val_00018_label.npy,256,12,1943,65536,2.96
western_ghats_val_00019,western_ghats,val,data/processed/patches/western_ghats/val/western_ghats_val_00019_t1.npy,data/processed/patches/western_ghats/val/western_ghats_val_00019_t2.npy,data/processed/patches/western_ghats/val/western_ghats_val_00019_label.npy,256,12,3322,65536,5.07
western_ghats_val_00020,western_ghats,val,data/processed/patches/western_ghats/val/western_ghats_val_00020_t1.npy,data/processed/patches/western_ghats/val/western_ghats_val_00020_t2.npy,data/processed/patches/western_ghats/val/western_ghats_val_00020_label.npy,256,12,378,65536,0.58
western_ghats_val_00021,western_ghats,val,data/processed/patches/western_ghats/val/western_ghats_val_00021_t1.npy,data/processed/patches/western_ghats/val/western_ghats_val_00021_t2.npy,data/processed/patches/western_ghats/val/western_ghats_val_00021_label.npy,256,12,268,65536,0.41
western_ghats_val_00022,western_ghats,val,data/processed/patches/western_ghats/val/western_ghats_val_00022_t1.npy,data/processed/patches/western_ghats/val/western_ghats_val_00022_t2.npy,data/processed/patches/western_ghats/val/western_ghats_val_00022_label.npy,256,12,1273,65536,1.94
western_ghats_val_00023,western_ghats,val,data/processed/patches/western_ghats/val/western_ghats_val_00023_t1.npy,data/processed/patches/western_ghats/val/western_ghats_val_00023_t2.npy,data/processed/patches/western_ghats/val/western_ghats_val_00023_label.npy,256,12,13292,65536,20.28
western_ghats_val_00024,western_ghats,val,data/processed/patches/western_ghats/val/western_ghats_val_00024_t1.npy,data/processed/patches/western_ghats/val/western_ghats_val_00024_t2.npy,data/processed/patches/western_ghats/val/western_ghats_val_00024_label.npy,256,12,1197,65536,1.83
western_ghats_val_00025,western_ghats,val,data/processed/patches/western_ghats/val/western_ghats_val_00025_t1.npy,data/processed/patches/western_ghats/val/western_ghats_val_00025_t2.npy,data/processed/patches/western_ghats/val/western_ghats_val_00025_label.npy,256,12,972,65536,1.48
western_ghats_val_00026,western_ghats,val,data/processed/patches/western_ghats/val/western_ghats_val_00026_t1.npy,data/processed/patches/western_ghats/val/western_ghats_val_00026_t2.npy,data/processed/patches/western_ghats/val/western_ghats_val_00026_label.npy,256,12,1563,65536,2.38
western_ghats_val_00027,western_ghats,val,data/processed/patches/western_ghats/val/western_ghats_val_00027_t1.npy,data/processed/patches/western_ghats/val/western_ghats_val_00027_t2.npy,data/processed/patches/western_ghats/val/western_ghats_val_00027_label.npy,256,12,4594,65536,7.01
western_ghats_val_00028,western_ghats,val,data/processed/patches/western_ghats/val/western_ghats_val_00028_t1.npy,data/processed/patches/western_ghats/val/western_ghats_val_00028_t2.npy,data/processed/patches/western_ghats/val/western_ghats_val_00028_label.npy,256,12,294,65536,0.45
western_ghats_val_00029,western_ghats,val,data/processed/patches/western_ghats/val/western_ghats_val_00029_t1.npy,data/processed/patches/western_ghats/val/western_ghats_val_00029_t2.npy,data/processed/patches/western_ghats/val/western_ghats_val_00029_label.npy,256,12,808,65536,1.23
western_ghats_val_00030,western_ghats,val,data/processed/patches/western_ghats/val/western_ghats_val_00030_t1.npy,data/processed/patches/western_ghats/val/western_ghats_val_00030_t2.npy,data/processed/patches/western_ghats/val/western_ghats_val_00030_label.npy,256,12,1455,65536,2.22
western_ghats_val_00031,western_ghats,val,data/processed/patches/western_ghats/val/western_ghats_val_00031_t1.npy,data/processed/patches/western_ghats/val/western_ghats_val_00031_t2.npy,data/processed/patches/western_ghats/val/western_ghats_val_00031_label.npy,256,12,1706,65536,2.6
western_ghats_val_00032,western_ghats,val,data/processed/patches/western_ghats/val/western_ghats_val_00032_t1.npy,data/processed/patches/western_ghats/val/western_ghats_val_00032_t2.npy,data/processed/patches/western_ghats/val/western_ghats_val_00032_label.npy,256,12,2610,65536,3.98
western_ghats_val_00033,western_ghats,val,data/processed/patches/western_ghats/val/western_ghats_val_00033_t1.npy,data/processed/patches/western_ghats/val/western_ghats_val_00033_t2.npy,data/processed/patches/western_ghats/val/western_ghats_val_00033_label.npy,256,12,1172,65536,1.79
western_ghats_val_00034,western_ghats,val,data/processed/patches/western_ghats/val/western_ghats_val_00034_t1.npy,data/processed/patches/western_ghats/val/western_ghats_val_00034_t2.npy,data/processed/patches/western_ghats/val/western_ghats_val_00034_label.npy,256,12,872,65536,1.33
western_ghats_val_00035,western_ghats,val,data/processed/patches/western_ghats/val/western_ghats_val_00035_t1.npy,data/processed/patches/western_ghats/val/western_ghats_val_00035_t2.npy,data/processed/patches/western_ghats/val/western_ghats_val_00035_label.npy,256,12,252,65536,0.38
western_ghats_val_00036,western_ghats,val,data/processed/patches/western_ghats/val/western_ghats_val_00036_t1.npy,data/processed/patches/western_ghats/val/western_ghats_val_00036_t2.npy,data/processed/patches/western_ghats/val/western_ghats_val_00036_label.npy,256,12,1735,65536,2.65
western_ghats_val_00037,western_ghats,val,data/processed/patches/western_ghats/val/western_ghats_val_00037_t1.npy,data/processed/patches/western_ghats/val/western_ghats_val_00037_t2.npy,data/processed/patches/western_ghats/val/western_ghats_val_00037_label.npy,256,12,3579,65536,5.46
western_ghats_val_00038,western_ghats,val,data/processed/patches/western_ghats/val/western_ghats_val_00038_t1.npy,data/processed/patches/western_ghats/val/western_ghats_val_00038_t2.npy,data/processed/patches/western_ghats/val/western_ghats_val_00038_label.npy,256,12,1046,65536,1.6
western_ghats_val_00039,western_ghats,val,data/processed/patches/western_ghats/val/western_ghats_val_00039_t1.npy,data/processed/patches/western_ghats/val/western_ghats_val_00039_t2.npy,data/processed/patches/western_ghats/val/western_ghats_val_00039_label.npy,256,12,661,65536,1.01
western_ghats_val_00040,western_ghats,val,data/processed/patches/western_ghats/val/western_ghats_val_00040_t1.npy,data/processed/patches/western_ghats/val/western_ghats_val_00040_t2.npy,data/processed/patches/western_ghats/val/western_ghats_val_00040_label.npy,256,12,21184,65536,32.32
western_ghats_val_00041,western_ghats,val,data/processed/patches/western_ghats/val/western_ghats_val_00041_t1.npy,data/processed/patches/western_ghats/val/western_ghats_val_00041_t2.npy,data/processed/patches/western_ghats/val/western_ghats_val_00041_label.npy,256,12,712,65536,1.09
western_ghats_val_00042,western_ghats,val,data/processed/patches/western_ghats/val/western_ghats_val_00042_t1.npy,data/processed/patches/western_ghats/val/western_ghats_val_00042_t2.npy,data/processed/patches/western_ghats/val/western_ghats_val_00042_label.npy,256,12,1747,65536,2.67
western_ghats_val_00043,western_ghats,val,data/processed/patches/western_ghats/val/western_ghats_val_00043_t1.npy,data/processed/patches/western_ghats/val/western_ghats_val_00043_t2.npy,data/processed/patches/western_ghats/val/western_ghats_val_00043_label.npy,256,12,193,65536,0.29
western_ghats_val_00044,western_ghats,val,data/processed/patches/western_ghats/val/western_ghats_val_00044_t1.npy,data/processed/patches/western_ghats/val/western_ghats_val_00044_t2.npy,data/processed/patches/western_ghats/val/western_ghats_val_00044_label.npy,256,12,1748,65536,2.67
western_ghats_val_00045,western_ghats,val,data/processed/patches/western_ghats/val/western_ghats_val_00045_t1.npy,data/processed/patches/western_ghats/val/western_ghats_val_00045_t2.npy,data/processed/patches/western_ghats/val/western_ghats_val_00045_label.npy,256,12,731,65536,1.12
western_ghats_val_00046,western_ghats,val,data/processed/patches/western_ghats/val/western_ghats_val_00046_t1.npy,data/processed/patches/western_ghats/val/western_ghats_val_00046_t2.npy,data/processed/patches/western_ghats/val/western_ghats_val_00046_label.npy,256,12,2811,65536,4.29
western_ghats_val_00047,western_ghats,val,data/processed/patches/western_ghats/val/western_ghats_val_00047_t1.npy,data/processed/patches/western_ghats/val/western_ghats_val_00047_t2.npy,data/processed/patches/western_ghats/val/western_ghats_val_00047_label.npy,256,12,24913,65536,38.01
western_ghats_val_00048,western_ghats,val,data/processed/patches/western_ghats/val/western_ghats_val_00048_t1.npy,data/processed/patches/western_ghats/val/western_ghats_val_00048_t2.npy,data/processed/patches/western_ghats/val/western_ghats_val_00048_label.npy,256,12,299,65536,0.46
western_ghats_val_00049,western_ghats,val,data/processed/patches/western_ghats/val/western_ghats_val_00049_t1.npy,data/processed/patches/western_ghats/val/western_ghats_val_00049_t2.npy,data/processed/patches/western_ghats/val/western_ghats_val_00049_label.npy,256,12,106,65536,0.16
western_ghats_val_00050,western_ghats,val,data/processed/patches/western_ghats/val/western_ghats_val_00050_t1.npy,data/processed/patches/western_ghats/val/western_ghats_val_00050_t2.npy,data/processed/patches/western_ghats/val/western_ghats_val_00050_label.npy,256,12,346,65536,0.53
western_ghats_val_00051,western_ghats,val,data/processed/patches/western_ghats/val/western_ghats_val_00051_t1.npy,data/processed/patches/western_ghats/val/western_ghats_val_00051_t2.npy,data/processed/patches/western_ghats/val/western_ghats_val_00051_label.npy,256,12,707,65536,1.08
western_ghats_val_00052,western_ghats,val,data/processed/patches/western_ghats/val/western_ghats_val_00052_t1.npy,data/processed/patches/western_ghats/val/western_ghats_val_00052_t2.npy,data/processed/patches/western_ghats/val/western_ghats_val_00052_label.npy,256,12,5075,65536,7.74
western_ghats_val_00053,western_ghats,val,data/processed/patches/western_ghats/val/western_ghats_val_00053_t1.npy,data/processed/patches/western_ghats/val/western_ghats_val_00053_t2.npy,data/processed/patches/western_ghats/val/western_ghats_val_00053_label.npy,256,12,347,65536,0.53
western_ghats_val_00054,western_ghats,val,data/processed/patches/western_ghats/val/western_ghats_val_00054_t1.npy,data/processed/patches/western_ghats/val/western_ghats_val_00054_t2.npy,data/processed/patches/western_ghats/val/western_ghats_val_00054_label.npy,256,12,451,65536,0.69
western_ghats_val_00055,western_ghats,val,data/processed/patches/western_ghats/val/western_ghats_val_00055_t1.npy,data/processed/patches/western_ghats/val/western_ghats_val_00055_t2.npy,data/processed/patches/western_ghats/val/western_ghats_val_00055_label.npy,256,12,372,65536,0.57
western_ghats_val_00056,western_ghats,val,data/processed/patches/western_ghats/val/western_ghats_val_00056_t1.npy,data/processed/patches/western_ghats/val/western_ghats_val_00056_t2.npy,data/processed/patches/western_ghats/val/western_ghats_val_00056_label.npy,256,12,162,65536,0.25
western_ghats_val_00057,western_ghats,val,data/processed/patches/western_ghats/val/western_ghats_val_00057_t1.npy,data/processed/patches/western_ghats/val/western_ghats_val_00057_t2.npy,data/processed/patches/western_ghats/val/western_ghats_val_00057_label.npy,256,12,4984,65536,7.6
western_ghats_val_00058,western_ghats,val,data/processed/patches/western_ghats/val/western_ghats_val_00058_t1.npy,data/processed/patches/western_ghats/val/western_ghats_val_00058_t2.npy,data/processed/patches/western_ghats/val/western_ghats_val_00058_label.npy,256,12,388,65536,0.59
western_ghats_val_00059,western_ghats,val,data/processed/patches/western_ghats/val/western_ghats_val_00059_t1.npy,data/processed/patches/western_ghats/val/western_ghats_val_00059_t2.npy,data/processed/patches/western_ghats/val/western_ghats_val_00059_label.npy,256,12,1222,65536,1.86
western_ghats_val_00060,western_ghats,val,data/processed/patches/western_ghats/val/western_ghats_val_00060_t1.npy,data/processed/patches/western_ghats/val/western_ghats_val_00060_t2.npy,data/processed/patches/western_ghats/val/western_ghats_val_00060_label.npy,256,12,517,65536,0.79
western_ghats_val_00061,western_ghats,val,data/processed/patches/western_ghats/val/western_ghats_val_00061_t1.npy,data/processed/patches/western_ghats/val/western_ghats_val_00061_t2.npy,data/processed/patches/western_ghats/val/western_ghats_val_00061_label.npy,256,12,2881,65536,4.4
western_ghats_val_00062,western_ghats,val,data/processed/patches/western_ghats/val/western_ghats_val_00062_t1.npy,data/processed/patches/western_ghats/val/western_ghats_val_00062_t2.npy,data/processed/patches/western_ghats/val/western_ghats_val_00062_label.npy,256,12,631,65536,0.96
western_ghats_val_00063,western_ghats,val,data/processed/patches/western_ghats/val/western_ghats_val_00063_t1.npy,data/processed/patches/western_ghats/val/western_ghats_val_00063_t2.npy,data/processed/patches/western_ghats/val/western_ghats_val_00063_label.npy,256,12,370,65536,0.56
western_ghats_val_00064,western_ghats,val,data/processed/patches/western_ghats/val/western_ghats_val_00064_t1.npy,data/processed/patches/western_ghats/val/western_ghats_val_00064_t2.npy,data/processed/patches/western_ghats/val/western_ghats_val_00064_label.npy,256,12,500,65536,0.76
western_ghats_val_00065,western_ghats,val,data/processed/patches/western_ghats/val/western_ghats_val_00065_t1.npy,data/processed/patches/western_ghats/val/western_ghats_val_00065_t2.npy,data/processed/patches/western_ghats/val/western_ghats_val_00065_label.npy,256,12,3731,65536,5.69
western_ghats_val_00066,western_ghats,val,data/processed/patches/western_ghats/val/western_ghats_val_00066_t1.npy,data/processed/patches/western_ghats/val/western_ghats_val_00066_t2.npy,data/processed/patches/western_ghats/val/western_ghats_val_00066_label.npy,256,12,1014,65536,1.55
western_ghats_val_00067,western_ghats,val,data/processed/patches/western_ghats/val/western_ghats_val_00067_t1.npy,data/processed/patches/western_ghats/val/western_ghats_val_00067_t2.npy,data/processed/patches/western_ghats/val/western_ghats_val_00067_label.npy,256,12,1183,65536,1.81
western_ghats_val_00068,western_ghats,val,data/processed/patches/western_ghats/val/western_ghats_val_00068_t1.npy,data/processed/patches/western_ghats/val/western_ghats_val_00068_t2.npy,data/processed/patches/western_ghats/val/western_ghats_val_00068_label.npy,256,12,13428,65536,20.49
western_ghats_val_00069,western_ghats,val,data/processed/patches/western_ghats/val/western_ghats_val_00069_t1.npy,data/processed/patches/western_ghats/val/western_ghats_val_00069_t2.npy,data/processed/patches/western_ghats/val/western_ghats_val_00069_label.npy,256,12,495,65536,0.76
western_ghats_val_00070,western_ghats,val,data/processed/patches/western_ghats/val/western_ghats_val_00070_t1.npy,data/processed/patches/western_ghats/val/western_ghats_val_00070_t2.npy,data/processed/patches/western_ghats/val/western_ghats_val_00070_label.npy,256,12,556,65536,0.85
western_ghats_val_00071,western_ghats,val,data/processed/patches/western_ghats/val/western_ghats_val_00071_t1.npy,data/processed/patches/western_ghats/val/western_ghats_val_00071_t2.npy,data/processed/patches/western_ghats/val/western_ghats_val_00071_label.npy,256,12,144,65536,0.22
western_ghats_val_00072,western_ghats,val,data/processed/patches/western_ghats/val/western_ghats_val_00072_t1.npy,data/processed/patches/western_ghats/val/western_ghats_val_00072_t2.npy,data/processed/patches/western_ghats/val/western_ghats_val_00072_label.npy,256,12,4188,65536,6.39
western_ghats_val_00073,western_ghats,val,data/processed/patches/western_ghats/val/western_ghats_val_00073_t1.npy,data/processed/patches/western_ghats/val/western_ghats_val_00073_t2.npy,data/processed/patches/western_ghats/val/western_ghats_val_00073_label.npy,256,12,5936,65536,9.06
western_ghats_val_00074,western_ghats,val,data/processed/patches/western_ghats/val/western_ghats_val_00074_t1.npy,data/processed/patches/western_ghats/val/western_ghats_val_00074_t2.npy,data/processed/patches/western_ghats/val/western_ghats_val_00074_label.npy,256,12,1231,65536,1.88
western_ghats_val_00075,western_ghats,val,data/processed/patches/western_ghats/val/western_ghats_val_00075_t1.npy,data/processed/patches/western_ghats/val/western_ghats_val_00075_t2.npy,data/processed/patches/western_ghats/val/western_ghats_val_00075_label.npy,256,12,695,65536,1.06
western_ghats_val_00076,western_ghats,val,data/processed/patches/western_ghats/val/western_ghats_val_00076_t1.npy,data/processed/patches/western_ghats/val/western_ghats_val_00076_t2.npy,data/processed/patches/western_ghats/val/western_ghats_val_00076_label.npy,256,12,1854,65536,2.83
western_ghats_val_00077,western_ghats,val,data/processed/patches/western_ghats/val/western_ghats_val_00077_t1.npy,data/processed/patches/western_ghats/val/western_ghats_val_00077_t2.npy,data/processed/patches/western_ghats/val/western_ghats_val_00077_label.npy,256,12,2005,65536,3.06
western_ghats_val_00078,western_ghats,val,data/processed/patches/western_ghats/val/western_ghats_val_00078_t1.npy,data/processed/patches/western_ghats/val/western_ghats_val_00078_t2.npy,data/processed/patches/western_ghats/val/western_ghats_val_00078_label.npy,256,12,867,65536,1.32
western_ghats_val_00079,western_ghats,val,data/processed/patches/western_ghats/val/western_ghats_val_00079_t1.npy,data/processed/patches/western_ghats/val/western_ghats_val_00079_t2.npy,data/processed/patches/western_ghats/val/western_ghats_val_00079_label.npy,256,12,2924,65536,4.46
western_ghats_val_00080,western_ghats,val,data/processed/patches/western_ghats/val/western_ghats_val_00080_t1.npy,data/processed/patches/western_ghats/val/western_ghats_val_00080_t2.npy,data/processed/patches/western_ghats/val/western_ghats_val_00080_label.npy,256,12,1032,65536,1.57
western_ghats_val_00081,western_ghats,val,data/processed/patches/western_ghats/val/western_ghats_val_00081_t1.npy,data/processed/patches/western_ghats/val/western_ghats_val_00081_t2.npy,data/processed/patches/western_ghats/val/western_ghats_val_00081_label.npy,256,12,591,65536,0.9
western_ghats_val_00082,western_ghats,val,data/processed/patches/western_ghats/val/western_ghats_val_00082_t1.npy,data/processed/patches/western_ghats/val/western_ghats_val_00082_t2.npy,data/processed/patches/western_ghats/val/western_ghats_val_00082_label.npy,256,12,1288,65536,1.97
western_ghats_val_00083,western_ghats,val,data/processed/patches/western_ghats/val/western_ghats_val_00083_t1.npy,data/processed/patches/western_ghats/val/western_ghats_val_00083_t2.npy,data/processed/patches/western_ghats/val/western_ghats_val_00083_label.npy,256,12,2822,65536,4.31
western_ghats_val_00084,western_ghats,val,data/processed/patches/western_ghats/val/western_ghats_val_00084_t1.npy,data/processed/patches/western_ghats/val/western_ghats_val_00084_t2.npy,data/processed/patches/western_ghats/val/western_ghats_val_00084_label.npy,256,12,421,65536,0.64
western_ghats_val_00085,western_ghats,val,data/processed/patches/western_ghats/val/western_ghats_val_00085_t1.npy,data/processed/patches/western_ghats/val/western_ghats_val_00085_t2.npy,data/processed/patches/western_ghats/val/western_ghats_val_00085_label.npy,256,12,21828,65536,33.31
western_ghats_val_00086,western_ghats,val,data/processed/patches/western_ghats/val/western_ghats_val_00086_t1.npy,data/processed/patches/western_ghats/val/western_ghats_val_00086_t2.npy,data/processed/patches/western_ghats/val/western_ghats_val_00086_label.npy,256,12,581,65536,0.89
western_ghats_val_00087,western_ghats,val,data/processed/patches/western_ghats/val/western_ghats_val_00087_t1.npy,data/processed/patches/western_ghats/val/western_ghats_val_00087_t2.npy,data/processed/patches/western_ghats/val/western_ghats_val_00087_label.npy,256,12,1632,65536,2.49
western_ghats_val_00088,western_ghats,val,data/processed/patches/western_ghats/val/western_ghats_val_00088_t1.npy,data/processed/patches/western_ghats/val/western_ghats_val_00088_t2.npy,data/processed/patches/western_ghats/val/western_ghats_val_00088_label.npy,256,12,310,65536,0.47
western_ghats_val_00089,western_ghats,val,data/processed/patches/western_ghats/val/western_ghats_val_00089_t1.npy,data/processed/patches/western_ghats/val/western_ghats_val_00089_t2.npy,data/processed/patches/western_ghats/val/western_ghats_val_00089_label.npy,256,12,1904,65536,2.91
western_ghats_val_00090,western_ghats,val,data/processed/patches/western_ghats/val/western_ghats_val_00090_t1.npy,data/processed/patches/western_ghats/val/western_ghats_val_00090_t2.npy,data/processed/patches/western_ghats/val/western_ghats_val_00090_label.npy,256,12,180,65536,0.27
western_ghats_val_00091,western_ghats,val,data/processed/patches/western_ghats/val/western_ghats_val_00091_t1.npy,data/processed/patches/western_ghats/val/western_ghats_val_00091_t2.npy,data/processed/patches/western_ghats/val/western_ghats_val_00091_label.npy,256,12,1095,65536,1.67
western_ghats_val_00092,western_ghats,val,data/processed/patches/western_ghats/val/western_ghats_val_00092_t1.npy,data/processed/patches/western_ghats/val/western_ghats_val_00092_t2.npy,data/processed/patches/western_ghats/val/western_ghats_val_00092_label.npy,256,12,1773,65536,2.71
western_ghats_test_00000,western_ghats,test,data/processed/patches/western_ghats/test/western_ghats_test_00000_t1.npy,data/processed/patches/western_ghats/test/western_ghats_test_00000_t2.npy,data/processed/patches/western_ghats/test/western_ghats_test_00000_label.npy,256,12,1033,65536,1.58
western_ghats_test_00001,western_ghats,test,data/processed/patches/western_ghats/test/western_ghats_test_00001_t1.npy,data/processed/patches/western_ghats/test/western_ghats_test_00001_t2.npy,data/processed/patches/western_ghats/test/western_ghats_test_00001_label.npy,256,12,1001,65536,1.53
western_ghats_test_00002,western_ghats,test,data/processed/patches/western_ghats/test/western_ghats_test_00002_t1.npy,data/processed/patches/western_ghats/test/western_ghats_test_00002_t2.npy,data/processed/patches/western_ghats/test/western_ghats_test_00002_label.npy,256,12,4755,65536,7.26
western_ghats_test_00003,western_ghats,test,data/processed/patches/western_ghats/test/western_ghats_test_00003_t1.npy,data/processed/patches/western_ghats/test/western_ghats_test_00003_t2.npy,data/processed/patches/western_ghats/test/western_ghats_test_00003_label.npy,256,12,2171,65536,3.31
western_ghats_test_00004,western_ghats,test,data/processed/patches/western_ghats/test/western_ghats_test_00004_t1.npy,data/processed/patches/western_ghats/test/western_ghats_test_00004_t2.npy,data/processed/patches/western_ghats/test/western_ghats_test_00004_label.npy,256,12,472,65536,0.72
western_ghats_test_00005,western_ghats,test,data/processed/patches/western_ghats/test/western_ghats_test_00005_t1.npy,data/processed/patches/western_ghats/test/western_ghats_test_00005_t2.npy,data/processed/patches/western_ghats/test/western_ghats_test_00005_label.npy,256,12,1625,65536,2.48
western_ghats_test_00006,western_ghats,test,data/processed/patches/western_ghats/test/western_ghats_test_00006_t1.npy,data/processed/patches/western_ghats/test/western_ghats_test_00006_t2.npy,data/processed/patches/western_ghats/test/western_ghats_test_00006_label.npy,256,12,2160,65536,3.3
western_ghats_test_00007,western_ghats,test,data/processed/patches/western_ghats/test/western_ghats_test_00007_t1.npy,data/processed/patches/western_ghats/test/western_ghats_test_00007_t2.npy,data/processed/patches/western_ghats/test/western_ghats_test_00007_label.npy,256,12,1554,65536,2.37
western_ghats_test_00008,western_ghats,test,data/processed/patches/western_ghats/test/western_ghats_test_00008_t1.npy,data/processed/patches/western_ghats/test/western_ghats_test_00008_t2.npy,data/processed/patches/western_ghats/test/western_ghats_test_00008_label.npy,256,12,1829,65536,2.79
western_ghats_test_00009,western_ghats,test,data/processed/patches/western_ghats/test/western_ghats_test_00009_t1.npy,data/processed/patches/western_ghats/test/western_ghats_test_00009_t2.npy,data/processed/patches/western_ghats/test/western_ghats_test_00009_label.npy,256,12,680,65536,1.04
western_ghats_test_00010,western_ghats,test,data/processed/patches/western_ghats/test/western_ghats_test_00010_t1.npy,data/processed/patches/western_ghats/test/western_ghats_test_00010_t2.npy,data/processed/patches/western_ghats/test/western_ghats_test_00010_label.npy,256,12,703,65536,1.07
western_ghats_test_00011,western_ghats,test,data/processed/patches/western_ghats/test/western_ghats_test_00011_t1.npy,data/processed/patches/western_ghats/test/western_ghats_test_00011_t2.npy,data/processed/patches/western_ghats/test/western_ghats_test_00011_label.npy,256,12,5529,65536,8.44
western_ghats_test_00012,western_ghats,test,data/processed/patches/western_ghats/test/western_ghats_test_00012_t1.npy,data/processed/patches/western_ghats/test/western_ghats_test_00012_t2.npy,data/processed/patches/western_ghats/test/western_ghats_test_00012_label.npy,256,12,593,65536,0.9
western_ghats_test_00013,western_ghats,test,data/processed/patches/western_ghats/test/western_ghats_test_00013_t1.npy,data/processed/patches/western_ghats/test/western_ghats_test_00013_t2.npy,data/processed/patches/western_ghats/test/western_ghats_test_00013_label.npy,256,12,2113,65536,3.22
western_ghats_test_00014,western_ghats,test,data/processed/patches/western_ghats/test/western_ghats_test_00014_t1.npy,data/processed/patches/western_ghats/test/western_ghats_test_00014_t2.npy,data/processed/patches/western_ghats/test/western_ghats_test_00014_label.npy,256,12,1430,65536,2.18
western_ghats_test_00015,western_ghats,test,data/processed/patches/western_ghats/test/western_ghats_test_00015_t1.npy,data/processed/patches/western_ghats/test/western_ghats_test_00015_t2.npy,data/processed/patches/western_ghats/test/western_ghats_test_00015_label.npy,256,12,1452,65536,2.22
western_ghats_test_00016,western_ghats,test,data/processed/patches/western_ghats/test/western_ghats_test_00016_t1.npy,data/processed/patches/western_ghats/test/western_ghats_test_00016_t2.npy,data/processed/patches/western_ghats/test/western_ghats_test_00016_label.npy,256,12,712,65536,1.09
western_ghats_test_00017,western_ghats,test,data/processed/patches/western_ghats/test/western_ghats_test_00017_t1.npy,data/processed/patches/western_ghats/test/western_ghats_test_00017_t2.npy,data/processed/patches/western_ghats/test/western_ghats_test_00017_label.npy,256,12,736,65536,1.12
western_ghats_test_00018,western_ghats,test,data/processed/patches/western_ghats/test/western_ghats_test_00018_t1.npy,data/processed/patches/western_ghats/test/western_ghats_test_00018_t2.npy,data/processed/patches/western_ghats/test/western_ghats_test_00018_label.npy,256,12,870,65536,1.33
western_ghats_test_00019,western_ghats,test,data/processed/patches/western_ghats/test/western_ghats_test_00019_t1.npy,data/processed/patches/western_ghats/test/western_ghats_test_00019_t2.npy,data/processed/patches/western_ghats/test/western_ghats_test_00019_label.npy,256,12,1433,65536,2.19
western_ghats_test_00020,western_ghats,test,data/processed/patches/western_ghats/test/western_ghats_test_00020_t1.npy,data/processed/patches/western_ghats/test/western_ghats_test_00020_t2.npy,data/processed/patches/western_ghats/test/western_ghats_test_00020_label.npy,256,12,2147,65536,3.28
western_ghats_test_00021,western_ghats,test,data/processed/patches/western_ghats/test/western_ghats_test_00021_t1.npy,data/processed/patches/western_ghats/test/western_ghats_test_00021_t2.npy,data/processed/patches/western_ghats/test/western_ghats_test_00021_label.npy,256,12,24206,65536,36.94
western_ghats_test_00022,western_ghats,test,data/processed/patches/western_ghats/test/western_ghats_test_00022_t1.npy,data/processed/patches/western_ghats/test/western_ghats_test_00022_t2.npy,data/processed/patches/western_ghats/test/western_ghats_test_00022_label.npy,256,12,325,65536,0.5
western_ghats_test_00023,western_ghats,test,data/processed/patches/western_ghats/test/western_ghats_test_00023_t1.npy,data/processed/patches/western_ghats/test/western_ghats_test_00023_t2.npy,data/processed/patches/western_ghats/test/western_ghats_test_00023_label.npy,256,12,1463,65536,2.23
western_ghats_test_00024,western_ghats,test,data/processed/patches/western_ghats/test/western_ghats_test_00024_t1.npy,data/processed/patches/western_ghats/test/western_ghats_test_00024_t2.npy,data/processed/patches/western_ghats/test/western_ghats_test_00024_label.npy,256,12,422,65536,0.64
western_ghats_test_00025,western_ghats,test,data/processed/patches/western_ghats/test/western_ghats_test_00025_t1.npy,data/processed/patches/western_ghats/test/western_ghats_test_00025_t2.npy,data/processed/patches/western_ghats/test/western_ghats_test_00025_label.npy,256,12,7855,65536,11.99
western_ghats_test_00026,western_ghats,test,data/processed/patches/western_ghats/test/western_ghats_test_00026_t1.npy,data/processed/patches/western_ghats/test/western_ghats_test_00026_t2.npy,data/processed/patches/western_ghats/test/western_ghats_test_00026_label.npy,256,12,844,65536,1.29
western_ghats_test_00027,western_ghats,test,data/processed/patches/western_ghats/test/western_ghats_test_00027_t1.npy,data/processed/patches/western_ghats/test/western_ghats_test_00027_t2.npy,data/processed/patches/western_ghats/test/western_ghats_test_00027_label.npy,256,12,1082,65536,1.65
western_ghats_test_00028,western_ghats,test,data/processed/patches/western_ghats/test/western_ghats_test_00028_t1.npy,data/processed/patches/western_ghats/test/western_ghats_test_00028_t2.npy,data/processed/patches/western_ghats/test/western_ghats_test_00028_label.npy,256,12,1595,65536,2.43
western_ghats_test_00029,western_ghats,test,data/processed/patches/western_ghats/test/western_ghats_test_00029_t1.npy,data/processed/patches/western_ghats/test/western_ghats_test_00029_t2.npy,data/processed/patches/western_ghats/test/western_ghats_test_00029_label.npy,256,12,109,65536,0.17
western_ghats_test_00030,western_ghats,test,data/processed/patches/western_ghats/test/western_ghats_test_00030_t1.npy,data/processed/patches/western_ghats/test/western_ghats_test_00030_t2.npy,data/processed/patches/western_ghats/test/western_ghats_test_00030_label.npy,256,12,72,65536,0.11
western_ghats_test_00031,western_ghats,test,data/processed/patches/western_ghats/test/western_ghats_test_00031_t1.npy,data/processed/patches/western_ghats/test/western_ghats_test_00031_t2.npy,data/processed/patches/western_ghats/test/western_ghats_test_00031_label.npy,256,12,92,65536,0.14
western_ghats_test_00032,western_ghats,test,data/processed/patches/western_ghats/test/western_ghats_test_00032_t1.npy,data/processed/patches/western_ghats/test/western_ghats_test_00032_t2.npy,data/processed/patches/western_ghats/test/western_ghats_test_00032_label.npy,256,12,37,65536,0.06
western_ghats_test_00033,western_ghats,test,data/processed/patches/western_ghats/test/western_ghats_test_00033_t1.npy,data/processed/patches/western_ghats/test/western_ghats_test_00033_t2.npy,data/processed/patches/western_ghats/test/western_ghats_test_00033_label.npy,256,12,1508,65536,2.3
western_ghats_test_00034,western_ghats,test,data/processed/patches/western_ghats/test/western_ghats_test_00034_t1.npy,data/processed/patches/western_ghats/test/western_ghats_test_00034_t2.npy,data/processed/patches/western_ghats/test/western_ghats_test_00034_label.npy,256,12,168,65536,0.26
western_ghats_test_00035,western_ghats,test,data/processed/patches/western_ghats/test/western_ghats_test_00035_t1.npy,data/processed/patches/western_ghats/test/western_ghats_test_00035_t2.npy,data/processed/patches/western_ghats/test/western_ghats_test_00035_label.npy,256,12,392,65536,0.6
western_ghats_test_00036,western_ghats,test,data/processed/patches/western_ghats/test/western_ghats_test_00036_t1.npy,data/processed/patches/western_ghats/test/western_ghats_test_00036_t2.npy,data/processed/patches/western_ghats/test/western_ghats_test_00036_label.npy,256,12,2757,65536,4.21
western_ghats_test_00037,western_ghats,test,data/processed/patches/western_ghats/test/western_ghats_test_00037_t1.npy,data/processed/patches/western_ghats/test/western_ghats_test_00037_t2.npy,data/processed/patches/western_ghats/test/western_ghats_test_00037_label.npy,256,12,2363,65536,3.61
western_ghats_test_00038,western_ghats,test,data/processed/patches/western_ghats/test/western_ghats_test_00038_t1.npy,data/processed/patches/western_ghats/test/western_ghats_test_00038_t2.npy,data/processed/patches/western_ghats/test/western_ghats_test_00038_label.npy,256,12,1963,65536,3.0
western_ghats_test_00039,western_ghats,test,data/processed/patches/western_ghats/test/western_ghats_test_00039_t1.npy,data/processed/patches/western_ghats/test/western_ghats_test_00039_t2.npy,data/processed/patches/western_ghats/test/western_ghats_test_00039_label.npy,256,12,668,65536,1.02
western_ghats_test_00040,western_ghats,test,data/processed/patches/western_ghats/test/western_ghats_test_00040_t1.npy,data/processed/patches/western_ghats/test/western_ghats_test_00040_t2.npy,data/processed/patches/western_ghats/test/western_ghats_test_00040_label.npy,256,12,543,65536,0.83
western_ghats_test_00041,western_ghats,test,data/processed/patches/western_ghats/test/western_ghats_test_00041_t1.npy,data/processed/patches/western_ghats/test/western_ghats_test_00041_t2.npy,data/processed/patches/western_ghats/test/western_ghats_test_00041_label.npy,256,12,417,65536,0.64
western_ghats_test_00042,western_ghats,test,data/processed/patches/western_ghats/test/western_ghats_test_00042_t1.npy,data/processed/patches/western_ghats/test/western_ghats_test_00042_t2.npy,data/processed/patches/western_ghats/test/western_ghats_test_00042_label.npy,256,12,3578,65536,5.46
western_ghats_test_00043,western_ghats,test,data/processed/patches/western_ghats/test/western_ghats_test_00043_t1.npy,data/processed/patches/western_ghats/test/western_ghats_test_00043_t2.npy,data/processed/patches/western_ghats/test/western_ghats_test_00043_label.npy,256,12,1725,65536,2.63
western_ghats_test_00044,western_ghats,test,data/processed/patches/western_ghats/test/western_ghats_test_00044_t1.npy,data/processed/patches/western_ghats/test/western_ghats_test_00044_t2.npy,data/processed/patches/western_ghats/test/western_ghats_test_00044_label.npy,256,12,1344,65536,2.05
western_ghats_test_00045,western_ghats,test,data/processed/patches/western_ghats/test/western_ghats_test_00045_t1.npy,data/processed/patches/western_ghats/test/western_ghats_test_00045_t2.npy,data/processed/patches/western_ghats/test/western_ghats_test_00045_label.npy,256,12,878,65536,1.34
western_ghats_test_00046,western_ghats,test,data/processed/patches/western_ghats/test/western_ghats_test_00046_t1.npy,data/processed/patches/western_ghats/test/western_ghats_test_00046_t2.npy,data/processed/patches/western_ghats/test/western_ghats_test_00046_label.npy,256,12,171,65536,0.26
western_ghats_test_00047,western_ghats,test,data/processed/patches/western_ghats/test/western_ghats_test_00047_t1.npy,data/processed/patches/western_ghats/test/western_ghats_test_00047_t2.npy,data/processed/patches/western_ghats/test/western_ghats_test_00047_label.npy,256,12,1224,65536,1.87
western_ghats_test_00048,western_ghats,test,data/processed/patches/western_ghats/test/western_ghats_test_00048_t1.npy,data/processed/patches/western_ghats/test/western_ghats_test_00048_t2.npy,data/processed/patches/western_ghats/test/western_ghats_test_00048_label.npy,256,12,100,65536,0.15
western_ghats_test_00049,western_ghats,test,data/processed/patches/western_ghats/test/western_ghats_test_00049_t1.npy,data/processed/patches/western_ghats/test/western_ghats_test_00049_t2.npy,data/processed/patches/western_ghats/test/western_ghats_test_00049_label.npy,256,12,1065,65536,1.63
western_ghats_test_00050,western_ghats,test,data/processed/patches/western_ghats/test/western_ghats_test_00050_t1.npy,data/processed/patches/western_ghats/test/western_ghats_test_00050_t2.npy,data/processed/patches/western_ghats/test/western_ghats_test_00050_label.npy,256,12,4465,65536,6.81
western_ghats_test_00051,western_ghats,test,data/processed/patches/western_ghats/test/western_ghats_test_00051_t1.npy,data/processed/patches/western_ghats/test/western_ghats_test_00051_t2.npy,data/processed/patches/western_ghats/test/western_ghats_test_00051_label.npy,256,12,1786,65536,2.73
western_ghats_test_00052,western_ghats,test,data/processed/patches/western_ghats/test/western_ghats_test_00052_t1.npy,data/processed/patches/western_ghats/test/western_ghats_test_00052_t2.npy,data/processed/patches/western_ghats/test/western_ghats_test_00052_label.npy,256,12,1094,65536,1.67
western_ghats_test_00053,western_ghats,test,data/processed/patches/western_ghats/test/western_ghats_test_00053_t1.npy,data/processed/patches/western_ghats/test/western_ghats_test_00053_t2.npy,data/processed/patches/western_ghats/test/western_ghats_test_00053_label.npy,256,12,1940,65536,2.96
western_ghats_test_00054,western_ghats,test,data/processed/patches/western_ghats/test/western_ghats_test_00054_t1.npy,data/processed/patches/western_ghats/test/western_ghats_test_00054_t2.npy,data/processed/patches/western_ghats/test/western_ghats_test_00054_label.npy,256,12,1718,65536,2.62
western_ghats_test_00055,western_ghats,test,data/processed/patches/western_ghats/test/western_ghats_test_00055_t1.npy,data/processed/patches/western_ghats/test/western_ghats_test_00055_t2.npy,data/processed/patches/western_ghats/test/western_ghats_test_00055_label.npy,256,12,1246,65536,1.9
western_ghats_test_00056,western_ghats,test,data/processed/patches/western_ghats/test/western_ghats_test_00056_t1.npy,data/processed/patches/western_ghats/test/western_ghats_test_00056_t2.npy,data/processed/patches/western_ghats/test/western_ghats_test_00056_label.npy,256,12,2825,65536,4.31
western_ghats_test_00057,western_ghats,test,data/processed/patches/western_ghats/test/western_ghats_test_00057_t1.npy,data/processed/patches/western_ghats/test/western_ghats_test_00057_t2.npy,data/processed/patches/western_ghats/test/western_ghats_test_00057_label.npy,256,12,981,65536,1.5
western_ghats_test_00058,western_ghats,test,data/processed/patches/western_ghats/test/western_ghats_test_00058_t1.npy,data/processed/patches/western_ghats/test/western_ghats_test_00058_t2.npy,data/processed/patches/western_ghats/test/western_ghats_test_00058_label.npy,256,12,1340,65536,2.04
western_ghats_test_00059,western_ghats,test,data/processed/patches/western_ghats/test/western_ghats_test_00059_t1.npy,data/processed/patches/western_ghats/test/western_ghats_test_00059_t2.npy,data/processed/patches/western_ghats/test/western_ghats_test_00059_label.npy,256,12,651,65536,0.99
western_ghats_test_00060,western_ghats,test,data/processed/patches/western_ghats/test/western_ghats_test_00060_t1.npy,data/processed/patches/western_ghats/test/western_ghats_test_00060_t2.npy,data/processed/patches/western_ghats/test/western_ghats_test_00060_label.npy,256,12,1286,65536,1.96
western_ghats_test_00061,western_ghats,test,data/processed/patches/western_ghats/test/western_ghats_test_00061_t1.npy,data/processed/patches/western_ghats/test/western_ghats_test_00061_t2.npy,data/processed/patches/western_ghats/test/western_ghats_test_00061_label.npy,256,12,775,65536,1.18
western_ghats_test_00062,western_ghats,test,data/processed/patches/western_ghats/test/western_ghats_test_00062_t1.npy,data/processed/patches/western_ghats/test/western_ghats_test_00062_t2.npy,data/processed/patches/western_ghats/test/western_ghats_test_00062_label.npy,256,12,703,65536,1.07
western_ghats_test_00063,western_ghats,test,data/processed/patches/western_ghats/test/western_ghats_test_00063_t1.npy,data/processed/patches/western_ghats/test/western_ghats_test_00063_t2.npy,data/processed/patches/western_ghats/test/western_ghats_test_00063_label.npy,256,12,5372,65536,8.2
western_ghats_test_00064,western_ghats,test,data/processed/patches/western_ghats/test/western_ghats_test_00064_t1.npy,data/processed/patches/western_ghats/test/western_ghats_test_00064_t2.npy,data/processed/patches/western_ghats/test/western_ghats_test_00064_label.npy,256,12,166,65536,0.25
western_ghats_test_00065,western_ghats,test,data/processed/patches/western_ghats/test/western_ghats_test_00065_t1.npy,data/processed/patches/western_ghats/test/western_ghats_test_00065_t2.npy,data/processed/patches/western_ghats/test/western_ghats_test_00065_label.npy,256,12,1131,65536,1.73
western_ghats_test_00066,western_ghats,test,data/processed/patches/western_ghats/test/western_ghats_test_00066_t1.npy,data/processed/patches/western_ghats/test/western_ghats_test_00066_t2.npy,data/processed/patches/western_ghats/test/western_ghats_test_00066_label.npy,256,12,739,65536,1.13
western_ghats_test_00067,western_ghats,test,data/processed/patches/western_ghats/test/western_ghats_test_00067_t1.npy,data/processed/patches/western_ghats/test/western_ghats_test_00067_t2.npy,data/processed/patches/western_ghats/test/western_ghats_test_00067_label.npy,256,12,1012,65536,1.54
western_ghats_test_00068,western_ghats,test,data/processed/patches/western_ghats/test/western_ghats_test_00068_t1.npy,data/processed/patches/western_ghats/test/western_ghats_test_00068_t2.npy,data/processed/patches/western_ghats/test/western_ghats_test_00068_label.npy,256,12,3258,65536,4.97
western_ghats_test_00069,western_ghats,test,data/processed/patches/western_ghats/test/western_ghats_test_00069_t1.npy,data/processed/patches/western_ghats/test/western_ghats_test_00069_t2.npy,data/processed/patches/western_ghats/test/western_ghats_test_00069_label.npy,256,12,1499,65536,2.29
western_ghats_test_00070,western_ghats,test,data/processed/patches/western_ghats/test/western_ghats_test_00070_t1.npy,data/processed/patches/western_ghats/test/western_ghats_test_00070_t2.npy,data/processed/patches/western_ghats/test/western_ghats_test_00070_label.npy,256,12,1017,65536,1.55
western_ghats_test_00071,western_ghats,test,data/processed/patches/western_ghats/test/western_ghats_test_00071_t1.npy,data/processed/patches/western_ghats/test/western_ghats_test_00071_t2.npy,data/processed/patches/western_ghats/test/western_ghats_test_00071_label.npy,256,12,251,65536,0.38
western_ghats_test_00072,western_ghats,test,data/processed/patches/western_ghats/test/western_ghats_test_00072_t1.npy,data/processed/patches/western_ghats/test/western_ghats_test_00072_t2.npy,data/processed/patches/western_ghats/test/western_ghats_test_00072_label.npy,256,12,2314,65536,3.53
western_ghats_test_00073,western_ghats,test,data/processed/patches/western_ghats/test/western_ghats_test_00073_t1.npy,data/processed/patches/western_ghats/test/western_ghats_test_00073_t2.npy,data/processed/patches/western_ghats/test/western_ghats_test_00073_label.npy,256,12,1145,65536,1.75
western_ghats_test_00074,western_ghats,test,data/processed/patches/western_ghats/test/western_ghats_test_00074_t1.npy,data/processed/patches/western_ghats/test/western_ghats_test_00074_t2.npy,data/processed/patches/western_ghats/test/western_ghats_test_00074_label.npy,256,12,2657,65536,4.05
western_ghats_test_00075,western_ghats,test,data/processed/patches/western_ghats/test/western_ghats_test_00075_t1.npy,data/processed/patches/western_ghats/test/western_ghats_test_00075_t2.npy,data/processed/patches/western_ghats/test/western_ghats_test_00075_label.npy,256,12,4767,65536,7.27
western_ghats_test_00076,western_ghats,test,data/processed/patches/western_ghats/test/western_ghats_test_00076_t1.npy,data/processed/patches/western_ghats/test/western_ghats_test_00076_t2.npy,data/processed/patches/western_ghats/test/western_ghats_test_00076_label.npy,256,12,1507,65536,2.3
western_ghats_test_00077,western_ghats,test,data/processed/patches/western_ghats/test/western_ghats_test_00077_t1.npy,data/processed/patches/western_ghats/test/western_ghats_test_00077_t2.npy,data/processed/patches/western_ghats/test/western_ghats_test_00077_label.npy,256,12,1339,65536,2.04
western_ghats_test_00078,western_ghats,test,data/processed/patches/western_ghats/test/western_ghats_test_00078_t1.npy,data/processed/patches/western_ghats/test/western_ghats_test_00078_t2.npy,data/processed/patches/western_ghats/test/western_ghats_test_00078_label.npy,256,12,166,65536,0.25
western_ghats_test_00079,western_ghats,test,data/processed/patches/western_ghats/test/western_ghats_test_00079_t1.npy,data/processed/patches/western_ghats/test/western_ghats_test_00079_t2.npy,data/processed/patches/western_ghats/test/western_ghats_test_00079_label.npy,256,12,19086,65536,29.12
western_ghats_test_00080,western_ghats,test,data/processed/patches/western_ghats/test/western_ghats_test_00080_t1.npy,data/processed/patches/western_ghats/test/western_ghats_test_00080_t2.npy,data/processed/patches/western_ghats/test/western_ghats_test_00080_label.npy,256,12,1762,65536,2.69
western_ghats_test_00081,western_ghats,test,data/processed/patches/western_ghats/test/western_ghats_test_00081_t1.npy,data/processed/patches/western_ghats/test/western_ghats_test_00081_t2.npy,data/processed/patches/western_ghats/test/western_ghats_test_00081_label.npy,256,12,948,65536,1.45
western_ghats_test_00082,western_ghats,test,data/processed/patches/western_ghats/test/western_ghats_test_00082_t1.npy,data/processed/patches/western_ghats/test/western_ghats_test_00082_t2.npy,data/processed/patches/western_ghats/test/western_ghats_test_00082_label.npy,256,12,174,65536,0.27
western_ghats_test_00083,western_ghats,test,data/processed/patches/western_ghats/test/western_ghats_test_00083_t1.npy,data/processed/patches/western_ghats/test/western_ghats_test_00083_t2.npy,data/processed/patches/western_ghats/test/western_ghats_test_00083_label.npy,256,12,950,65536,1.45
western_ghats_test_00084,western_ghats,test,data/processed/patches/western_ghats/test/western_ghats_test_00084_t1.npy,data/processed/patches/western_ghats/test/western_ghats_test_00084_t2.npy,data/processed/patches/western_ghats/test/western_ghats_test_00084_label.npy,256,12,4007,65536,6.11
western_ghats_test_00085,western_ghats,test,data/processed/patches/western_ghats/test/western_ghats_test_00085_t1.npy,data/processed/patches/western_ghats/test/western_ghats_test_00085_t2.npy,data/processed/patches/western_ghats/test/western_ghats_test_00085_label.npy,256,12,673,65536,1.03
western_ghats_test_00086,western_ghats,test,data/processed/patches/western_ghats/test/western_ghats_test_00086_t1.npy,data/processed/patches/western_ghats/test/western_ghats_test_00086_t2.npy,data/processed/patches/western_ghats/test/western_ghats_test_00086_label.npy,256,12,77,65536,0.12
western_ghats_test_00087,western_ghats,test,data/processed/patches/western_ghats/test/western_ghats_test_00087_t1.npy,data/processed/patches/western_ghats/test/western_ghats_test_00087_t2.npy,data/processed/patches/western_ghats/test/western_ghats_test_00087_label.npy,256,12,294,65536,0.45
western_ghats_test_00088,western_ghats,test,data/processed/patches/western_ghats/test/western_ghats_test_00088_t1.npy,data/processed/patches/western_ghats/test/western_ghats_test_00088_t2.npy,data/processed/patches/western_ghats/test/western_ghats_test_00088_label.npy,256,12,1672,65536,2.55
western_ghats_test_00089,western_ghats,test,data/processed/patches/western_ghats/test/western_ghats_test_00089_t1.npy,data/processed/patches/western_ghats/test/western_ghats_test_00089_t2.npy,data/processed/patches/western_ghats/test/western_ghats_test_00089_label.npy,256,12,4697,65536,7.17
western_ghats_test_00090,western_ghats,test,data/processed/patches/western_ghats/test/western_ghats_test_00090_t1.npy,data/processed/patches/western_ghats/test/western_ghats_test_00090_t2.npy,data/processed/patches/western_ghats/test/western_ghats_test_00090_label.npy,256,12,2188,65536,3.34
western_ghats_test_00091,western_ghats,test,data/processed/patches/western_ghats/test/western_ghats_test_00091_t1.npy,data/processed/patches/western_ghats/test/western_ghats_test_00091_t2.npy,data/processed/patches/western_ghats/test/western_ghats_test_00091_label.npy,256,12,1526,65536,2.33
western_ghats_test_00092,western_ghats,test,data/processed/patches/western_ghats/test/western_ghats_test_00092_t1.npy,data/processed/patches/western_ghats/test/western_ghats_test_00092_t2.npy,data/processed/patches/western_ghats/test/western_ghats_test_00092_label.npy,256,12,554,65536,0.85
western_ghats_test_00093,western_ghats,test,data/processed/patches/western_ghats/test/western_ghats_test_00093_t1.npy,data/processed/patches/western_ghats/test/western_ghats_test_00093_t2.npy,data/processed/patches/western_ghats/test/western_ghats_test_00093_label.npy,256,12,2429,65536,3.71
western_ghats_test_00094,western_ghats,test,data/processed/patches/western_ghats/test/western_ghats_test_00094_t1.npy,data/processed/patches/western_ghats/test/western_ghats_test_00094_t2.npy,data/processed/patches/western_ghats/test/western_ghats_test_00094_label.npy,256,12,931,65536,1.42
sundarbans_train_00000,sundarbans,train,data/processed/patches/sundarbans/train/sundarbans_train_00000_t1.npy,data/processed/patches/sundarbans/train/sundarbans_train_00000_t2.npy,data/processed/patches/sundarbans/train/sundarbans_train_00000_label.npy,256,12,561,65536,0.86
sundarbans_train_00001,sundarbans,train,data/processed/patches/sundarbans/train/sundarbans_train_00001_t1.npy,data/processed/patches/sundarbans/train/sundarbans_train_00001_t2.npy,data/processed/patches/sundarbans/train/sundarbans_train_00001_label.npy,256,12,559,65536,0.85
sundarbans_train_00002,sundarbans,train,data/processed/patches/sundarbans/train/sundarbans_train_00002_t1.npy,data/processed/patches/sundarbans/train/sundarbans_train_00002_t2.npy,data/processed/patches/sundarbans/train/sundarbans_train_00002_label.npy,256,12,14789,65536,22.57
sundarbans_train_00003,sundarbans,train,data/processed/patches/sundarbans/train/sundarbans_train_00003_t1.npy,data/processed/patches/sundarbans/train/sundarbans_train_00003_t2.npy,data/processed/patches/sundarbans/train/sundarbans_train_00003_label.npy,256,12,677,65536,1.03
sundarbans_train_00004,sundarbans,train,data/processed/patches/sundarbans/train/sundarbans_train_00004_t1.npy,data/processed/patches/sundarbans/train/sundarbans_train_00004_t2.npy,data/processed/patches/sundarbans/train/sundarbans_train_00004_label.npy,256,12,691,65536,1.05
sundarbans_train_00005,sundarbans,train,data/processed/patches/sundarbans/train/sundarbans_train_00005_t1.npy,data/processed/patches/sundarbans/train/sundarbans_train_00005_t2.npy,data/processed/patches/sundarbans/train/sundarbans_train_00005_label.npy,256,12,0,65536,0.0
sundarbans_train_00006,sundarbans,train,data/processed/patches/sundarbans/train/sundarbans_train_00006_t1.npy,data/processed/patches/sundarbans/train/sundarbans_train_00006_t2.npy,data/processed/patches/sundarbans/train/sundarbans_train_00006_label.npy,256,12,890,65536,1.36
sundarbans_train_00007,sundarbans,train,data/processed/patches/sundarbans/train/sundarbans_train_00007_t1.npy,data/processed/patches/sundarbans/train/sundarbans_train_00007_t2.npy,data/processed/patches/sundarbans/train/sundarbans_train_00007_label.npy,256,12,9285,65536,14.17
sundarbans_train_00008,sundarbans,train,data/processed/patches/sundarbans/train/sundarbans_train_00008_t1.npy,data/processed/patches/sundarbans/train/sundarbans_train_00008_t2.npy,data/processed/patches/sundarbans/train/sundarbans_train_00008_label.npy,256,12,0,65536,0.0
sundarbans_train_00009,sundarbans,train,data/processed/patches/sundarbans/train/sundarbans_train_00009_t1.npy,data/processed/patches/sundarbans/train/sundarbans_train_00009_t2.npy,data/processed/patches/sundarbans/train/sundarbans_train_00009_label.npy,256,12,192,65536,0.29
sundarbans_train_00010,sundarbans,train,data/processed/patches/sundarbans/train/sundarbans_train_00010_t1.npy,data/processed/patches/sundarbans/train/sundarbans_train_00010_t2.npy,data/processed/patches/sundarbans/train/sundarbans_train_00010_label.npy,256,12,7066,65536,10.78
sundarbans_train_00011,sundarbans,train,data/processed/patches/sundarbans/train/sundarbans_train_00011_t1.npy,data/processed/patches/sundarbans/train/sundarbans_train_00011_t2.npy,data/processed/patches/sundarbans/train/sundarbans_train_00011_label.npy,256,12,0,65536,0.0
sundarbans_train_00012,sundarbans,train,data/processed/patches/sundarbans/train/sundarbans_train_00012_t1.npy,data/processed/patches/sundarbans/train/sundarbans_train_00012_t2.npy,data/processed/patches/sundarbans/train/sundarbans_train_00012_label.npy,256,12,17895,65536,27.31
sundarbans_train_00013,sundarbans,train,data/processed/patches/sundarbans/train/sundarbans_train_00013_t1.npy,data/processed/patches/sundarbans/train/sundarbans_train_00013_t2.npy,data/processed/patches/sundarbans/train/sundarbans_train_00013_label.npy,256,12,41,65536,0.06
sundarbans_train_00014,sundarbans,train,data/processed/patches/sundarbans/train/sundarbans_train_00014_t1.npy,data/processed/patches/sundarbans/train/sundarbans_train_00014_t2.npy,data/processed/patches/sundarbans/train/sundarbans_train_00014_label.npy,256,12,1323,65536,2.02
sundarbans_train_00015,sundarbans,train,data/processed/patches/sundarbans/train/sundarbans_train_00015_t1.npy,data/processed/patches/sundarbans/train/sundarbans_train_00015_t2.npy,data/processed/patches/sundarbans/train/sundarbans_train_00015_label.npy,256,12,832,65536,1.27
sundarbans_train_00016,sundarbans,train,data/processed/patches/sundarbans/train/sundarbans_train_00016_t1.npy,data/processed/patches/sundarbans/train/sundarbans_train_00016_t2.npy,data/processed/patches/sundarbans/train/sundarbans_train_00016_label.npy,256,12,13021,65536,19.87
sundarbans_train_00017,sundarbans,train,data/processed/patches/sundarbans/train/sundarbans_train_00017_t1.npy,data/processed/patches/sundarbans/train/sundarbans_train_00017_t2.npy,data/processed/patches/sundarbans/train/sundarbans_train_00017_label.npy,256,12,642,65536,0.98
sundarbans_train_00018,sundarbans,train,data/processed/patches/sundarbans/train/sundarbans_train_00018_t1.npy,data/processed/patches/sundarbans/train/sundarbans_train_00018_t2.npy,data/processed/patches/sundarbans/train/sundarbans_train_00018_label.npy,256,12,10057,65536,15.35
sundarbans_train_00019,sundarbans,train,data/processed/patches/sundarbans/train/sundarbans_train_00019_t1.npy,data/processed/patches/sundarbans/train/sundarbans_train_00019_t2.npy,data/processed/patches/sundarbans/train/sundarbans_train_00019_label.npy,256,12,14847,65536,22.65
sundarbans_train_00020,sundarbans,train,data/processed/patches/sundarbans/train/sundarbans_train_00020_t1.npy,data/processed/patches/sundarbans/train/sundarbans_train_00020_t2.npy,data/processed/patches/sundarbans/train/sundarbans_train_00020_label.npy,256,12,11442,65536,17.46
sundarbans_train_00021,sundarbans,train,data/processed/patches/sundarbans/train/sundarbans_train_00021_t1.npy,data/processed/patches/sundarbans/train/sundarbans_train_00021_t2.npy,data/processed/patches/sundarbans/train/sundarbans_train_00021_label.npy,256,12,1874,65536,2.86
sundarbans_train_00022,sundarbans,train,data/processed/patches/sundarbans/train/sundarbans_train_00022_t1.npy,data/processed/patches/sundarbans/train/sundarbans_train_00022_t2.npy,data/processed/patches/sundarbans/train/sundarbans_train_00022_label.npy,256,12,9190,65536,14.02
sundarbans_train_00023,sundarbans,train,data/processed/patches/sundarbans/train/sundarbans_train_00023_t1.npy,data/processed/patches/sundarbans/train/sundarbans_train_00023_t2.npy,data/processed/patches/sundarbans/train/sundarbans_train_00023_label.npy,256,12,576,65536,0.88
sundarbans_train_00024,sundarbans,train,data/processed/patches/sundarbans/train/sundarbans_train_00024_t1.npy,data/processed/patches/sundarbans/train/sundarbans_train_00024_t2.npy,data/processed/patches/sundarbans/train/sundarbans_train_00024_label.npy,256,12,185,65536,0.28
sundarbans_train_00025,sundarbans,train,data/processed/patches/sundarbans/train/sundarbans_train_00025_t1.npy,data/processed/patches/sundarbans/train/sundarbans_train_00025_t2.npy,data/processed/patches/sundarbans/train/sundarbans_train_00025_label.npy,256,12,196,65536,0.3
sundarbans_train_00026,sundarbans,train,data/processed/patches/sundarbans/train/sundarbans_train_00026_t1.npy,data/processed/patches/sundarbans/train/sundarbans_train_00026_t2.npy,data/processed/patches/sundarbans/train/sundarbans_train_00026_label.npy,256,12,824,65536,1.26
sundarbans_train_00027,sundarbans,train,data/processed/patches/sundarbans/train/sundarbans_train_00027_t1.npy,data/processed/patches/sundarbans/train/sundarbans_train_00027_t2.npy,data/processed/patches/sundarbans/train/sundarbans_train_00027_label.npy,256,12,158,65536,0.24
sundarbans_train_00028,sundarbans,train,data/processed/patches/sundarbans/train/sundarbans_train_00028_t1.npy,data/processed/patches/sundarbans/train/sundarbans_train_00028_t2.npy,data/processed/patches/sundarbans/train/sundarbans_train_00028_label.npy,256,12,275,65536,0.42
sundarbans_train_00029,sundarbans,train,data/processed/patches/sundarbans/train/sundarbans_train_00029_t1.npy,data/processed/patches/sundarbans/train/sundarbans_train_00029_t2.npy,data/processed/patches/sundarbans/train/sundarbans_train_00029_label.npy,256,12,14838,65536,22.64
sundarbans_train_00030,sundarbans,train,data/processed/patches/sundarbans/train/sundarbans_train_00030_t1.npy,data/processed/patches/sundarbans/train/sundarbans_train_00030_t2.npy,data/processed/patches/sundarbans/train/sundarbans_train_00030_label.npy,256,12,623,65536,0.95
sundarbans_train_00031,sundarbans,train,data/processed/patches/sundarbans/train/sundarbans_train_00031_t1.npy,data/processed/patches/sundarbans/train/sundarbans_train_00031_t2.npy,data/processed/patches/sundarbans/train/sundarbans_train_00031_label.npy,256,12,1258,65536,1.92
sundarbans_train_00032,sundarbans,train,data/processed/patches/sundarbans/train/sundarbans_train_00032_t1.npy,data/processed/patches/sundarbans/train/sundarbans_train_00032_t2.npy,data/processed/patches/sundarbans/train/sundarbans_train_00032_label.npy,256,12,277,65536,0.42
sundarbans_train_00033,sundarbans,train,data/processed/patches/sundarbans/train/sundarbans_train_00033_t1.npy,data/processed/patches/sundarbans/train/sundarbans_train_00033_t2.npy,data/processed/patches/sundarbans/train/sundarbans_train_00033_label.npy,256,12,703,65536,1.07
sundarbans_train_00034,sundarbans,train,data/processed/patches/sundarbans/train/sundarbans_train_00034_t1.npy,data/processed/patches/sundarbans/train/sundarbans_train_00034_t2.npy,data/processed/patches/sundarbans/train/sundarbans_train_00034_label.npy,256,12,196,65536,0.3
sundarbans_train_00035,sundarbans,train,data/processed/patches/sundarbans/train/sundarbans_train_00035_t1.npy,data/processed/patches/sundarbans/train/sundarbans_train_00035_t2.npy,data/processed/patches/sundarbans/train/sundarbans_train_00035_label.npy,256,12,8159,65536,12.45
sundarbans_train_00036,sundarbans,train,data/processed/patches/sundarbans/train/sundarbans_train_00036_t1.npy,data/processed/patches/sundarbans/train/sundarbans_train_00036_t2.npy,data/processed/patches/sundarbans/train/sundarbans_train_00036_label.npy,256,12,608,65536,0.93
sundarbans_train_00037,sundarbans,train,data/processed/patches/sundarbans/train/sundarbans_train_00037_t1.npy,data/processed/patches/sundarbans/train/sundarbans_train_00037_t2.npy,data/processed/patches/sundarbans/train/sundarbans_train_00037_label.npy,256,12,17243,65536,26.31
sundarbans_train_00038,sundarbans,train,data/processed/patches/sundarbans/train/sundarbans_train_00038_t1.npy,data/processed/patches/sundarbans/train/sundarbans_train_00038_t2.npy,data/processed/patches/sundarbans/train/sundarbans_train_00038_label.npy,256,12,468,65536,0.71
sundarbans_train_00039,sundarbans,train,data/processed/patches/sundarbans/train/sundarbans_train_00039_t1.npy,data/processed/patches/sundarbans/train/sundarbans_train_00039_t2.npy,data/processed/patches/sundarbans/train/sundarbans_train_00039_label.npy,256,12,580,65536,0.89
sundarbans_train_00040,sundarbans,train,data/processed/patches/sundarbans/train/sundarbans_train_00040_t1.npy,data/processed/patches/sundarbans/train/sundarbans_train_00040_t2.npy,data/processed/patches/sundarbans/train/sundarbans_train_00040_label.npy,256,12,588,65536,0.9
sundarbans_train_00041,sundarbans,train,data/processed/patches/sundarbans/train/sundarbans_train_00041_t1.npy,data/processed/patches/sundarbans/train/sundarbans_train_00041_t2.npy,data/processed/patches/sundarbans/train/sundarbans_train_00041_label.npy,256,12,4793,65536,7.31
sundarbans_train_00042,sundarbans,train,data/processed/patches/sundarbans/train/sundarbans_train_00042_t1.npy,data/processed/patches/sundarbans/train/sundarbans_train_00042_t2.npy,data/processed/patches/sundarbans/train/sundarbans_train_00042_label.npy,256,12,166,65536,0.25
sundarbans_train_00043,sundarbans,train,data/processed/patches/sundarbans/train/sundarbans_train_00043_t1.npy,data/processed/patches/sundarbans/train/sundarbans_train_00043_t2.npy,data/processed/patches/sundarbans/train/sundarbans_train_00043_label.npy,256,12,256,65536,0.39
sundarbans_train_00044,sundarbans,train,data/processed/patches/sundarbans/train/sundarbans_train_00044_t1.npy,data/processed/patches/sundarbans/train/sundarbans_train_00044_t2.npy,data/processed/patches/sundarbans/train/sundarbans_train_00044_label.npy,256,12,0,65536,0.0
sundarbans_train_00045,sundarbans,train,data/processed/patches/sundarbans/train/sundarbans_train_00045_t1.npy,data/processed/patches/sundarbans/train/sundarbans_train_00045_t2.npy,data/processed/patches/sundarbans/train/sundarbans_train_00045_label.npy,256,12,892,65536,1.36
sundarbans_train_00046,sundarbans,train,data/processed/patches/sundarbans/train/sundarbans_train_00046_t1.npy,data/processed/patches/sundarbans/train/sundarbans_train_00046_t2.npy,data/processed/patches/sundarbans/train/sundarbans_train_00046_label.npy,256,12,29,65536,0.04
sundarbans_train_00047,sundarbans,train,data/processed/patches/sundarbans/train/sundarbans_train_00047_t1.npy,data/processed/patches/sundarbans/train/sundarbans_train_00047_t2.npy,data/processed/patches/sundarbans/train/sundarbans_train_00047_label.npy,256,12,7103,65536,10.84
sundarbans_train_00048,sundarbans,train,data/processed/patches/sundarbans/train/sundarbans_train_00048_t1.npy,data/processed/patches/sundarbans/train/sundarbans_train_00048_t2.npy,data/processed/patches/sundarbans/train/sundarbans_train_00048_label.npy,256,12,9830,65536,15.0
sundarbans_train_00049,sundarbans,train,data/processed/patches/sundarbans/train/sundarbans_train_00049_t1.npy,data/processed/patches/sundarbans/train/sundarbans_train_00049_t2.npy,data/processed/patches/sundarbans/train/sundarbans_train_00049_label.npy,256,12,386,65536,0.59
sundarbans_train_00050,sundarbans,train,data/processed/patches/sundarbans/train/sundarbans_train_00050_t1.npy,data/processed/patches/sundarbans/train/sundarbans_train_00050_t2.npy,data/processed/patches/sundarbans/train/sundarbans_train_00050_label.npy,256,12,757,65536,1.16
sundarbans_train_00051,sundarbans,train,data/processed/patches/sundarbans/train/sundarbans_train_00051_t1.npy,data/processed/patches/sundarbans/train/sundarbans_train_00051_t2.npy,data/processed/patches/sundarbans/train/sundarbans_train_00051_label.npy,256,12,0,65536,0.0
sundarbans_train_00052,sundarbans,train,data/processed/patches/sundarbans/train/sundarbans_train_00052_t1.npy,data/processed/patches/sundarbans/train/sundarbans_train_00052_t2.npy,data/processed/patches/sundarbans/train/sundarbans_train_00052_label.npy,256,12,332,65536,0.51
sundarbans_train_00053,sundarbans,train,data/processed/patches/sundarbans/train/sundarbans_train_00053_t1.npy,data/processed/patches/sundarbans/train/sundarbans_train_00053_t2.npy,data/processed/patches/sundarbans/train/sundarbans_train_00053_label.npy,256,12,217,65536,0.33
sundarbans_train_00054,sundarbans,train,data/processed/patches/sundarbans/train/sundarbans_train_00054_t1.npy,data/processed/patches/sundarbans/train/sundarbans_train_00054_t2.npy,data/processed/patches/sundarbans/train/sundarbans_train_00054_label.npy,256,12,183,65536,0.28
sundarbans_train_00055,sundarbans,train,data/processed/patches/sundarbans/train/sundarbans_train_00055_t1.npy,data/processed/patches/sundarbans/train/sundarbans_train_00055_t2.npy,data/processed/patches/sundarbans/train/sundarbans_train_00055_label.npy,256,12,368,65536,0.56
sundarbans_train_00056,sundarbans,train,data/processed/patches/sundarbans/train/sundarbans_train_00056_t1.npy,data/processed/patches/sundarbans/train/sundarbans_train_00056_t2.npy,data/processed/patches/sundarbans/train/sundarbans_train_00056_label.npy,256,12,377,65536,0.58
sundarbans_train_00057,sundarbans,train,data/processed/patches/sundarbans/train/sundarbans_train_00057_t1.npy,data/processed/patches/sundarbans/train/sundarbans_train_00057_t2.npy,data/processed/patches/sundarbans/train/sundarbans_train_00057_label.npy,256,12,428,65536,0.65
sundarbans_train_00058,sundarbans,train,data/processed/patches/sundarbans/train/sundarbans_train_00058_t1.npy,data/processed/patches/sundarbans/train/sundarbans_train_00058_t2.npy,data/processed/patches/sundarbans/train/sundarbans_train_00058_label.npy,256,12,168,65536,0.26
sundarbans_train_00059,sundarbans,train,data/processed/patches/sundarbans/train/sundarbans_train_00059_t1.npy,data/processed/patches/sundarbans/train/sundarbans_train_00059_t2.npy,data/processed/patches/sundarbans/train/sundarbans_train_00059_label.npy,256,12,0,65536,0.0
sundarbans_train_00060,sundarbans,train,data/processed/patches/sundarbans/train/sundarbans_train_00060_t1.npy,data/processed/patches/sundarbans/train/sundarbans_train_00060_t2.npy,data/processed/patches/sundarbans/train/sundarbans_train_00060_label.npy,256,12,619,65536,0.94
sundarbans_train_00061,sundarbans,train,data/processed/patches/sundarbans/train/sundarbans_train_00061_t1.npy,data/processed/patches/sundarbans/train/sundarbans_train_00061_t2.npy,data/processed/patches/sundarbans/train/sundarbans_train_00061_label.npy,256,12,15180,65536,23.16
sundarbans_train_00062,sundarbans,train,data/processed/patches/sundarbans/train/sundarbans_train_00062_t1.npy,data/processed/patches/sundarbans/train/sundarbans_train_00062_t2.npy,data/processed/patches/sundarbans/train/sundarbans_train_00062_label.npy,256,12,16170,65536,24.67
sundarbans_train_00063,sundarbans,train,data/processed/patches/sundarbans/train/sundarbans_train_00063_t1.npy,data/processed/patches/sundarbans/train/sundarbans_train_00063_t2.npy,data/processed/patches/sundarbans/train/sundarbans_train_00063_label.npy,256,12,0,65536,0.0
sundarbans_train_00064,sundarbans,train,data/processed/patches/sundarbans/train/sundarbans_train_00064_t1.npy,data/processed/patches/sundarbans/train/sundarbans_train_00064_t2.npy,data/processed/patches/sundarbans/train/sundarbans_train_00064_label.npy,256,12,517,65536,0.79
sundarbans_train_00065,sundarbans,train,data/processed/patches/sundarbans/train/sundarbans_train_00065_t1.npy,data/processed/patches/sundarbans/train/sundarbans_train_00065_t2.npy,data/processed/patches/sundarbans/train/sundarbans_train_00065_label.npy,256,12,87,65536,0.13
sundarbans_train_00066,sundarbans,train,data/processed/patches/sundarbans/train/sundarbans_train_00066_t1.npy,data/processed/patches/sundarbans/train/sundarbans_train_00066_t2.npy,data/processed/patches/sundarbans/train/sundarbans_train_00066_label.npy,256,12,8172,65536,12.47
sundarbans_train_00067,sundarbans,train,data/processed/patches/sundarbans/train/sundarbans_train_00067_t1.npy,data/processed/patches/sundarbans/train/sundarbans_train_00067_t2.npy,data/processed/patches/sundarbans/train/sundarbans_train_00067_label.npy,256,12,521,65536,0.79
sundarbans_train_00068,sundarbans,train,data/processed/patches/sundarbans/train/sundarbans_train_00068_t1.npy,data/processed/patches/sundarbans/train/sundarbans_train_00068_t2.npy,data/processed/patches/sundarbans/train/sundarbans_train_00068_label.npy,256,12,16562,65536,25.27
sundarbans_train_00069,sundarbans,train,data/processed/patches/sundarbans/train/sundarbans_train_00069_t1.npy,data/processed/patches/sundarbans/train/sundarbans_train_00069_t2.npy,data/processed/patches/sundarbans/train/sundarbans_train_00069_label.npy,256,12,12856,65536,19.62
sundarbans_train_00070,sundarbans,train,data/processed/patches/sundarbans/train/sundarbans_train_00070_t1.npy,data/processed/patches/sundarbans/train/sundarbans_train_00070_t2.npy,data/processed/patches/sundarbans/train/sundarbans_train_00070_label.npy,256,12,621,65536,0.95
sundarbans_train_00071,sundarbans,train,data/processed/patches/sundarbans/train/sundarbans_train_00071_t1.npy,data/processed/patches/sundarbans/train/sundarbans_train_00071_t2.npy,data/processed/patches/sundarbans/train/sundarbans_train_00071_label.npy,256,12,234,65536,0.36
sundarbans_train_00072,sundarbans,train,data/processed/patches/sundarbans/train/sundarbans_train_00072_t1.npy,data/processed/patches/sundarbans/train/sundarbans_train_00072_t2.npy,data/processed/patches/sundarbans/train/sundarbans_train_00072_label.npy,256,12,12917,65536,19.71
sundarbans_train_00073,sundarbans,train,data/processed/patches/sundarbans/train/sundarbans_train_00073_t1.npy,data/processed/patches/sundarbans/train/sundarbans_train_00073_t2.npy,data/processed/patches/sundarbans/train/sundarbans_train_00073_label.npy,256,12,6361,65536,9.71
sundarbans_train_00074,sundarbans,train,data/processed/patches/sundarbans/train/sundarbans_train_00074_t1.npy,data/processed/patches/sundarbans/train/sundarbans_train_00074_t2.npy,data/processed/patches/sundarbans/train/sundarbans_train_00074_label.npy,256,12,54,65536,0.08
sundarbans_train_00075,sundarbans,train,data/processed/patches/sundarbans/train/sundarbans_train_00075_t1.npy,data/processed/patches/sundarbans/train/sundarbans_train_00075_t2.npy,data/processed/patches/sundarbans/train/sundarbans_train_00075_label.npy,256,12,0,65536,0.0
sundarbans_train_00076,sundarbans,train,data/processed/patches/sundarbans/train/sundarbans_train_00076_t1.npy,data/processed/patches/sundarbans/train/sundarbans_train_00076_t2.npy,data/processed/patches/sundarbans/train/sundarbans_train_00076_label.npy,256,12,13194,65536,20.13
sundarbans_train_00077,sundarbans,train,data/processed/patches/sundarbans/train/sundarbans_train_00077_t1.npy,data/processed/patches/sundarbans/train/sundarbans_train_00077_t2.npy,data/processed/patches/sundarbans/train/sundarbans_train_00077_label.npy,256,12,287,65536,0.44
sundarbans_train_00078,sundarbans,train,data/processed/patches/sundarbans/train/sundarbans_train_00078_t1.npy,data/processed/patches/sundarbans/train/sundarbans_train_00078_t2.npy,data/processed/patches/sundarbans/train/sundarbans_train_00078_label.npy,256,12,1515,65536,2.31
sundarbans_train_00079,sundarbans,train,data/processed/patches/sundarbans/train/sundarbans_train_00079_t1.npy,data/processed/patches/sundarbans/train/sundarbans_train_00079_t2.npy,data/processed/patches/sundarbans/train/sundarbans_train_00079_label.npy,256,12,0,65536,0.0
sundarbans_train_00080,sundarbans,train,data/processed/patches/sundarbans/train/sundarbans_train_00080_t1.npy,data/processed/patches/sundarbans/train/sundarbans_train_00080_t2.npy,data/processed/patches/sundarbans/train/sundarbans_train_00080_label.npy,256,12,831,65536,1.27
sundarbans_train_00081,sundarbans,train,data/processed/patches/sundarbans/train/sundarbans_train_00081_t1.npy,data/processed/patches/sundarbans/train/sundarbans_train_00081_t2.npy,data/processed/patches/sundarbans/train/sundarbans_train_00081_label.npy,256,12,351,65536,0.54
sundarbans_train_00082,sundarbans,train,data/processed/patches/sundarbans/train/sundarbans_train_00082_t1.npy,data/processed/patches/sundarbans/train/sundarbans_train_00082_t2.npy,data/processed/patches/sundarbans/train/sundarbans_train_00082_label.npy,256,12,641,65536,0.98
sundarbans_train_00083,sundarbans,train,data/processed/patches/sundarbans/train/sundarbans_train_00083_t1.npy,data/processed/patches/sundarbans/train/sundarbans_train_00083_t2.npy,data/processed/patches/sundarbans/train/sundarbans_train_00083_label.npy,256,12,695,65536,1.06
sundarbans_train_00084,sundarbans,train,data/processed/patches/sundarbans/train/sundarbans_train_00084_t1.npy,data/processed/patches/sundarbans/train/sundarbans_train_00084_t2.npy,data/processed/patches/sundarbans/train/sundarbans_train_00084_label.npy,256,12,745,65536,1.14
sundarbans_train_00085,sundarbans,train,data/processed/patches/sundarbans/train/sundarbans_train_00085_t1.npy,data/processed/patches/sundarbans/train/sundarbans_train_00085_t2.npy,data/processed/patches/sundarbans/train/sundarbans_train_00085_label.npy,256,12,11089,65536,16.92
sundarbans_train_00086,sundarbans,train,data/processed/patches/sundarbans/train/sundarbans_train_00086_t1.npy,data/processed/patches/sundarbans/train/sundarbans_train_00086_t2.npy,data/processed/patches/sundarbans/train/sundarbans_train_00086_label.npy,256,12,1683,65536,2.57
sundarbans_train_00087,sundarbans,train,data/processed/patches/sundarbans/train/sundarbans_train_00087_t1.npy,data/processed/patches/sundarbans/train/sundarbans_train_00087_t2.npy,data/processed/patches/sundarbans/train/sundarbans_train_00087_label.npy,256,12,4583,65536,6.99
sundarbans_train_00088,sundarbans,train,data/processed/patches/sundarbans/train/sundarbans_train_00088_t1.npy,data/processed/patches/sundarbans/train/sundarbans_train_00088_t2.npy,data/processed/patches/sundarbans/train/sundarbans_train_00088_label.npy,256,12,1065,65536,1.63
sundarbans_train_00089,sundarbans,train,data/processed/patches/sundarbans/train/sundarbans_train_00089_t1.npy,data/processed/patches/sundarbans/train/sundarbans_train_00089_t2.npy,data/processed/patches/sundarbans/train/sundarbans_train_00089_label.npy,256,12,22698,65536,34.63
sundarbans_train_00090,sundarbans,train,data/processed/patches/sundarbans/train/sundarbans_train_00090_t1.npy,data/processed/patches/sundarbans/train/sundarbans_train_00090_t2.npy,data/processed/patches/sundarbans/train/sundarbans_train_00090_label.npy,256,12,0,65536,0.0
sundarbans_train_00091,sundarbans,train,data/processed/patches/sundarbans/train/sundarbans_train_00091_t1.npy,data/processed/patches/sundarbans/train/sundarbans_train_00091_t2.npy,data/processed/patches/sundarbans/train/sundarbans_train_00091_label.npy,256,12,10587,65536,16.15
sundarbans_train_00092,sundarbans,train,data/processed/patches/sundarbans/train/sundarbans_train_00092_t1.npy,data/processed/patches/sundarbans/train/sundarbans_train_00092_t2.npy,data/processed/patches/sundarbans/train/sundarbans_train_00092_label.npy,256,12,11332,65536,17.29
sundarbans_train_00093,sundarbans,train,data/processed/patches/sundarbans/train/sundarbans_train_00093_t1.npy,data/processed/patches/sundarbans/train/sundarbans_train_00093_t2.npy,data/processed/patches/sundarbans/train/sundarbans_train_00093_label.npy,256,12,17036,65536,25.99
sundarbans_train_00094,sundarbans,train,data/processed/patches/sundarbans/train/sundarbans_train_00094_t1.npy,data/processed/patches/sundarbans/train/sundarbans_train_00094_t2.npy,data/processed/patches/sundarbans/train/sundarbans_train_00094_label.npy,256,12,553,65536,0.84
sundarbans_train_00095,sundarbans,train,data/processed/patches/sundarbans/train/sundarbans_train_00095_t1.npy,data/processed/patches/sundarbans/train/sundarbans_train_00095_t2.npy,data/processed/patches/sundarbans/train/sundarbans_train_00095_label.npy,256,12,951,65536,1.45
sundarbans_train_00096,sundarbans,train,data/processed/patches/sundarbans/train/sundarbans_train_00096_t1.npy,data/processed/patches/sundarbans/train/sundarbans_train_00096_t2.npy,data/processed/patches/sundarbans/train/sundarbans_train_00096_label.npy,256,12,0,65536,0.0
sundarbans_train_00097,sundarbans,train,data/processed/patches/sundarbans/train/sundarbans_train_00097_t1.npy,data/processed/patches/sundarbans/train/sundarbans_train_00097_t2.npy,data/processed/patches/sundarbans/train/sundarbans_train_00097_label.npy,256,12,772,65536,1.18
sundarbans_train_00098,sundarbans,train,data/processed/patches/sundarbans/train/sundarbans_train_00098_t1.npy,data/processed/patches/sundarbans/train/sundarbans_train_00098_t2.npy,data/processed/patches/sundarbans/train/sundarbans_train_00098_label.npy,256,12,0,65536,0.0
sundarbans_train_00099,sundarbans,train,data/processed/patches/sundarbans/train/sundarbans_train_00099_t1.npy,data/processed/patches/sundarbans/train/sundarbans_train_00099_t2.npy,data/processed/patches/sundarbans/train/sundarbans_train_00099_label.npy,256,12,14532,65536,22.17
sundarbans_train_00100,sundarbans,train,data/processed/patches/sundarbans/train/sundarbans_train_00100_t1.npy,data/processed/patches/sundarbans/train/sundarbans_train_00100_t2.npy,data/processed/patches/sundarbans/train/sundarbans_train_00100_label.npy,256,12,542,65536,0.83
sundarbans_train_00101,sundarbans,train,data/processed/patches/sundarbans/train/sundarbans_train_00101_t1.npy,data/processed/patches/sundarbans/train/sundarbans_train_00101_t2.npy,data/processed/patches/sundarbans/train/sundarbans_train_00101_label.npy,256,12,341,65536,0.52
sundarbans_train_00102,sundarbans,train,data/processed/patches/sundarbans/train/sundarbans_train_00102_t1.npy,data/processed/patches/sundarbans/train/sundarbans_train_00102_t2.npy,data/processed/patches/sundarbans/train/sundarbans_train_00102_label.npy,256,12,1805,65536,2.75
sundarbans_train_00103,sundarbans,train,data/processed/patches/sundarbans/train/sundarbans_train_00103_t1.npy,data/processed/patches/sundarbans/train/sundarbans_train_00103_t2.npy,data/processed/patches/sundarbans/train/sundarbans_train_00103_label.npy,256,12,8102,65536,12.36
sundarbans_train_00104,sundarbans,train,data/processed/patches/sundarbans/train/sundarbans_train_00104_t1.npy,data/processed/patches/sundarbans/train/sundarbans_train_00104_t2.npy,data/processed/patches/sundarbans/train/sundarbans_train_00104_label.npy,256,12,0,65536,0.0
sundarbans_train_00105,sundarbans,train,data/processed/patches/sundarbans/train/sundarbans_train_00105_t1.npy,data/processed/patches/sundarbans/train/sundarbans_train_00105_t2.npy,data/processed/patches/sundarbans/train/sundarbans_train_00105_label.npy,256,12,264,65536,0.4
sundarbans_train_00106,sundarbans,train,data/processed/patches/sundarbans/train/sundarbans_train_00106_t1.npy,data/processed/patches/sundarbans/train/sundarbans_train_00106_t2.npy,data/processed/patches/sundarbans/train/sundarbans_train_00106_label.npy,256,12,6026,65536,9.19
sundarbans_train_00107,sundarbans,train,data/processed/patches/sundarbans/train/sundarbans_train_00107_t1.npy,data/processed/patches/sundarbans/train/sundarbans_train_00107_t2.npy,data/processed/patches/sundarbans/train/sundarbans_train_00107_label.npy,256,12,1404,65536,2.14
sundarbans_train_00108,sundarbans,train,data/processed/patches/sundarbans/train/sundarbans_train_00108_t1.npy,data/processed/patches/sundarbans/train/sundarbans_train_00108_t2.npy,data/processed/patches/sundarbans/train/sundarbans_train_00108_label.npy,256,12,6324,65536,9.65
sundarbans_train_00109,sundarbans,train,data/processed/patches/sundarbans/train/sundarbans_train_00109_t1.npy,data/processed/patches/sundarbans/train/sundarbans_train_00109_t2.npy,data/processed/patches/sundarbans/train/sundarbans_train_00109_label.npy,256,12,272,65536,0.42
sundarbans_train_00110,sundarbans,train,data/processed/patches/sundarbans/train/sundarbans_train_00110_t1.npy,data/processed/patches/sundarbans/train/sundarbans_train_00110_t2.npy,data/processed/patches/sundarbans/train/sundarbans_train_00110_label.npy,256,12,3078,65536,4.7
sundarbans_train_00111,sundarbans,train,data/processed/patches/sundarbans/train/sundarbans_train_00111_t1.npy,data/processed/patches/sundarbans/train/sundarbans_train_00111_t2.npy,data/processed/patches/sundarbans/train/sundarbans_train_00111_label.npy,256,12,305,65536,0.47
sundarbans_train_00112,sundarbans,train,data/processed/patches/sundarbans/train/sundarbans_train_00112_t1.npy,data/processed/patches/sundarbans/train/sundarbans_train_00112_t2.npy,data/processed/patches/sundarbans/train/sundarbans_train_00112_label.npy,256,12,801,65536,1.22
sundarbans_train_00113,sundarbans,train,data/processed/patches/sundarbans/train/sundarbans_train_00113_t1.npy,data/processed/patches/sundarbans/train/sundarbans_train_00113_t2.npy,data/processed/patches/sundarbans/train/sundarbans_train_00113_label.npy,256,12,547,65536,0.83
sundarbans_train_00114,sundarbans,train,data/processed/patches/sundarbans/train/sundarbans_train_00114_t1.npy,data/processed/patches/sundarbans/train/sundarbans_train_00114_t2.npy,data/processed/patches/sundarbans/train/sundarbans_train_00114_label.npy,256,12,3,65536,0.0
sundarbans_train_00115,sundarbans,train,data/processed/patches/sundarbans/train/sundarbans_train_00115_t1.npy,data/processed/patches/sundarbans/train/sundarbans_train_00115_t2.npy,data/processed/patches/sundarbans/train/sundarbans_train_00115_label.npy,256,12,360,65536,0.55
sundarbans_train_00116,sundarbans,train,data/processed/patches/sundarbans/train/sundarbans_train_00116_t1.npy,data/processed/patches/sundarbans/train/sundarbans_train_00116_t2.npy,data/processed/patches/sundarbans/train/sundarbans_train_00116_label.npy,256,12,816,65536,1.25
sundarbans_train_00117,sundarbans,train,data/processed/patches/sundarbans/train/sundarbans_train_00117_t1.npy,data/processed/patches/sundarbans/train/sundarbans_train_00117_t2.npy,data/processed/patches/sundarbans/train/sundarbans_train_00117_label.npy,256,12,629,65536,0.96
sundarbans_train_00118,sundarbans,train,data/processed/patches/sundarbans/train/sundarbans_train_00118_t1.npy,data/processed/patches/sundarbans/train/sundarbans_train_00118_t2.npy,data/processed/patches/sundarbans/train/sundarbans_train_00118_label.npy,256,12,20975,65536,32.01
sundarbans_train_00119,sundarbans,train,data/processed/patches/sundarbans/train/sundarbans_train_00119_t1.npy,data/processed/patches/sundarbans/train/sundarbans_train_00119_t2.npy,data/processed/patches/sundarbans/train/sundarbans_train_00119_label.npy,256,12,18202,65536,27.77
sundarbans_train_00120,sundarbans,train,data/processed/patches/sundarbans/train/sundarbans_train_00120_t1.npy,data/processed/patches/sundarbans/train/sundarbans_train_00120_t2.npy,data/processed/patches/sundarbans/train/sundarbans_train_00120_label.npy,256,12,12141,65536,18.53
sundarbans_train_00121,sundarbans,train,data/processed/patches/sundarbans/train/sundarbans_train_00121_t1.npy,data/processed/patches/sundarbans/train/sundarbans_train_00121_t2.npy,data/processed/patches/sundarbans/train/sundarbans_train_00121_label.npy,256,12,11573,65536,17.66
sundarbans_train_00122,sundarbans,train,data/processed/patches/sundarbans/train/sundarbans_train_00122_t1.npy,data/processed/patches/sundarbans/train/sundarbans_train_00122_t2.npy,data/processed/patches/sundarbans/train/sundarbans_train_00122_label.npy,256,12,2933,65536,4.48
sundarbans_train_00123,sundarbans,train,data/processed/patches/sundarbans/train/sundarbans_train_00123_t1.npy,data/processed/patches/sundarbans/train/sundarbans_train_00123_t2.npy,data/processed/patches/sundarbans/train/sundarbans_train_00123_label.npy,256,12,485,65536,0.74
sundarbans_train_00124,sundarbans,train,data/processed/patches/sundarbans/train/sundarbans_train_00124_t1.npy,data/processed/patches/sundarbans/train/sundarbans_train_00124_t2.npy,data/processed/patches/sundarbans/train/sundarbans_train_00124_label.npy,256,12,14607,65536,22.29
sundarbans_train_00125,sundarbans,train,data/processed/patches/sundarbans/train/sundarbans_train_00125_t1.npy,data/processed/patches/sundarbans/train/sundarbans_train_00125_t2.npy,data/processed/patches/sundarbans/train/sundarbans_train_00125_label.npy,256,12,306,65536,0.47
sundarbans_train_00126,sundarbans,train,data/processed/patches/sundarbans/train/sundarbans_train_00126_t1.npy,data/processed/patches/sundarbans/train/sundarbans_train_00126_t2.npy,data/processed/patches/sundarbans/train/sundarbans_train_00126_label.npy,256,12,15832,65536,24.16
sundarbans_train_00127,sundarbans,train,data/processed/patches/sundarbans/train/sundarbans_train_00127_t1.npy,data/processed/patches/sundarbans/train/sundarbans_train_00127_t2.npy,data/processed/patches/sundarbans/train/sundarbans_train_00127_label.npy,256,12,53,65536,0.08
sundarbans_train_00128,sundarbans,train,data/processed/patches/sundarbans/train/sundarbans_train_00128_t1.npy,data/processed/patches/sundarbans/train/sundarbans_train_00128_t2.npy,data/processed/patches/sundarbans/train/sundarbans_train_00128_label.npy,256,12,13996,65536,21.36
sundarbans_train_00129,sundarbans,train,data/processed/patches/sundarbans/train/sundarbans_train_00129_t1.npy,data/processed/patches/sundarbans/train/sundarbans_train_00129_t2.npy,data/processed/patches/sundarbans/train/sundarbans_train_00129_label.npy,256,12,0,65536,0.0
sundarbans_train_00130,sundarbans,train,data/processed/patches/sundarbans/train/sundarbans_train_00130_t1.npy,data/processed/patches/sundarbans/train/sundarbans_train_00130_t2.npy,data/processed/patches/sundarbans/train/sundarbans_train_00130_label.npy,256,12,19220,65536,29.33
sundarbans_train_00131,sundarbans,train,data/processed/patches/sundarbans/train/sundarbans_train_00131_t1.npy,data/processed/patches/sundarbans/train/sundarbans_train_00131_t2.npy,data/processed/patches/sundarbans/train/sundarbans_train_00131_label.npy,256,12,293,65536,0.45
sundarbans_train_00132,sundarbans,train,data/processed/patches/sundarbans/train/sundarbans_train_00132_t1.npy,data/processed/patches/sundarbans/train/sundarbans_train_00132_t2.npy,data/processed/patches/sundarbans/train/sundarbans_train_00132_label.npy,256,12,9654,65536,14.73
sundarbans_train_00133,sundarbans,train,data/processed/patches/sundarbans/train/sundarbans_train_00133_t1.npy,data/processed/patches/sundarbans/train/sundarbans_train_00133_t2.npy,data/processed/patches/sundarbans/train/sundarbans_train_00133_label.npy,256,12,863,65536,1.32
sundarbans_train_00134,sundarbans,train,data/processed/patches/sundarbans/train/sundarbans_train_00134_t1.npy,data/processed/patches/sundarbans/train/sundarbans_train_00134_t2.npy,data/processed/patches/sundarbans/train/sundarbans_train_00134_label.npy,256,12,10573,65536,16.13
sundarbans_train_00135,sundarbans,train,data/processed/patches/sundarbans/train/sundarbans_train_00135_t1.npy,data/processed/patches/sundarbans/train/sundarbans_train_00135_t2.npy,data/processed/patches/sundarbans/train/sundarbans_train_00135_label.npy,256,12,457,65536,0.7
sundarbans_train_00136,sundarbans,train,data/processed/patches/sundarbans/train/sundarbans_train_00136_t1.npy,data/processed/patches/sundarbans/train/sundarbans_train_00136_t2.npy,data/processed/patches/sundarbans/train/sundarbans_train_00136_label.npy,256,12,121,65536,0.18
sundarbans_train_00137,sundarbans,train,data/processed/patches/sundarbans/train/sundarbans_train_00137_t1.npy,data/processed/patches/sundarbans/train/sundarbans_train_00137_t2.npy,data/processed/patches/sundarbans/train/sundarbans_train_00137_label.npy,256,12,0,65536,0.0
sundarbans_train_00138,sundarbans,train,data/processed/patches/sundarbans/train/sundarbans_train_00138_t1.npy,data/processed/patches/sundarbans/train/sundarbans_train_00138_t2.npy,data/processed/patches/sundarbans/train/sundarbans_train_00138_label.npy,256,12,799,65536,1.22
sundarbans_train_00139,sundarbans,train,data/processed/patches/sundarbans/train/sundarbans_train_00139_t1.npy,data/processed/patches/sundarbans/train/sundarbans_train_00139_t2.npy,data/processed/patches/sundarbans/train/sundarbans_train_00139_label.npy,256,12,1346,65536,2.05
sundarbans_train_00140,sundarbans,train,data/processed/patches/sundarbans/train/sundarbans_train_00140_t1.npy,data/processed/patches/sundarbans/train/sundarbans_train_00140_t2.npy,data/processed/patches/sundarbans/train/sundarbans_train_00140_label.npy,256,12,149,65536,0.23
sundarbans_train_00141,sundarbans,train,data/processed/patches/sundarbans/train/sundarbans_train_00141_t1.npy,data/processed/patches/sundarbans/train/sundarbans_train_00141_t2.npy,data/processed/patches/sundarbans/train/sundarbans_train_00141_label.npy,256,12,806,65536,1.23
sundarbans_train_00142,sundarbans,train,data/processed/patches/sundarbans/train/sundarbans_train_00142_t1.npy,data/processed/patches/sundarbans/train/sundarbans_train_00142_t2.npy,data/processed/patches/sundarbans/train/sundarbans_train_00142_label.npy,256,12,15167,65536,23.14
sundarbans_train_00143,sundarbans,train,data/processed/patches/sundarbans/train/sundarbans_train_00143_t1.npy,data/processed/patches/sundarbans/train/sundarbans_train_00143_t2.npy,data/processed/patches/sundarbans/train/sundarbans_train_00143_label.npy,256,12,0,65536,0.0
sundarbans_train_00144,sundarbans,train,data/processed/patches/sundarbans/train/sundarbans_train_00144_t1.npy,data/processed/patches/sundarbans/train/sundarbans_train_00144_t2.npy,data/processed/patches/sundarbans/train/sundarbans_train_00144_label.npy,256,12,14968,65536,22.84
sundarbans_train_00145,sundarbans,train,data/processed/patches/sundarbans/train/sundarbans_train_00145_t1.npy,data/processed/patches/sundarbans/train/sundarbans_train_00145_t2.npy,data/processed/patches/sundarbans/train/sundarbans_train_00145_label.npy,256,12,0,65536,0.0
sundarbans_train_00146,sundarbans,train,data/processed/patches/sundarbans/train/sundarbans_train_00146_t1.npy,data/processed/patches/sundarbans/train/sundarbans_train_00146_t2.npy,data/processed/patches/sundarbans/train/sundarbans_train_00146_label.npy,256,12,750,65536,1.14
sundarbans_train_00147,sundarbans,train,data/processed/patches/sundarbans/train/sundarbans_train_00147_t1.npy,data/processed/patches/sundarbans/train/sundarbans_train_00147_t2.npy,data/processed/patches/sundarbans/train/sundarbans_train_00147_label.npy,256,12,450,65536,0.69
sundarbans_train_00148,sundarbans,train,data/processed/patches/sundarbans/train/sundarbans_train_00148_t1.npy,data/processed/patches/sundarbans/train/sundarbans_train_00148_t2.npy,data/processed/patches/sundarbans/train/sundarbans_train_00148_label.npy,256,12,16322,65536,24.91
sundarbans_train_00149,sundarbans,train,data/processed/patches/sundarbans/train/sundarbans_train_00149_t1.npy,data/processed/patches/sundarbans/train/sundarbans_train_00149_t2.npy,data/processed/patches/sundarbans/train/sundarbans_train_00149_label.npy,256,12,0,65536,0.0
sundarbans_train_00150,sundarbans,train,data/processed/patches/sundarbans/train/sundarbans_train_00150_t1.npy,data/processed/patches/sundarbans/train/sundarbans_train_00150_t2.npy,data/processed/patches/sundarbans/train/sundarbans_train_00150_label.npy,256,12,40,65536,0.06
sundarbans_train_00151,sundarbans,train,data/processed/patches/sundarbans/train/sundarbans_train_00151_t1.npy,data/processed/patches/sundarbans/train/sundarbans_train_00151_t2.npy,data/processed/patches/sundarbans/train/sundarbans_train_00151_label.npy,256,12,304,65536,0.46
sundarbans_train_00152,sundarbans,train,data/processed/patches/sundarbans/train/sundarbans_train_00152_t1.npy,data/processed/patches/sundarbans/train/sundarbans_train_00152_t2.npy,data/processed/patches/sundarbans/train/sundarbans_train_00152_label.npy,256,12,1663,65536,2.54
sundarbans_train_00153,sundarbans,train,data/processed/patches/sundarbans/train/sundarbans_train_00153_t1.npy,data/processed/patches/sundarbans/train/sundarbans_train_00153_t2.npy,data/processed/patches/sundarbans/train/sundarbans_train_00153_label.npy,256,12,14116,65536,21.54
sundarbans_train_00154,sundarbans,train,data/processed/patches/sundarbans/train/sundarbans_train_00154_t1.npy,data/processed/patches/sundarbans/train/sundarbans_train_00154_t2.npy,data/processed/patches/sundarbans/train/sundarbans_train_00154_label.npy,256,12,14662,65536,22.37
sundarbans_train_00155,sundarbans,train,data/processed/patches/sundarbans/train/sundarbans_train_00155_t1.npy,data/processed/patches/sundarbans/train/sundarbans_train_00155_t2.npy,data/processed/patches/sundarbans/train/sundarbans_train_00155_label.npy,256,12,381,65536,0.58
sundarbans_train_00156,sundarbans,train,data/processed/patches/sundarbans/train/sundarbans_train_00156_t1.npy,data/processed/patches/sundarbans/train/sundarbans_train_00156_t2.npy,data/processed/patches/sundarbans/train/sundarbans_train_00156_label.npy,256,12,1690,65536,2.58
sundarbans_train_00157,sundarbans,train,data/processed/patches/sundarbans/train/sundarbans_train_00157_t1.npy,data/processed/patches/sundarbans/train/sundarbans_train_00157_t2.npy,data/processed/patches/sundarbans/train/sundarbans_train_00157_label.npy,256,12,10978,65536,16.75
sundarbans_train_00158,sundarbans,train,data/processed/patches/sundarbans/train/sundarbans_train_00158_t1.npy,data/processed/patches/sundarbans/train/sundarbans_train_00158_t2.npy,data/processed/patches/sundarbans/train/sundarbans_train_00158_label.npy,256,12,595,65536,0.91
sundarbans_train_00159,sundarbans,train,data/processed/patches/sundarbans/train/sundarbans_train_00159_t1.npy,data/processed/patches/sundarbans/train/sundarbans_train_00159_t2.npy,data/processed/patches/sundarbans/train/sundarbans_train_00159_label.npy,256,12,461,65536,0.7
sundarbans_train_00160,sundarbans,train,data/processed/patches/sundarbans/train/sundarbans_train_00160_t1.npy,data/processed/patches/sundarbans/train/sundarbans_train_00160_t2.npy,data/processed/patches/sundarbans/train/sundarbans_train_00160_label.npy,256,12,0,65536,0.0
sundarbans_train_00161,sundarbans,train,data/processed/patches/sundarbans/train/sundarbans_train_00161_t1.npy,data/processed/patches/sundarbans/train/sundarbans_train_00161_t2.npy,data/processed/patches/sundarbans/train/sundarbans_train_00161_label.npy,256,12,64,65536,0.1
sundarbans_train_00162,sundarbans,train,data/processed/patches/sundarbans/train/sundarbans_train_00162_t1.npy,data/processed/patches/sundarbans/train/sundarbans_train_00162_t2.npy,data/processed/patches/sundarbans/train/sundarbans_train_00162_label.npy,256,12,0,65536,0.0
sundarbans_train_00163,sundarbans,train,data/processed/patches/sundarbans/train/sundarbans_train_00163_t1.npy,data/processed/patches/sundarbans/train/sundarbans_train_00163_t2.npy,data/processed/patches/sundarbans/train/sundarbans_train_00163_label.npy,256,12,16371,65536,24.98
sundarbans_train_00164,sundarbans,train,data/processed/patches/sundarbans/train/sundarbans_train_00164_t1.npy,data/processed/patches/sundarbans/train/sundarbans_train_00164_t2.npy,data/processed/patches/sundarbans/train/sundarbans_train_00164_label.npy,256,12,152,65536,0.23
sundarbans_train_00165,sundarbans,train,data/processed/patches/sundarbans/train/sundarbans_train_00165_t1.npy,data/processed/patches/sundarbans/train/sundarbans_train_00165_t2.npy,data/processed/patches/sundarbans/train/sundarbans_train_00165_label.npy,256,12,156,65536,0.24
sundarbans_train_00166,sundarbans,train,data/processed/patches/sundarbans/train/sundarbans_train_00166_t1.npy,data/processed/patches/sundarbans/train/sundarbans_train_00166_t2.npy,data/processed/patches/sundarbans/train/sundarbans_train_00166_label.npy,256,12,1301,65536,1.99
sundarbans_train_00167,sundarbans,train,data/processed/patches/sundarbans/train/sundarbans_train_00167_t1.npy,data/processed/patches/sundarbans/train/sundarbans_train_00167_t2.npy,data/processed/patches/sundarbans/train/sundarbans_train_00167_label.npy,256,12,39,65536,0.06
sundarbans_train_00168,sundarbans,train,data/processed/patches/sundarbans/train/sundarbans_train_00168_t1.npy,data/processed/patches/sundarbans/train/sundarbans_train_00168_t2.npy,data/processed/patches/sundarbans/train/sundarbans_train_00168_label.npy,256,12,0,65536,0.0
sundarbans_train_00169,sundarbans,train,data/processed/patches/sundarbans/train/sundarbans_train_00169_t1.npy,data/processed/patches/sundarbans/train/sundarbans_train_00169_t2.npy,data/processed/patches/sundarbans/train/sundarbans_train_00169_label.npy,256,12,0,65536,0.0
sundarbans_train_00170,sundarbans,train,data/processed/patches/sundarbans/train/sundarbans_train_00170_t1.npy,data/processed/patches/sundarbans/train/sundarbans_train_00170_t2.npy,data/processed/patches/sundarbans/train/sundarbans_train_00170_label.npy,256,12,324,65536,0.49
sundarbans_train_00171,sundarbans,train,data/processed/patches/sundarbans/train/sundarbans_train_00171_t1.npy,data/processed/patches/sundarbans/train/sundarbans_train_00171_t2.npy,data/processed/patches/sundarbans/train/sundarbans_train_00171_label.npy,256,12,112,65536,0.17
sundarbans_train_00172,sundarbans,train,data/processed/patches/sundarbans/train/sundarbans_train_00172_t1.npy,data/processed/patches/sundarbans/train/sundarbans_train_00172_t2.npy,data/processed/patches/sundarbans/train/sundarbans_train_00172_label.npy,256,12,567,65536,0.87
sundarbans_train_00173,sundarbans,train,data/processed/patches/sundarbans/train/sundarbans_train_00173_t1.npy,data/processed/patches/sundarbans/train/sundarbans_train_00173_t2.npy,data/processed/patches/sundarbans/train/sundarbans_train_00173_label.npy,256,12,0,65536,0.0
sundarbans_train_00174,sundarbans,train,data/processed/patches/sundarbans/train/sundarbans_train_00174_t1.npy,data/processed/patches/sundarbans/train/sundarbans_train_00174_t2.npy,data/processed/patches/sundarbans/train/sundarbans_train_00174_label.npy,256,12,771,65536,1.18
sundarbans_train_00175,sundarbans,train,data/processed/patches/sundarbans/train/sundarbans_train_00175_t1.npy,data/processed/patches/sundarbans/train/sundarbans_train_00175_t2.npy,data/processed/patches/sundarbans/train/sundarbans_train_00175_label.npy,256,12,8289,65536,12.65
sundarbans_train_00176,sundarbans,train,data/processed/patches/sundarbans/train/sundarbans_train_00176_t1.npy,data/processed/patches/sundarbans/train/sundarbans_train_00176_t2.npy,data/processed/patches/sundarbans/train/sundarbans_train_00176_label.npy,256,12,0,65536,0.0
sundarbans_train_00177,sundarbans,train,data/processed/patches/sundarbans/train/sundarbans_train_00177_t1.npy,data/processed/patches/sundarbans/train/sundarbans_train_00177_t2.npy,data/processed/patches/sundarbans/train/sundarbans_train_00177_label.npy,256,12,0,65536,0.0
sundarbans_train_00178,sundarbans,train,data/processed/patches/sundarbans/train/sundarbans_train_00178_t1.npy,data/processed/patches/sundarbans/train/sundarbans_train_00178_t2.npy,data/processed/patches/sundarbans/train/sundarbans_train_00178_label.npy,256,12,0,65536,0.0
sundarbans_train_00179,sundarbans,train,data/processed/patches/sundarbans/train/sundarbans_train_00179_t1.npy,data/processed/patches/sundarbans/train/sundarbans_train_00179_t2.npy,data/processed/patches/sundarbans/train/sundarbans_train_00179_label.npy,256,12,6511,65536,9.93
sundarbans_train_00180,sundarbans,train,data/processed/patches/sundarbans/train/sundarbans_train_00180_t1.npy,data/processed/patches/sundarbans/train/sundarbans_train_00180_t2.npy,data/processed/patches/sundarbans/train/sundarbans_train_00180_label.npy,256,12,895,65536,1.37
sundarbans_train_00181,sundarbans,train,data/processed/patches/sundarbans/train/sundarbans_train_00181_t1.npy,data/processed/patches/sundarbans/train/sundarbans_train_00181_t2.npy,data/processed/patches/sundarbans/train/sundarbans_train_00181_label.npy,256,12,14703,65536,22.43
sundarbans_train_00182,sundarbans,train,data/processed/patches/sundarbans/train/sundarbans_train_00182_t1.npy,data/processed/patches/sundarbans/train/sundarbans_train_00182_t2.npy,data/processed/patches/sundarbans/train/sundarbans_train_00182_label.npy,256,12,0,65536,0.0
sundarbans_train_00183,sundarbans,train,data/processed/patches/sundarbans/train/sundarbans_train_00183_t1.npy,data/processed/patches/sundarbans/train/sundarbans_train_00183_t2.npy,data/processed/patches/sundarbans/train/sundarbans_train_00183_label.npy,256,12,1098,65536,1.68
sundarbans_train_00184,sundarbans,train,data/processed/patches/sundarbans/train/sundarbans_train_00184_t1.npy,data/processed/patches/sundarbans/train/sundarbans_train_00184_t2.npy,data/processed/patches/sundarbans/train/sundarbans_train_00184_label.npy,256,12,4216,65536,6.43
sundarbans_train_00185,sundarbans,train,data/processed/patches/sundarbans/train/sundarbans_train_00185_t1.npy,data/processed/patches/sundarbans/train/sundarbans_train_00185_t2.npy,data/processed/patches/sundarbans/train/sundarbans_train_00185_label.npy,256,12,16483,65536,25.15
sundarbans_train_00186,sundarbans,train,data/processed/patches/sundarbans/train/sundarbans_train_00186_t1.npy,data/processed/patches/sundarbans/train/sundarbans_train_00186_t2.npy,data/processed/patches/sundarbans/train/sundarbans_train_00186_label.npy,256,12,16171,65536,24.67
sundarbans_train_00187,sundarbans,train,data/processed/patches/sundarbans/train/sundarbans_train_00187_t1.npy,data/processed/patches/sundarbans/train/sundarbans_train_00187_t2.npy,data/processed/patches/sundarbans/train/sundarbans_train_00187_label.npy,256,12,188,65536,0.29
sundarbans_train_00188,sundarbans,train,data/processed/patches/sundarbans/train/sundarbans_train_00188_t1.npy,data/processed/patches/sundarbans/train/sundarbans_train_00188_t2.npy,data/processed/patches/sundarbans/train/sundarbans_train_00188_label.npy,256,12,445,65536,0.68
sundarbans_train_00189,sundarbans,train,data/processed/patches/sundarbans/train/sundarbans_train_00189_t1.npy,data/processed/patches/sundarbans/train/sundarbans_train_00189_t2.npy,data/processed/patches/sundarbans/train/sundarbans_train_00189_label.npy,256,12,489,65536,0.75
sundarbans_train_00190,sundarbans,train,data/processed/patches/sundarbans/train/sundarbans_train_00190_t1.npy,data/processed/patches/sundarbans/train/sundarbans_train_00190_t2.npy,data/processed/patches/sundarbans/train/sundarbans_train_00190_label.npy,256,12,697,65536,1.06
sundarbans_train_00191,sundarbans,train,data/processed/patches/sundarbans/train/sundarbans_train_00191_t1.npy,data/processed/patches/sundarbans/train/sundarbans_train_00191_t2.npy,data/processed/patches/sundarbans/train/sundarbans_train_00191_label.npy,256,12,395,65536,0.6
sundarbans_train_00192,sundarbans,train,data/processed/patches/sundarbans/train/sundarbans_train_00192_t1.npy,data/processed/patches/sundarbans/train/sundarbans_train_00192_t2.npy,data/processed/patches/sundarbans/train/sundarbans_train_00192_label.npy,256,12,345,65536,0.53
sundarbans_train_00193,sundarbans,train,data/processed/patches/sundarbans/train/sundarbans_train_00193_t1.npy,data/processed/patches/sundarbans/train/sundarbans_train_00193_t2.npy,data/processed/patches/sundarbans/train/sundarbans_train_00193_label.npy,256,12,223,65536,0.34
sundarbans_train_00194,sundarbans,train,data/processed/patches/sundarbans/train/sundarbans_train_00194_t1.npy,data/processed/patches/sundarbans/train/sundarbans_train_00194_t2.npy,data/processed/patches/sundarbans/train/sundarbans_train_00194_label.npy,256,12,764,65536,1.17
sundarbans_train_00195,sundarbans,train,data/processed/patches/sundarbans/train/sundarbans_train_00195_t1.npy,data/processed/patches/sundarbans/train/sundarbans_train_00195_t2.npy,data/processed/patches/sundarbans/train/sundarbans_train_00195_label.npy,256,12,1929,65536,2.94
sundarbans_train_00196,sundarbans,train,data/processed/patches/sundarbans/train/sundarbans_train_00196_t1.npy,data/processed/patches/sundarbans/train/sundarbans_train_00196_t2.npy,data/processed/patches/sundarbans/train/sundarbans_train_00196_label.npy,256,12,529,65536,0.81
sundarbans_train_00197,sundarbans,train,data/processed/patches/sundarbans/train/sundarbans_train_00197_t1.npy,data/processed/patches/sundarbans/train/sundarbans_train_00197_t2.npy,data/processed/patches/sundarbans/train/sundarbans_train_00197_label.npy,256,12,12807,65536,19.54
sundarbans_train_00198,sundarbans,train,data/processed/patches/sundarbans/train/sundarbans_train_00198_t1.npy,data/processed/patches/sundarbans/train/sundarbans_train_00198_t2.npy,data/processed/patches/sundarbans/train/sundarbans_train_00198_label.npy,256,12,374,65536,0.57
sundarbans_train_00199,sundarbans,train,data/processed/patches/sundarbans/train/sundarbans_train_00199_t1.npy,data/processed/patches/sundarbans/train/sundarbans_train_00199_t2.npy,data/processed/patches/sundarbans/train/sundarbans_train_00199_label.npy,256,12,541,65536,0.83
sundarbans_train_00200,sundarbans,train,data/processed/patches/sundarbans/train/sundarbans_train_00200_t1.npy,data/processed/patches/sundarbans/train/sundarbans_train_00200_t2.npy,data/processed/patches/sundarbans/train/sundarbans_train_00200_label.npy,256,12,1687,65536,2.57
sundarbans_train_00201,sundarbans,train,data/processed/patches/sundarbans/train/sundarbans_train_00201_t1.npy,data/processed/patches/sundarbans/train/sundarbans_train_00201_t2.npy,data/processed/patches/sundarbans/train/sundarbans_train_00201_label.npy,256,12,13151,65536,20.07
sundarbans_train_00202,sundarbans,train,data/processed/patches/sundarbans/train/sundarbans_train_00202_t1.npy,data/processed/patches/sundarbans/train/sundarbans_train_00202_t2.npy,data/processed/patches/sundarbans/train/sundarbans_train_00202_label.npy,256,12,355,65536,0.54
sundarbans_train_00203,sundarbans,train,data/processed/patches/sundarbans/train/sundarbans_train_00203_t1.npy,data/processed/patches/sundarbans/train/sundarbans_train_00203_t2.npy,data/processed/patches/sundarbans/train/sundarbans_train_00203_label.npy,256,12,822,65536,1.25
sundarbans_train_00204,sundarbans,train,data/processed/patches/sundarbans/train/sundarbans_train_00204_t1.npy,data/processed/patches/sundarbans/train/sundarbans_train_00204_t2.npy,data/processed/patches/sundarbans/train/sundarbans_train_00204_label.npy,256,12,1330,65536,2.03
sundarbans_train_00205,sundarbans,train,data/processed/patches/sundarbans/train/sundarbans_train_00205_t1.npy,data/processed/patches/sundarbans/train/sundarbans_train_00205_t2.npy,data/processed/patches/sundarbans/train/sundarbans_train_00205_label.npy,256,12,529,65536,0.81
sundarbans_train_00206,sundarbans,train,data/processed/patches/sundarbans/train/sundarbans_train_00206_t1.npy,data/processed/patches/sundarbans/train/sundarbans_train_00206_t2.npy,data/processed/patches/sundarbans/train/sundarbans_train_00206_label.npy,256,12,15096,65536,23.03
sundarbans_train_00207,sundarbans,train,data/processed/patches/sundarbans/train/sundarbans_train_00207_t1.npy,data/processed/patches/sundarbans/train/sundarbans_train_00207_t2.npy,data/processed/patches/sundarbans/train/sundarbans_train_00207_label.npy,256,12,276,65536,0.42
sundarbans_train_00208,sundarbans,train,data/processed/patches/sundarbans/train/sundarbans_train_00208_t1.npy,data/processed/patches/sundarbans/train/sundarbans_train_00208_t2.npy,data/processed/patches/sundarbans/train/sundarbans_train_00208_label.npy,256,12,12479,65536,19.04
sundarbans_train_00209,sundarbans,train,data/processed/patches/sundarbans/train/sundarbans_train_00209_t1.npy,data/processed/patches/sundarbans/train/sundarbans_train_00209_t2.npy,data/processed/patches/sundarbans/train/sundarbans_train_00209_label.npy,256,12,224,65536,0.34
sundarbans_train_00210,sundarbans,train,data/processed/patches/sundarbans/train/sundarbans_train_00210_t1.npy,data/processed/patches/sundarbans/train/sundarbans_train_00210_t2.npy,data/processed/patches/sundarbans/train/sundarbans_train_00210_label.npy,256,12,14649,65536,22.35
sundarbans_train_00211,sundarbans,train,data/processed/patches/sundarbans/train/sundarbans_train_00211_t1.npy,data/processed/patches/sundarbans/train/sundarbans_train_00211_t2.npy,data/processed/patches/sundarbans/train/sundarbans_train_00211_label.npy,256,12,385,65536,0.59
sundarbans_train_00212,sundarbans,train,data/processed/patches/sundarbans/train/sundarbans_train_00212_t1.npy,data/processed/patches/sundarbans/train/sundarbans_train_00212_t2.npy,data/processed/patches/sundarbans/train/sundarbans_train_00212_label.npy,256,12,34,65536,0.05
sundarbans_train_00213,sundarbans,train,data/processed/patches/sundarbans/train/sundarbans_train_00213_t1.npy,data/processed/patches/sundarbans/train/sundarbans_train_00213_t2.npy,data/processed/patches/sundarbans/train/sundarbans_train_00213_label.npy,256,12,865,65536,1.32
sundarbans_train_00214,sundarbans,train,data/processed/patches/sundarbans/train/sundarbans_train_00214_t1.npy,data/processed/patches/sundarbans/train/sundarbans_train_00214_t2.npy,data/processed/patches/sundarbans/train/sundarbans_train_00214_label.npy,256,12,1400,65536,2.14
sundarbans_train_00215,sundarbans,train,data/processed/patches/sundarbans/train/sundarbans_train_00215_t1.npy,data/processed/patches/sundarbans/train/sundarbans_train_00215_t2.npy,data/processed/patches/sundarbans/train/sundarbans_train_00215_label.npy,256,12,1129,65536,1.72
sundarbans_train_00216,sundarbans,train,data/processed/patches/sundarbans/train/sundarbans_train_00216_t1.npy,data/processed/patches/sundarbans/train/sundarbans_train_00216_t2.npy,data/processed/patches/sundarbans/train/sundarbans_train_00216_label.npy,256,12,2473,65536,3.77
sundarbans_train_00217,sundarbans,train,data/processed/patches/sundarbans/train/sundarbans_train_00217_t1.npy,data/processed/patches/sundarbans/train/sundarbans_train_00217_t2.npy,data/processed/patches/sundarbans/train/sundarbans_train_00217_label.npy,256,12,182,65536,0.28
sundarbans_train_00218,sundarbans,train,data/processed/patches/sundarbans/train/sundarbans_train_00218_t1.npy,data/processed/patches/sundarbans/train/sundarbans_train_00218_t2.npy,data/processed/patches/sundarbans/train/sundarbans_train_00218_label.npy,256,12,512,65536,0.78
sundarbans_train_00219,sundarbans,train,data/processed/patches/sundarbans/train/sundarbans_train_00219_t1.npy,data/processed/patches/sundarbans/train/sundarbans_train_00219_t2.npy,data/processed/patches/sundarbans/train/sundarbans_train_00219_label.npy,256,12,523,65536,0.8
sundarbans_train_00220,sundarbans,train,data/processed/patches/sundarbans/train/sundarbans_train_00220_t1.npy,data/processed/patches/sundarbans/train/sundarbans_train_00220_t2.npy,data/processed/patches/sundarbans/train/sundarbans_train_00220_label.npy,256,12,1730,65536,2.64
sundarbans_train_00221,sundarbans,train,data/processed/patches/sundarbans/train/sundarbans_train_00221_t1.npy,data/processed/patches/sundarbans/train/sundarbans_train_00221_t2.npy,data/processed/patches/sundarbans/train/sundarbans_train_00221_label.npy,256,12,536,65536,0.82
sundarbans_train_00222,sundarbans,train,data/processed/patches/sundarbans/train/sundarbans_train_00222_t1.npy,data/processed/patches/sundarbans/train/sundarbans_train_00222_t2.npy,data/processed/patches/sundarbans/train/sundarbans_train_00222_label.npy,256,12,1937,65536,2.96
sundarbans_train_00223,sundarbans,train,data/processed/patches/sundarbans/train/sundarbans_train_00223_t1.npy,data/processed/patches/sundarbans/train/sundarbans_train_00223_t2.npy,data/processed/patches/sundarbans/train/sundarbans_train_00223_label.npy,256,12,7412,65536,11.31
sundarbans_train_00224,sundarbans,train,data/processed/patches/sundarbans/train/sundarbans_train_00224_t1.npy,data/processed/patches/sundarbans/train/sundarbans_train_00224_t2.npy,data/processed/patches/sundarbans/train/sundarbans_train_00224_label.npy,256,12,343,65536,0.52
sundarbans_train_00225,sundarbans,train,data/processed/patches/sundarbans/train/sundarbans_train_00225_t1.npy,data/processed/patches/sundarbans/train/sundarbans_train_00225_t2.npy,data/processed/patches/sundarbans/train/sundarbans_train_00225_label.npy,256,12,13468,65536,20.55
sundarbans_train_00226,sundarbans,train,data/processed/patches/sundarbans/train/sundarbans_train_00226_t1.npy,data/processed/patches/sundarbans/train/sundarbans_train_00226_t2.npy,data/processed/patches/sundarbans/train/sundarbans_train_00226_label.npy,256,12,30,65536,0.05
sundarbans_train_00227,sundarbans,train,data/processed/patches/sundarbans/train/sundarbans_train_00227_t1.npy,data/processed/patches/sundarbans/train/sundarbans_train_00227_t2.npy,data/processed/patches/sundarbans/train/sundarbans_train_00227_label.npy,256,12,426,65536,0.65
sundarbans_train_00228,sundarbans,train,data/processed/patches/sundarbans/train/sundarbans_train_00228_t1.npy,data/processed/patches/sundarbans/train/sundarbans_train_00228_t2.npy,data/processed/patches/sundarbans/train/sundarbans_train_00228_label.npy,256,12,13083,65536,19.96
sundarbans_train_00229,sundarbans,train,data/processed/patches/sundarbans/train/sundarbans_train_00229_t1.npy,data/processed/patches/sundarbans/train/sundarbans_train_00229_t2.npy,data/processed/patches/sundarbans/train/sundarbans_train_00229_label.npy,256,12,838,65536,1.28
sundarbans_train_00230,sundarbans,train,data/processed/patches/sundarbans/train/sundarbans_train_00230_t1.npy,data/processed/patches/sundarbans/train/sundarbans_train_00230_t2.npy,data/processed/patches/sundarbans/train/sundarbans_train_00230_label.npy,256,12,0,65536,0.0
sundarbans_train_00231,sundarbans,train,data/processed/patches/sundarbans/train/sundarbans_train_00231_t1.npy,data/processed/patches/sundarbans/train/sundarbans_train_00231_t2.npy,data/processed/patches/sundarbans/train/sundarbans_train_00231_label.npy,256,12,5025,65536,7.67
sundarbans_train_00232,sundarbans,train,data/processed/patches/sundarbans/train/sundarbans_train_00232_t1.npy,data/processed/patches/sundarbans/train/sundarbans_train_00232_t2.npy,data/processed/patches/sundarbans/train/sundarbans_train_00232_label.npy,256,12,391,65536,0.6
sundarbans_train_00233,sundarbans,train,data/processed/patches/sundarbans/train/sundarbans_train_00233_t1.npy,data/processed/patches/sundarbans/train/sundarbans_train_00233_t2.npy,data/processed/patches/sundarbans/train/sundarbans_train_00233_label.npy,256,12,1071,65536,1.63
sundarbans_train_00234,sundarbans,train,data/processed/patches/sundarbans/train/sundarbans_train_00234_t1.npy,data/processed/patches/sundarbans/train/sundarbans_train_00234_t2.npy,data/processed/patches/sundarbans/train/sundarbans_train_00234_label.npy,256,12,15023,65536,22.92
sundarbans_train_00235,sundarbans,train,data/processed/patches/sundarbans/train/sundarbans_train_00235_t1.npy,data/processed/patches/sundarbans/train/sundarbans_train_00235_t2.npy,data/processed/patches/sundarbans/train/sundarbans_train_00235_label.npy,256,12,539,65536,0.82
sundarbans_train_00236,sundarbans,train,data/processed/patches/sundarbans/train/sundarbans_train_00236_t1.npy,data/processed/patches/sundarbans/train/sundarbans_train_00236_t2.npy,data/processed/patches/sundarbans/train/sundarbans_train_00236_label.npy,256,12,511,65536,0.78
sundarbans_train_00237,sundarbans,train,data/processed/patches/sundarbans/train/sundarbans_train_00237_t1.npy,data/processed/patches/sundarbans/train/sundarbans_train_00237_t2.npy,data/processed/patches/sundarbans/train/sundarbans_train_00237_label.npy,256,12,0,65536,0.0
sundarbans_train_00238,sundarbans,train,data/processed/patches/sundarbans/train/sundarbans_train_00238_t1.npy,data/processed/patches/sundarbans/train/sundarbans_train_00238_t2.npy,data/processed/patches/sundarbans/train/sundarbans_train_00238_label.npy,256,12,940,65536,1.43
sundarbans_train_00239,sundarbans,train,data/processed/patches/sundarbans/train/sundarbans_train_00239_t1.npy,data/processed/patches/sundarbans/train/sundarbans_train_00239_t2.npy,data/processed/patches/sundarbans/train/sundarbans_train_00239_label.npy,256,12,18864,65536,28.78
sundarbans_train_00240,sundarbans,train,data/processed/patches/sundarbans/train/sundarbans_train_00240_t1.npy,data/processed/patches/sundarbans/train/sundarbans_train_00240_t2.npy,data/processed/patches/sundarbans/train/sundarbans_train_00240_label.npy,256,12,246,65536,0.38
sundarbans_train_00241,sundarbans,train,data/processed/patches/sundarbans/train/sundarbans_train_00241_t1.npy,data/processed/patches/sundarbans/train/sundarbans_train_00241_t2.npy,data/processed/patches/sundarbans/train/sundarbans_train_00241_label.npy,256,12,974,65536,1.49
sundarbans_train_00242,sundarbans,train,data/processed/patches/sundarbans/train/sundarbans_train_00242_t1.npy,data/processed/patches/sundarbans/train/sundarbans_train_00242_t2.npy,data/processed/patches/sundarbans/train/sundarbans_train_00242_label.npy,256,12,297,65536,0.45
sundarbans_train_00243,sundarbans,train,data/processed/patches/sundarbans/train/sundarbans_train_00243_t1.npy,data/processed/patches/sundarbans/train/sundarbans_train_00243_t2.npy,data/processed/patches/sundarbans/train/sundarbans_train_00243_label.npy,256,12,56,65536,0.09
sundarbans_train_00244,sundarbans,train,data/processed/patches/sundarbans/train/sundarbans_train_00244_t1.npy,data/processed/patches/sundarbans/train/sundarbans_train_00244_t2.npy,data/processed/patches/sundarbans/train/sundarbans_train_00244_label.npy,256,12,342,65536,0.52
sundarbans_train_00245,sundarbans,train,data/processed/patches/sundarbans/train/sundarbans_train_00245_t1.npy,data/processed/patches/sundarbans/train/sundarbans_train_00245_t2.npy,data/processed/patches/sundarbans/train/sundarbans_train_00245_label.npy,256,12,12245,65536,18.68
sundarbans_train_00246,sundarbans,train,data/processed/patches/sundarbans/train/sundarbans_train_00246_t1.npy,data/processed/patches/sundarbans/train/sundarbans_train_00246_t2.npy,data/processed/patches/sundarbans/train/sundarbans_train_00246_label.npy,256,12,668,65536,1.02
sundarbans_train_00247,sundarbans,train,data/processed/patches/sundarbans/train/sundarbans_train_00247_t1.npy,data/processed/patches/sundarbans/train/sundarbans_train_00247_t2.npy,data/processed/patches/sundarbans/train/sundarbans_train_00247_label.npy,256,12,833,65536,1.27
sundarbans_train_00248,sundarbans,train,data/processed/patches/sundarbans/train/sundarbans_train_00248_t1.npy,data/processed/patches/sundarbans/train/sundarbans_train_00248_t2.npy,data/processed/patches/sundarbans/train/sundarbans_train_00248_label.npy,256,12,244,65536,0.37
sundarbans_train_00249,sundarbans,train,data/processed/patches/sundarbans/train/sundarbans_train_00249_t1.npy,data/processed/patches/sundarbans/train/sundarbans_train_00249_t2.npy,data/processed/patches/sundarbans/train/sundarbans_train_00249_label.npy,256,12,1295,65536,1.98
sundarbans_train_00250,sundarbans,train,data/processed/patches/sundarbans/train/sundarbans_train_00250_t1.npy,data/processed/patches/sundarbans/train/sundarbans_train_00250_t2.npy,data/processed/patches/sundarbans/train/sundarbans_train_00250_label.npy,256,12,315,65536,0.48
sundarbans_train_00251,sundarbans,train,data/processed/patches/sundarbans/train/sundarbans_train_00251_t1.npy,data/processed/patches/sundarbans/train/sundarbans_train_00251_t2.npy,data/processed/patches/sundarbans/train/sundarbans_train_00251_label.npy,256,12,10913,65536,16.65
sundarbans_train_00252,sundarbans,train,data/processed/patches/sundarbans/train/sundarbans_train_00252_t1.npy,data/processed/patches/sundarbans/train/sundarbans_train_00252_t2.npy,data/processed/patches/sundarbans/train/sundarbans_train_00252_label.npy,256,12,378,65536,0.58
sundarbans_train_00253,sundarbans,train,data/processed/patches/sundarbans/train/sundarbans_train_00253_t1.npy,data/processed/patches/sundarbans/train/sundarbans_train_00253_t2.npy,data/processed/patches/sundarbans/train/sundarbans_train_00253_label.npy,256,12,0,65536,0.0
sundarbans_train_00254,sundarbans,train,data/processed/patches/sundarbans/train/sundarbans_train_00254_t1.npy,data/processed/patches/sundarbans/train/sundarbans_train_00254_t2.npy,data/processed/patches/sundarbans/train/sundarbans_train_00254_label.npy,256,12,0,65536,0.0
sundarbans_train_00255,sundarbans,train,data/processed/patches/sundarbans/train/sundarbans_train_00255_t1.npy,data/processed/patches/sundarbans/train/sundarbans_train_00255_t2.npy,data/processed/patches/sundarbans/train/sundarbans_train_00255_label.npy,256,12,320,65536,0.49
sundarbans_train_00256,sundarbans,train,data/processed/patches/sundarbans/train/sundarbans_train_00256_t1.npy,data/processed/patches/sundarbans/train/sundarbans_train_00256_t2.npy,data/processed/patches/sundarbans/train/sundarbans_train_00256_label.npy,256,12,196,65536,0.3
sundarbans_train_00257,sundarbans,train,data/processed/patches/sundarbans/train/sundarbans_train_00257_t1.npy,data/processed/patches/sundarbans/train/sundarbans_train_00257_t2.npy,data/processed/patches/sundarbans/train/sundarbans_train_00257_label.npy,256,12,7591,65536,11.58
sundarbans_train_00258,sundarbans,train,data/processed/patches/sundarbans/train/sundarbans_train_00258_t1.npy,data/processed/patches/sundarbans/train/sundarbans_train_00258_t2.npy,data/processed/patches/sundarbans/train/sundarbans_train_00258_label.npy,256,12,0,65536,0.0
sundarbans_train_00259,sundarbans,train,data/processed/patches/sundarbans/train/sundarbans_train_00259_t1.npy,data/processed/patches/sundarbans/train/sundarbans_train_00259_t2.npy,data/processed/patches/sundarbans/train/sundarbans_train_00259_label.npy,256,12,14397,65536,21.97
sundarbans_train_00260,sundarbans,train,data/processed/patches/sundarbans/train/sundarbans_train_00260_t1.npy,data/processed/patches/sundarbans/train/sundarbans_train_00260_t2.npy,data/processed/patches/sundarbans/train/sundarbans_train_00260_label.npy,256,12,575,65536,0.88
sundarbans_train_00261,sundarbans,train,data/processed/patches/sundarbans/train/sundarbans_train_00261_t1.npy,data/processed/patches/sundarbans/train/sundarbans_train_00261_t2.npy,data/processed/patches/sundarbans/train/sundarbans_train_00261_label.npy,256,12,13005,65536,19.84
sundarbans_train_00262,sundarbans,train,data/processed/patches/sundarbans/train/sundarbans_train_00262_t1.npy,data/processed/patches/sundarbans/train/sundarbans_train_00262_t2.npy,data/processed/patches/sundarbans/train/sundarbans_train_00262_label.npy,256,12,1361,65536,2.08
sundarbans_train_00263,sundarbans,train,data/processed/patches/sundarbans/train/sundarbans_train_00263_t1.npy,data/processed/patches/sundarbans/train/sundarbans_train_00263_t2.npy,data/processed/patches/sundarbans/train/sundarbans_train_00263_label.npy,256,12,528,65536,0.81
sundarbans_train_00264,sundarbans,train,data/processed/patches/sundarbans/train/sundarbans_train_00264_t1.npy,data/processed/patches/sundarbans/train/sundarbans_train_00264_t2.npy,data/processed/patches/sundarbans/train/sundarbans_train_00264_label.npy,256,12,0,65536,0.0
sundarbans_train_00265,sundarbans,train,data/processed/patches/sundarbans/train/sundarbans_train_00265_t1.npy,data/processed/patches/sundarbans/train/sundarbans_train_00265_t2.npy,data/processed/patches/sundarbans/train/sundarbans_train_00265_label.npy,256,12,13608,65536,20.76
sundarbans_train_00266,sundarbans,train,data/processed/patches/sundarbans/train/sundarbans_train_00266_t1.npy,data/processed/patches/sundarbans/train/sundarbans_train_00266_t2.npy,data/processed/patches/sundarbans/train/sundarbans_train_00266_label.npy,256,12,13042,65536,19.9
sundarbans_train_00267,sundarbans,train,data/processed/patches/sundarbans/train/sundarbans_train_00267_t1.npy,data/processed/patches/sundarbans/train/sundarbans_train_00267_t2.npy,data/processed/patches/sundarbans/train/sundarbans_train_00267_label.npy,256,12,16780,65536,25.6
sundarbans_train_00268,sundarbans,train,data/processed/patches/sundarbans/train/sundarbans_train_00268_t1.npy,data/processed/patches/sundarbans/train/sundarbans_train_00268_t2.npy,data/processed/patches/sundarbans/train/sundarbans_train_00268_label.npy,256,12,806,65536,1.23
sundarbans_train_00269,sundarbans,train,data/processed/patches/sundarbans/train/sundarbans_train_00269_t1.npy,data/processed/patches/sundarbans/train/sundarbans_train_00269_t2.npy,data/processed/patches/sundarbans/train/sundarbans_train_00269_label.npy,256,12,11843,65536,18.07
sundarbans_train_00270,sundarbans,train,data/processed/patches/sundarbans/train/sundarbans_train_00270_t1.npy,data/processed/patches/sundarbans/train/sundarbans_train_00270_t2.npy,data/processed/patches/sundarbans/train/sundarbans_train_00270_label.npy,256,12,9114,65536,13.91
sundarbans_train_00271,sundarbans,train,data/processed/patches/sundarbans/train/sundarbans_train_00271_t1.npy,data/processed/patches/sundarbans/train/sundarbans_train_00271_t2.npy,data/processed/patches/sundarbans/train/sundarbans_train_00271_label.npy,256,12,988,65536,1.51
sundarbans_train_00272,sundarbans,train,data/processed/patches/sundarbans/train/sundarbans_train_00272_t1.npy,data/processed/patches/sundarbans/train/sundarbans_train_00272_t2.npy,data/processed/patches/sundarbans/train/sundarbans_train_00272_label.npy,256,12,1472,65536,2.25
sundarbans_train_00273,sundarbans,train,data/processed/patches/sundarbans/train/sundarbans_train_00273_t1.npy,data/processed/patches/sundarbans/train/sundarbans_train_00273_t2.npy,data/processed/patches/sundarbans/train/sundarbans_train_00273_label.npy,256,12,230,65536,0.35
sundarbans_train_00274,sundarbans,train,data/processed/patches/sundarbans/train/sundarbans_train_00274_t1.npy,data/processed/patches/sundarbans/train/sundarbans_train_00274_t2.npy,data/processed/patches/sundarbans/train/sundarbans_train_00274_label.npy,256,12,184,65536,0.28
sundarbans_train_00275,sundarbans,train,data/processed/patches/sundarbans/train/sundarbans_train_00275_t1.npy,data/processed/patches/sundarbans/train/sundarbans_train_00275_t2.npy,data/processed/patches/sundarbans/train/sundarbans_train_00275_label.npy,256,12,286,65536,0.44
sundarbans_train_00276,sundarbans,train,data/processed/patches/sundarbans/train/sundarbans_train_00276_t1.npy,data/processed/patches/sundarbans/train/sundarbans_train_00276_t2.npy,data/processed/patches/sundarbans/train/sundarbans_train_00276_label.npy,256,12,5550,65536,8.47
sundarbans_train_00277,sundarbans,train,data/processed/patches/sundarbans/train/sundarbans_train_00277_t1.npy,data/processed/patches/sundarbans/train/sundarbans_train_00277_t2.npy,data/processed/patches/sundarbans/train/sundarbans_train_00277_label.npy,256,12,738,65536,1.13
sundarbans_train_00278,sundarbans,train,data/processed/patches/sundarbans/train/sundarbans_train_00278_t1.npy,data/processed/patches/sundarbans/train/sundarbans_train_00278_t2.npy,data/processed/patches/sundarbans/train/sundarbans_train_00278_label.npy,256,12,737,65536,1.12
sundarbans_train_00279,sundarbans,train,data/processed/patches/sundarbans/train/sundarbans_train_00279_t1.npy,data/processed/patches/sundarbans/train/sundarbans_train_00279_t2.npy,data/processed/patches/sundarbans/train/sundarbans_train_00279_label.npy,256,12,0,65536,0.0
sundarbans_train_00280,sundarbans,train,data/processed/patches/sundarbans/train/sundarbans_train_00280_t1.npy,data/processed/patches/sundarbans/train/sundarbans_train_00280_t2.npy,data/processed/patches/sundarbans/train/sundarbans_train_00280_label.npy,256,12,16413,65536,25.04
sundarbans_train_00281,sundarbans,train,data/processed/patches/sundarbans/train/sundarbans_train_00281_t1.npy,data/processed/patches/sundarbans/train/sundarbans_train_00281_t2.npy,data/processed/patches/sundarbans/train/sundarbans_train_00281_label.npy,256,12,834,65536,1.27
sundarbans_train_00282,sundarbans,train,data/processed/patches/sundarbans/train/sundarbans_train_00282_t1.npy,data/processed/patches/sundarbans/train/sundarbans_train_00282_t2.npy,data/processed/patches/sundarbans/train/sundarbans_train_00282_label.npy,256,12,13195,65536,20.13
sundarbans_train_00283,sundarbans,train,data/processed/patches/sundarbans/train/sundarbans_train_00283_t1.npy,data/processed/patches/sundarbans/train/sundarbans_train_00283_t2.npy,data/processed/patches/sundarbans/train/sundarbans_train_00283_label.npy,256,12,14842,65536,22.65
sundarbans_train_00284,sundarbans,train,data/processed/patches/sundarbans/train/sundarbans_train_00284_t1.npy,data/processed/patches/sundarbans/train/sundarbans_train_00284_t2.npy,data/processed/patches/sundarbans/train/sundarbans_train_00284_label.npy,256,12,600,65536,0.92
sundarbans_train_00285,sundarbans,train,data/processed/patches/sundarbans/train/sundarbans_train_00285_t1.npy,data/processed/patches/sundarbans/train/sundarbans_train_00285_t2.npy,data/processed/patches/sundarbans/train/sundarbans_train_00285_label.npy,256,12,0,65536,0.0
sundarbans_train_00286,sundarbans,train,data/processed/patches/sundarbans/train/sundarbans_train_00286_t1.npy,data/processed/patches/sundarbans/train/sundarbans_train_00286_t2.npy,data/processed/patches/sundarbans/train/sundarbans_train_00286_label.npy,256,12,216,65536,0.33
sundarbans_train_00287,sundarbans,train,data/processed/patches/sundarbans/train/sundarbans_train_00287_t1.npy,data/processed/patches/sundarbans/train/sundarbans_train_00287_t2.npy,data/processed/patches/sundarbans/train/sundarbans_train_00287_label.npy,256,12,5732,65536,8.75
sundarbans_train_00288,sundarbans,train,data/processed/patches/sundarbans/train/sundarbans_train_00288_t1.npy,data/processed/patches/sundarbans/train/sundarbans_train_00288_t2.npy,data/processed/patches/sundarbans/train/sundarbans_train_00288_label.npy,256,12,0,65536,0.0
sundarbans_train_00289,sundarbans,train,data/processed/patches/sundarbans/train/sundarbans_train_00289_t1.npy,data/processed/patches/sundarbans/train/sundarbans_train_00289_t2.npy,data/processed/patches/sundarbans/train/sundarbans_train_00289_label.npy,256,12,1154,65536,1.76
sundarbans_train_00290,sundarbans,train,data/processed/patches/sundarbans/train/sundarbans_train_00290_t1.npy,data/processed/patches/sundarbans/train/sundarbans_train_00290_t2.npy,data/processed/patches/sundarbans/train/sundarbans_train_00290_label.npy,256,12,743,65536,1.13
sundarbans_train_00291,sundarbans,train,data/processed/patches/sundarbans/train/sundarbans_train_00291_t1.npy,data/processed/patches/sundarbans/train/sundarbans_train_00291_t2.npy,data/processed/patches/sundarbans/train/sundarbans_train_00291_label.npy,256,12,225,65536,0.34
sundarbans_train_00292,sundarbans,train,data/processed/patches/sundarbans/train/sundarbans_train_00292_t1.npy,data/processed/patches/sundarbans/train/sundarbans_train_00292_t2.npy,data/processed/patches/sundarbans/train/sundarbans_train_00292_label.npy,256,12,846,65536,1.29
sundarbans_train_00293,sundarbans,train,data/processed/patches/sundarbans/train/sundarbans_train_00293_t1.npy,data/processed/patches/sundarbans/train/sundarbans_train_00293_t2.npy,data/processed/patches/sundarbans/train/sundarbans_train_00293_label.npy,256,12,1477,65536,2.25
sundarbans_train_00294,sundarbans,train,data/processed/patches/sundarbans/train/sundarbans_train_00294_t1.npy,data/processed/patches/sundarbans/train/sundarbans_train_00294_t2.npy,data/processed/patches/sundarbans/train/sundarbans_train_00294_label.npy,256,12,27,65536,0.04
sundarbans_train_00295,sundarbans,train,data/processed/patches/sundarbans/train/sundarbans_train_00295_t1.npy,data/processed/patches/sundarbans/train/sundarbans_train_00295_t2.npy,data/processed/patches/sundarbans/train/sundarbans_train_00295_label.npy,256,12,228,65536,0.35
sundarbans_train_00296,sundarbans,train,data/processed/patches/sundarbans/train/sundarbans_train_00296_t1.npy,data/processed/patches/sundarbans/train/sundarbans_train_00296_t2.npy,data/processed/patches/sundarbans/train/sundarbans_train_00296_label.npy,256,12,14724,65536,22.47
sundarbans_train_00297,sundarbans,train,data/processed/patches/sundarbans/train/sundarbans_train_00297_t1.npy,data/processed/patches/sundarbans/train/sundarbans_train_00297_t2.npy,data/processed/patches/sundarbans/train/sundarbans_train_00297_label.npy,256,12,123,65536,0.19
sundarbans_train_00298,sundarbans,train,data/processed/patches/sundarbans/train/sundarbans_train_00298_t1.npy,data/processed/patches/sundarbans/train/sundarbans_train_00298_t2.npy,data/processed/patches/sundarbans/train/sundarbans_train_00298_label.npy,256,12,607,65536,0.93
sundarbans_train_00299,sundarbans,train,data/processed/patches/sundarbans/train/sundarbans_train_00299_t1.npy,data/processed/patches/sundarbans/train/sundarbans_train_00299_t2.npy,data/processed/patches/sundarbans/train/sundarbans_train_00299_label.npy,256,12,212,65536,0.32
sundarbans_train_00300,sundarbans,train,data/processed/patches/sundarbans/train/sundarbans_train_00300_t1.npy,data/processed/patches/sundarbans/train/sundarbans_train_00300_t2.npy,data/processed/patches/sundarbans/train/sundarbans_train_00300_label.npy,256,12,300,65536,0.46
sundarbans_train_00301,sundarbans,train,data/processed/patches/sundarbans/train/sundarbans_train_00301_t1.npy,data/processed/patches/sundarbans/train/sundarbans_train_00301_t2.npy,data/processed/patches/sundarbans/train/sundarbans_train_00301_label.npy,256,12,303,65536,0.46
sundarbans_train_00302,sundarbans,train,data/processed/patches/sundarbans/train/sundarbans_train_00302_t1.npy,data/processed/patches/sundarbans/train/sundarbans_train_00302_t2.npy,data/processed/patches/sundarbans/train/sundarbans_train_00302_label.npy,256,12,14585,65536,22.25
sundarbans_train_00303,sundarbans,train,data/processed/patches/sundarbans/train/sundarbans_train_00303_t1.npy,data/processed/patches/sundarbans/train/sundarbans_train_00303_t2.npy,data/processed/patches/sundarbans/train/sundarbans_train_00303_label.npy,256,12,118,65536,0.18
sundarbans_train_00304,sundarbans,train,data/processed/patches/sundarbans/train/sundarbans_train_00304_t1.npy,data/processed/patches/sundarbans/train/sundarbans_train_00304_t2.npy,data/processed/patches/sundarbans/train/sundarbans_train_00304_label.npy,256,12,322,65536,0.49
sundarbans_train_00305,sundarbans,train,data/processed/patches/sundarbans/train/sundarbans_train_00305_t1.npy,data/processed/patches/sundarbans/train/sundarbans_train_00305_t2.npy,data/processed/patches/sundarbans/train/sundarbans_train_00305_label.npy,256,12,2255,65536,3.44
sundarbans_train_00306,sundarbans,train,data/processed/patches/sundarbans/train/sundarbans_train_00306_t1.npy,data/processed/patches/sundarbans/train/sundarbans_train_00306_t2.npy,data/processed/patches/sundarbans/train/sundarbans_train_00306_label.npy,256,12,10209,65536,15.58
sundarbans_train_00307,sundarbans,train,data/processed/patches/sundarbans/train/sundarbans_train_00307_t1.npy,data/processed/patches/sundarbans/train/sundarbans_train_00307_t2.npy,data/processed/patches/sundarbans/train/sundarbans_train_00307_label.npy,256,12,2076,65536,3.17
sundarbans_train_00308,sundarbans,train,data/processed/patches/sundarbans/train/sundarbans_train_00308_t1.npy,data/processed/patches/sundarbans/train/sundarbans_train_00308_t2.npy,data/processed/patches/sundarbans/train/sundarbans_train_00308_label.npy,256,12,11774,65536,17.97
sundarbans_train_00309,sundarbans,train,data/processed/patches/sundarbans/train/sundarbans_train_00309_t1.npy,data/processed/patches/sundarbans/train/sundarbans_train_00309_t2.npy,data/processed/patches/sundarbans/train/sundarbans_train_00309_label.npy,256,12,371,65536,0.57
sundarbans_train_00310,sundarbans,train,data/processed/patches/sundarbans/train/sundarbans_train_00310_t1.npy,data/processed/patches/sundarbans/train/sundarbans_train_00310_t2.npy,data/processed/patches/sundarbans/train/sundarbans_train_00310_label.npy,256,12,475,65536,0.72
sundarbans_train_00311,sundarbans,train,data/processed/patches/sundarbans/train/sundarbans_train_00311_t1.npy,data/processed/patches/sundarbans/train/sundarbans_train_00311_t2.npy,data/processed/patches/sundarbans/train/sundarbans_train_00311_label.npy,256,12,2128,65536,3.25
sundarbans_train_00312,sundarbans,train,data/processed/patches/sundarbans/train/sundarbans_train_00312_t1.npy,data/processed/patches/sundarbans/train/sundarbans_train_00312_t2.npy,data/processed/patches/sundarbans/train/sundarbans_train_00312_label.npy,256,12,270,65536,0.41
sundarbans_train_00313,sundarbans,train,data/processed/patches/sundarbans/train/sundarbans_train_00313_t1.npy,data/processed/patches/sundarbans/train/sundarbans_train_00313_t2.npy,data/processed/patches/sundarbans/train/sundarbans_train_00313_label.npy,256,12,1047,65536,1.6
sundarbans_train_00314,sundarbans,train,data/processed/patches/sundarbans/train/sundarbans_train_00314_t1.npy,data/processed/patches/sundarbans/train/sundarbans_train_00314_t2.npy,data/processed/patches/sundarbans/train/sundarbans_train_00314_label.npy,256,12,15660,65536,23.9
sundarbans_train_00315,sundarbans,train,data/processed/patches/sundarbans/train/sundarbans_train_00315_t1.npy,data/processed/patches/sundarbans/train/sundarbans_train_00315_t2.npy,data/processed/patches/sundarbans/train/sundarbans_train_00315_label.npy,256,12,743,65536,1.13
sundarbans_train_00316,sundarbans,train,data/processed/patches/sundarbans/train/sundarbans_train_00316_t1.npy,data/processed/patches/sundarbans/train/sundarbans_train_00316_t2.npy,data/processed/patches/sundarbans/train/sundarbans_train_00316_label.npy,256,12,390,65536,0.6
sundarbans_train_00317,sundarbans,train,data/processed/patches/sundarbans/train/sundarbans_train_00317_t1.npy,data/processed/patches/sundarbans/train/sundarbans_train_00317_t2.npy,data/processed/patches/sundarbans/train/sundarbans_train_00317_label.npy,256,12,1662,65536,2.54
sundarbans_train_00318,sundarbans,train,data/processed/patches/sundarbans/train/sundarbans_train_00318_t1.npy,data/processed/patches/sundarbans/train/sundarbans_train_00318_t2.npy,data/processed/patches/sundarbans/train/sundarbans_train_00318_label.npy,256,12,260,65536,0.4
sundarbans_train_00319,sundarbans,train,data/processed/patches/sundarbans/train/sundarbans_train_00319_t1.npy,data/processed/patches/sundarbans/train/sundarbans_train_00319_t2.npy,data/processed/patches/sundarbans/train/sundarbans_train_00319_label.npy,256,12,3249,65536,4.96
sundarbans_train_00320,sundarbans,train,data/processed/patches/sundarbans/train/sundarbans_train_00320_t1.npy,data/processed/patches/sundarbans/train/sundarbans_train_00320_t2.npy,data/processed/patches/sundarbans/train/sundarbans_train_00320_label.npy,256,12,184,65536,0.28
sundarbans_train_00321,sundarbans,train,data/processed/patches/sundarbans/train/sundarbans_train_00321_t1.npy,data/processed/patches/sundarbans/train/sundarbans_train_00321_t2.npy,data/processed/patches/sundarbans/train/sundarbans_train_00321_label.npy,256,12,489,65536,0.75
sundarbans_train_00322,sundarbans,train,data/processed/patches/sundarbans/train/sundarbans_train_00322_t1.npy,data/processed/patches/sundarbans/train/sundarbans_train_00322_t2.npy,data/processed/patches/sundarbans/train/sundarbans_train_00322_label.npy,256,12,390,65536,0.6
sundarbans_train_00323,sundarbans,train,data/processed/patches/sundarbans/train/sundarbans_train_00323_t1.npy,data/processed/patches/sundarbans/train/sundarbans_train_00323_t2.npy,data/processed/patches/sundarbans/train/sundarbans_train_00323_label.npy,256,12,10725,65536,16.37
sundarbans_train_00324,sundarbans,train,data/processed/patches/sundarbans/train/sundarbans_train_00324_t1.npy,data/processed/patches/sundarbans/train/sundarbans_train_00324_t2.npy,data/processed/patches/sundarbans/train/sundarbans_train_00324_label.npy,256,12,6414,65536,9.79
sundarbans_train_00325,sundarbans,train,data/processed/patches/sundarbans/train/sundarbans_train_00325_t1.npy,data/processed/patches/sundarbans/train/sundarbans_train_00325_t2.npy,data/processed/patches/sundarbans/train/sundarbans_train_00325_label.npy,256,12,530,65536,0.81
sundarbans_train_00326,sundarbans,train,data/processed/patches/sundarbans/train/sundarbans_train_00326_t1.npy,data/processed/patches/sundarbans/train/sundarbans_train_00326_t2.npy,data/processed/patches/sundarbans/train/sundarbans_train_00326_label.npy,256,12,12507,65536,19.08
sundarbans_train_00327,sundarbans,train,data/processed/patches/sundarbans/train/sundarbans_train_00327_t1.npy,data/processed/patches/sundarbans/train/sundarbans_train_00327_t2.npy,data/processed/patches/sundarbans/train/sundarbans_train_00327_label.npy,256,12,0,65536,0.0
sundarbans_train_00328,sundarbans,train,data/processed/patches/sundarbans/train/sundarbans_train_00328_t1.npy,data/processed/patches/sundarbans/train/sundarbans_train_00328_t2.npy,data/processed/patches/sundarbans/train/sundarbans_train_00328_label.npy,256,12,1695,65536,2.59
sundarbans_train_00329,sundarbans,train,data/processed/patches/sundarbans/train/sundarbans_train_00329_t1.npy,data/processed/patches/sundarbans/train/sundarbans_train_00329_t2.npy,data/processed/patches/sundarbans/train/sundarbans_train_00329_label.npy,256,12,2265,65536,3.46
sundarbans_train_00330,sundarbans,train,data/processed/patches/sundarbans/train/sundarbans_train_00330_t1.npy,data/processed/patches/sundarbans/train/sundarbans_train_00330_t2.npy,data/processed/patches/sundarbans/train/sundarbans_train_00330_label.npy,256,12,337,65536,0.51
sundarbans_train_00331,sundarbans,train,data/processed/patches/sundarbans/train/sundarbans_train_00331_t1.npy,data/processed/patches/sundarbans/train/sundarbans_train_00331_t2.npy,data/processed/patches/sundarbans/train/sundarbans_train_00331_label.npy,256,12,0,65536,0.0
sundarbans_train_00332,sundarbans,train,data/processed/patches/sundarbans/train/sundarbans_train_00332_t1.npy,data/processed/patches/sundarbans/train/sundarbans_train_00332_t2.npy,data/processed/patches/sundarbans/train/sundarbans_train_00332_label.npy,256,12,11507,65536,17.56
sundarbans_train_00333,sundarbans,train,data/processed/patches/sundarbans/train/sundarbans_train_00333_t1.npy,data/processed/patches/sundarbans/train/sundarbans_train_00333_t2.npy,data/processed/patches/sundarbans/train/sundarbans_train_00333_label.npy,256,12,403,65536,0.61
sundarbans_train_00334,sundarbans,train,data/processed/patches/sundarbans/train/sundarbans_train_00334_t1.npy,data/processed/patches/sundarbans/train/sundarbans_train_00334_t2.npy,data/processed/patches/sundarbans/train/sundarbans_train_00334_label.npy,256,12,10198,65536,15.56
sundarbans_train_00335,sundarbans,train,data/processed/patches/sundarbans/train/sundarbans_train_00335_t1.npy,data/processed/patches/sundarbans/train/sundarbans_train_00335_t2.npy,data/processed/patches/sundarbans/train/sundarbans_train_00335_label.npy,256,12,695,65536,1.06
sundarbans_train_00336,sundarbans,train,data/processed/patches/sundarbans/train/sundarbans_train_00336_t1.npy,data/processed/patches/sundarbans/train/sundarbans_train_00336_t2.npy,data/processed/patches/sundarbans/train/sundarbans_train_00336_label.npy,256,12,15116,65536,23.07
sundarbans_train_00337,sundarbans,train,data/processed/patches/sundarbans/train/sundarbans_train_00337_t1.npy,data/processed/patches/sundarbans/train/sundarbans_train_00337_t2.npy,data/processed/patches/sundarbans/train/sundarbans_train_00337_label.npy,256,12,10449,65536,15.94
sundarbans_train_00338,sundarbans,train,data/processed/patches/sundarbans/train/sundarbans_train_00338_t1.npy,data/processed/patches/sundarbans/train/sundarbans_train_00338_t2.npy,data/processed/patches/sundarbans/train/sundarbans_train_00338_label.npy,256,12,4441,65536,6.78
sundarbans_train_00339,sundarbans,train,data/processed/patches/sundarbans/train/sundarbans_train_00339_t1.npy,data/processed/patches/sundarbans/train/sundarbans_train_00339_t2.npy,data/processed/patches/sundarbans/train/sundarbans_train_00339_label.npy,256,12,19558,65536,29.84
sundarbans_train_00340,sundarbans,train,data/processed/patches/sundarbans/train/sundarbans_train_00340_t1.npy,data/processed/patches/sundarbans/train/sundarbans_train_00340_t2.npy,data/processed/patches/sundarbans/train/sundarbans_train_00340_label.npy,256,12,870,65536,1.33
sundarbans_train_00341,sundarbans,train,data/processed/patches/sundarbans/train/sundarbans_train_00341_t1.npy,data/processed/patches/sundarbans/train/sundarbans_train_00341_t2.npy,data/processed/patches/sundarbans/train/sundarbans_train_00341_label.npy,256,12,161,65536,0.25
sundarbans_train_00342,sundarbans,train,data/processed/patches/sundarbans/train/sundarbans_train_00342_t1.npy,data/processed/patches/sundarbans/train/sundarbans_train_00342_t2.npy,data/processed/patches/sundarbans/train/sundarbans_train_00342_label.npy,256,12,5887,65536,8.98
sundarbans_train_00343,sundarbans,train,data/processed/patches/sundarbans/train/sundarbans_train_00343_t1.npy,data/processed/patches/sundarbans/train/sundarbans_train_00343_t2.npy,data/processed/patches/sundarbans/train/sundarbans_train_00343_label.npy,256,12,5874,65536,8.96
sundarbans_train_00344,sundarbans,train,data/processed/patches/sundarbans/train/sundarbans_train_00344_t1.npy,data/processed/patches/sundarbans/train/sundarbans_train_00344_t2.npy,data/processed/patches/sundarbans/train/sundarbans_train_00344_label.npy,256,12,596,65536,0.91
sundarbans_train_00345,sundarbans,train,data/processed/patches/sundarbans/train/sundarbans_train_00345_t1.npy,data/processed/patches/sundarbans/train/sundarbans_train_00345_t2.npy,data/processed/patches/sundarbans/train/sundarbans_train_00345_label.npy,256,12,399,65536,0.61
sundarbans_train_00346,sundarbans,train,data/processed/patches/sundarbans/train/sundarbans_train_00346_t1.npy,data/processed/patches/sundarbans/train/sundarbans_train_00346_t2.npy,data/processed/patches/sundarbans/train/sundarbans_train_00346_label.npy,256,12,0,65536,0.0
sundarbans_train_00347,sundarbans,train,data/processed/patches/sundarbans/train/sundarbans_train_00347_t1.npy,data/processed/patches/sundarbans/train/sundarbans_train_00347_t2.npy,data/processed/patches/sundarbans/train/sundarbans_train_00347_label.npy,256,12,748,65536,1.14
sundarbans_train_00348,sundarbans,train,data/processed/patches/sundarbans/train/sundarbans_train_00348_t1.npy,data/processed/patches/sundarbans/train/sundarbans_train_00348_t2.npy,data/processed/patches/sundarbans/train/sundarbans_train_00348_label.npy,256,12,865,65536,1.32
sundarbans_train_00349,sundarbans,train,data/processed/patches/sundarbans/train/sundarbans_train_00349_t1.npy,data/processed/patches/sundarbans/train/sundarbans_train_00349_t2.npy,data/processed/patches/sundarbans/train/sundarbans_train_00349_label.npy,256,12,267,65536,0.41
sundarbans_train_00350,sundarbans,train,data/processed/patches/sundarbans/train/sundarbans_train_00350_t1.npy,data/processed/patches/sundarbans/train/sundarbans_train_00350_t2.npy,data/processed/patches/sundarbans/train/sundarbans_train_00350_label.npy,256,12,435,65536,0.66
sundarbans_train_00351,sundarbans,train,data/processed/patches/sundarbans/train/sundarbans_train_00351_t1.npy,data/processed/patches/sundarbans/train/sundarbans_train_00351_t2.npy,data/processed/patches/sundarbans/train/sundarbans_train_00351_label.npy,256,12,359,65536,0.55
sundarbans_train_00352,sundarbans,train,data/processed/patches/sundarbans/train/sundarbans_train_00352_t1.npy,data/processed/patches/sundarbans/train/sundarbans_train_00352_t2.npy,data/processed/patches/sundarbans/train/sundarbans_train_00352_label.npy,256,12,354,65536,0.54
sundarbans_train_00353,sundarbans,train,data/processed/patches/sundarbans/train/sundarbans_train_00353_t1.npy,data/processed/patches/sundarbans/train/sundarbans_train_00353_t2.npy,data/processed/patches/sundarbans/train/sundarbans_train_00353_label.npy,256,12,23062,65536,35.19
sundarbans_train_00354,sundarbans,train,data/processed/patches/sundarbans/train/sundarbans_train_00354_t1.npy,data/processed/patches/sundarbans/train/sundarbans_train_00354_t2.npy,data/processed/patches/sundarbans/train/sundarbans_train_00354_label.npy,256,12,302,65536,0.46
sundarbans_train_00355,sundarbans,train,data/processed/patches/sundarbans/train/sundarbans_train_00355_t1.npy,data/processed/patches/sundarbans/train/sundarbans_train_00355_t2.npy,data/processed/patches/sundarbans/train/sundarbans_train_00355_label.npy,256,12,0,65536,0.0
sundarbans_train_00356,sundarbans,train,data/processed/patches/sundarbans/train/sundarbans_train_00356_t1.npy,data/processed/patches/sundarbans/train/sundarbans_train_00356_t2.npy,data/processed/patches/sundarbans/train/sundarbans_train_00356_label.npy,256,12,1096,65536,1.67
sundarbans_train_00357,sundarbans,train,data/processed/patches/sundarbans/train/sundarbans_train_00357_t1.npy,data/processed/patches/sundarbans/train/sundarbans_train_00357_t2.npy,data/processed/patches/sundarbans/train/sundarbans_train_00357_label.npy,256,12,342,65536,0.52
sundarbans_train_00358,sundarbans,train,data/processed/patches/sundarbans/train/sundarbans_train_00358_t1.npy,data/processed/patches/sundarbans/train/sundarbans_train_00358_t2.npy,data/processed/patches/sundarbans/train/sundarbans_train_00358_label.npy,256,12,152,65536,0.23
sundarbans_train_00359,sundarbans,train,data/processed/patches/sundarbans/train/sundarbans_train_00359_t1.npy,data/processed/patches/sundarbans/train/sundarbans_train_00359_t2.npy,data/processed/patches/sundarbans/train/sundarbans_train_00359_label.npy,256,12,0,65536,0.0
sundarbans_train_00360,sundarbans,train,data/processed/patches/sundarbans/train/sundarbans_train_00360_t1.npy,data/processed/patches/sundarbans/train/sundarbans_train_00360_t2.npy,data/processed/patches/sundarbans/train/sundarbans_train_00360_label.npy,256,12,297,65536,0.45
sundarbans_train_00361,sundarbans,train,data/processed/patches/sundarbans/train/sundarbans_train_00361_t1.npy,data/processed/patches/sundarbans/train/sundarbans_train_00361_t2.npy,data/processed/patches/sundarbans/train/sundarbans_train_00361_label.npy,256,12,381,65536,0.58
sundarbans_train_00362,sundarbans,train,data/processed/patches/sundarbans/train/sundarbans_train_00362_t1.npy,data/processed/patches/sundarbans/train/sundarbans_train_00362_t2.npy,data/processed/patches/sundarbans/train/sundarbans_train_00362_label.npy,256,12,319,65536,0.49
sundarbans_train_00363,sundarbans,train,data/processed/patches/sundarbans/train/sundarbans_train_00363_t1.npy,data/processed/patches/sundarbans/train/sundarbans_train_00363_t2.npy,data/processed/patches/sundarbans/train/sundarbans_train_00363_label.npy,256,12,362,65536,0.55
sundarbans_train_00364,sundarbans,train,data/processed/patches/sundarbans/train/sundarbans_train_00364_t1.npy,data/processed/patches/sundarbans/train/sundarbans_train_00364_t2.npy,data/processed/patches/sundarbans/train/sundarbans_train_00364_label.npy,256,12,270,65536,0.41
sundarbans_train_00365,sundarbans,train,data/processed/patches/sundarbans/train/sundarbans_train_00365_t1.npy,data/processed/patches/sundarbans/train/sundarbans_train_00365_t2.npy,data/processed/patches/sundarbans/train/sundarbans_train_00365_label.npy,256,12,14010,65536,21.38
sundarbans_train_00366,sundarbans,train,data/processed/patches/sundarbans/train/sundarbans_train_00366_t1.npy,data/processed/patches/sundarbans/train/sundarbans_train_00366_t2.npy,data/processed/patches/sundarbans/train/sundarbans_train_00366_label.npy,256,12,189,65536,0.29
sundarbans_train_00367,sundarbans,train,data/processed/patches/sundarbans/train/sundarbans_train_00367_t1.npy,data/processed/patches/sundarbans/train/sundarbans_train_00367_t2.npy,data/processed/patches/sundarbans/train/sundarbans_train_00367_label.npy,256,12,27,65536,0.04
sundarbans_train_00368,sundarbans,train,data/processed/patches/sundarbans/train/sundarbans_train_00368_t1.npy,data/processed/patches/sundarbans/train/sundarbans_train_00368_t2.npy,data/processed/patches/sundarbans/train/sundarbans_train_00368_label.npy,256,12,95,65536,0.14
sundarbans_train_00369,sundarbans,train,data/processed/patches/sundarbans/train/sundarbans_train_00369_t1.npy,data/processed/patches/sundarbans/train/sundarbans_train_00369_t2.npy,data/processed/patches/sundarbans/train/sundarbans_train_00369_label.npy,256,12,499,65536,0.76
sundarbans_train_00370,sundarbans,train,data/processed/patches/sundarbans/train/sundarbans_train_00370_t1.npy,data/processed/patches/sundarbans/train/sundarbans_train_00370_t2.npy,data/processed/patches/sundarbans/train/sundarbans_train_00370_label.npy,256,12,0,65536,0.0
sundarbans_train_00371,sundarbans,train,data/processed/patches/sundarbans/train/sundarbans_train_00371_t1.npy,data/processed/patches/sundarbans/train/sundarbans_train_00371_t2.npy,data/processed/patches/sundarbans/train/sundarbans_train_00371_label.npy,256,12,244,65536,0.37
sundarbans_train_00372,sundarbans,train,data/processed/patches/sundarbans/train/sundarbans_train_00372_t1.npy,data/processed/patches/sundarbans/train/sundarbans_train_00372_t2.npy,data/processed/patches/sundarbans/train/sundarbans_train_00372_label.npy,256,12,5595,65536,8.54
sundarbans_train_00373,sundarbans,train,data/processed/patches/sundarbans/train/sundarbans_train_00373_t1.npy,data/processed/patches/sundarbans/train/sundarbans_train_00373_t2.npy,data/processed/patches/sundarbans/train/sundarbans_train_00373_label.npy,256,12,388,65536,0.59
sundarbans_train_00374,sundarbans,train,data/processed/patches/sundarbans/train/sundarbans_train_00374_t1.npy,data/processed/patches/sundarbans/train/sundarbans_train_00374_t2.npy,data/processed/patches/sundarbans/train/sundarbans_train_00374_label.npy,256,12,217,65536,0.33
sundarbans_train_00375,sundarbans,train,data/processed/patches/sundarbans/train/sundarbans_train_00375_t1.npy,data/processed/patches/sundarbans/train/sundarbans_train_00375_t2.npy,data/processed/patches/sundarbans/train/sundarbans_train_00375_label.npy,256,12,1053,65536,1.61
sundarbans_train_00376,sundarbans,train,data/processed/patches/sundarbans/train/sundarbans_train_00376_t1.npy,data/processed/patches/sundarbans/train/sundarbans_train_00376_t2.npy,data/processed/patches/sundarbans/train/sundarbans_train_00376_label.npy,256,12,175,65536,0.27
sundarbans_train_00377,sundarbans,train,data/processed/patches/sundarbans/train/sundarbans_train_00377_t1.npy,data/processed/patches/sundarbans/train/sundarbans_train_00377_t2.npy,data/processed/patches/sundarbans/train/sundarbans_train_00377_label.npy,256,12,15139,65536,23.1
sundarbans_train_00378,sundarbans,train,data/processed/patches/sundarbans/train/sundarbans_train_00378_t1.npy,data/processed/patches/sundarbans/train/sundarbans_train_00378_t2.npy,data/processed/patches/sundarbans/train/sundarbans_train_00378_label.npy,256,12,57,65536,0.09
sundarbans_train_00379,sundarbans,train,data/processed/patches/sundarbans/train/sundarbans_train_00379_t1.npy,data/processed/patches/sundarbans/train/sundarbans_train_00379_t2.npy,data/processed/patches/sundarbans/train/sundarbans_train_00379_label.npy,256,12,701,65536,1.07
sundarbans_train_00380,sundarbans,train,data/processed/patches/sundarbans/train/sundarbans_train_00380_t1.npy,data/processed/patches/sundarbans/train/sundarbans_train_00380_t2.npy,data/processed/patches/sundarbans/train/sundarbans_train_00380_label.npy,256,12,0,65536,0.0
sundarbans_train_00381,sundarbans,train,data/processed/patches/sundarbans/train/sundarbans_train_00381_t1.npy,data/processed/patches/sundarbans/train/sundarbans_train_00381_t2.npy,data/processed/patches/sundarbans/train/sundarbans_train_00381_label.npy,256,12,1476,65536,2.25
sundarbans_train_00382,sundarbans,train,data/processed/patches/sundarbans/train/sundarbans_train_00382_t1.npy,data/processed/patches/sundarbans/train/sundarbans_train_00382_t2.npy,data/processed/patches/sundarbans/train/sundarbans_train_00382_label.npy,256,12,2005,65536,3.06
sundarbans_train_00383,sundarbans,train,data/processed/patches/sundarbans/train/sundarbans_train_00383_t1.npy,data/processed/patches/sundarbans/train/sundarbans_train_00383_t2.npy,data/processed/patches/sundarbans/train/sundarbans_train_00383_label.npy,256,12,254,65536,0.39
sundarbans_train_00384,sundarbans,train,data/processed/patches/sundarbans/train/sundarbans_train_00384_t1.npy,data/processed/patches/sundarbans/train/sundarbans_train_00384_t2.npy,data/processed/patches/sundarbans/train/sundarbans_train_00384_label.npy,256,12,1038,65536,1.58
sundarbans_train_00385,sundarbans,train,data/processed/patches/sundarbans/train/sundarbans_train_00385_t1.npy,data/processed/patches/sundarbans/train/sundarbans_train_00385_t2.npy,data/processed/patches/sundarbans/train/sundarbans_train_00385_label.npy,256,12,0,65536,0.0
sundarbans_train_00386,sundarbans,train,data/processed/patches/sundarbans/train/sundarbans_train_00386_t1.npy,data/processed/patches/sundarbans/train/sundarbans_train_00386_t2.npy,data/processed/patches/sundarbans/train/sundarbans_train_00386_label.npy,256,12,2516,65536,3.84
sundarbans_train_00387,sundarbans,train,data/processed/patches/sundarbans/train/sundarbans_train_00387_t1.npy,data/processed/patches/sundarbans/train/sundarbans_train_00387_t2.npy,data/processed/patches/sundarbans/train/sundarbans_train_00387_label.npy,256,12,2596,65536,3.96
sundarbans_train_00388,sundarbans,train,data/processed/patches/sundarbans/train/sundarbans_train_00388_t1.npy,data/processed/patches/sundarbans/train/sundarbans_train_00388_t2.npy,data/processed/patches/sundarbans/train/sundarbans_train_00388_label.npy,256,12,296,65536,0.45
sundarbans_train_00389,sundarbans,train,data/processed/patches/sundarbans/train/sundarbans_train_00389_t1.npy,data/processed/patches/sundarbans/train/sundarbans_train_00389_t2.npy,data/processed/patches/sundarbans/train/sundarbans_train_00389_label.npy,256,12,258,65536,0.39
sundarbans_train_00390,sundarbans,train,data/processed/patches/sundarbans/train/sundarbans_train_00390_t1.npy,data/processed/patches/sundarbans/train/sundarbans_train_00390_t2.npy,data/processed/patches/sundarbans/train/sundarbans_train_00390_label.npy,256,12,12681,65536,19.35
sundarbans_train_00391,sundarbans,train,data/processed/patches/sundarbans/train/sundarbans_train_00391_t1.npy,data/processed/patches/sundarbans/train/sundarbans_train_00391_t2.npy,data/processed/patches/sundarbans/train/sundarbans_train_00391_label.npy,256,12,852,65536,1.3
sundarbans_train_00392,sundarbans,train,data/processed/patches/sundarbans/train/sundarbans_train_00392_t1.npy,data/processed/patches/sundarbans/train/sundarbans_train_00392_t2.npy,data/processed/patches/sundarbans/train/sundarbans_train_00392_label.npy,256,12,0,65536,0.0
sundarbans_train_00393,sundarbans,train,data/processed/patches/sundarbans/train/sundarbans_train_00393_t1.npy,data/processed/patches/sundarbans/train/sundarbans_train_00393_t2.npy,data/processed/patches/sundarbans/train/sundarbans_train_00393_label.npy,256,12,322,65536,0.49
sundarbans_train_00394,sundarbans,train,data/processed/patches/sundarbans/train/sundarbans_train_00394_t1.npy,data/processed/patches/sundarbans/train/sundarbans_train_00394_t2.npy,data/processed/patches/sundarbans/train/sundarbans_train_00394_label.npy,256,12,319,65536,0.49
sundarbans_train_00395,sundarbans,train,data/processed/patches/sundarbans/train/sundarbans_train_00395_t1.npy,data/processed/patches/sundarbans/train/sundarbans_train_00395_t2.npy,data/processed/patches/sundarbans/train/sundarbans_train_00395_label.npy,256,12,909,65536,1.39
sundarbans_train_00396,sundarbans,train,data/processed/patches/sundarbans/train/sundarbans_train_00396_t1.npy,data/processed/patches/sundarbans/train/sundarbans_train_00396_t2.npy,data/processed/patches/sundarbans/train/sundarbans_train_00396_label.npy,256,12,315,65536,0.48
sundarbans_train_00397,sundarbans,train,data/processed/patches/sundarbans/train/sundarbans_train_00397_t1.npy,data/processed/patches/sundarbans/train/sundarbans_train_00397_t2.npy,data/processed/patches/sundarbans/train/sundarbans_train_00397_label.npy,256,12,0,65536,0.0
sundarbans_train_00398,sundarbans,train,data/processed/patches/sundarbans/train/sundarbans_train_00398_t1.npy,data/processed/patches/sundarbans/train/sundarbans_train_00398_t2.npy,data/processed/patches/sundarbans/train/sundarbans_train_00398_label.npy,256,12,506,65536,0.77
sundarbans_train_00399,sundarbans,train,data/processed/patches/sundarbans/train/sundarbans_train_00399_t1.npy,data/processed/patches/sundarbans/train/sundarbans_train_00399_t2.npy,data/processed/patches/sundarbans/train/sundarbans_train_00399_label.npy,256,12,4899,65536,7.48
sundarbans_train_00400,sundarbans,train,data/processed/patches/sundarbans/train/sundarbans_train_00400_t1.npy,data/processed/patches/sundarbans/train/sundarbans_train_00400_t2.npy,data/processed/patches/sundarbans/train/sundarbans_train_00400_label.npy,256,12,240,65536,0.37
sundarbans_train_00401,sundarbans,train,data/processed/patches/sundarbans/train/sundarbans_train_00401_t1.npy,data/processed/patches/sundarbans/train/sundarbans_train_00401_t2.npy,data/processed/patches/sundarbans/train/sundarbans_train_00401_label.npy,256,12,10202,65536,15.57
sundarbans_train_00402,sundarbans,train,data/processed/patches/sundarbans/train/sundarbans_train_00402_t1.npy,data/processed/patches/sundarbans/train/sundarbans_train_00402_t2.npy,data/processed/patches/sundarbans/train/sundarbans_train_00402_label.npy,256,12,594,65536,0.91
sundarbans_train_00403,sundarbans,train,data/processed/patches/sundarbans/train/sundarbans_train_00403_t1.npy,data/processed/patches/sundarbans/train/sundarbans_train_00403_t2.npy,data/processed/patches/sundarbans/train/sundarbans_train_00403_label.npy,256,12,112,65536,0.17
sundarbans_train_00404,sundarbans,train,data/processed/patches/sundarbans/train/sundarbans_train_00404_t1.npy,data/processed/patches/sundarbans/train/sundarbans_train_00404_t2.npy,data/processed/patches/sundarbans/train/sundarbans_train_00404_label.npy,256,12,5305,65536,8.09
sundarbans_train_00405,sundarbans,train,data/processed/patches/sundarbans/train/sundarbans_train_00405_t1.npy,data/processed/patches/sundarbans/train/sundarbans_train_00405_t2.npy,data/processed/patches/sundarbans/train/sundarbans_train_00405_label.npy,256,12,412,65536,0.63
sundarbans_train_00406,sundarbans,train,data/processed/patches/sundarbans/train/sundarbans_train_00406_t1.npy,data/processed/patches/sundarbans/train/sundarbans_train_00406_t2.npy,data/processed/patches/sundarbans/train/sundarbans_train_00406_label.npy,256,12,1433,65536,2.19
sundarbans_train_00407,sundarbans,train,data/processed/patches/sundarbans/train/sundarbans_train_00407_t1.npy,data/processed/patches/sundarbans/train/sundarbans_train_00407_t2.npy,data/processed/patches/sundarbans/train/sundarbans_train_00407_label.npy,256,12,412,65536,0.63
sundarbans_train_00408,sundarbans,train,data/processed/patches/sundarbans/train/sundarbans_train_00408_t1.npy,data/processed/patches/sundarbans/train/sundarbans_train_00408_t2.npy,data/processed/patches/sundarbans/train/sundarbans_train_00408_label.npy,256,12,0,65536,0.0
sundarbans_train_00409,sundarbans,train,data/processed/patches/sundarbans/train/sundarbans_train_00409_t1.npy,data/processed/patches/sundarbans/train/sundarbans_train_00409_t2.npy,data/processed/patches/sundarbans/train/sundarbans_train_00409_label.npy,256,12,9497,65536,14.49
sundarbans_train_00410,sundarbans,train,data/processed/patches/sundarbans/train/sundarbans_train_00410_t1.npy,data/processed/patches/sundarbans/train/sundarbans_train_00410_t2.npy,data/processed/patches/sundarbans/train/sundarbans_train_00410_label.npy,256,12,1004,65536,1.53
sundarbans_train_00411,sundarbans,train,data/processed/patches/sundarbans/train/sundarbans_train_00411_t1.npy,data/processed/patches/sundarbans/train/sundarbans_train_00411_t2.npy,data/processed/patches/sundarbans/train/sundarbans_train_00411_label.npy,256,12,0,65536,0.0
sundarbans_train_00412,sundarbans,train,data/processed/patches/sundarbans/train/sundarbans_train_00412_t1.npy,data/processed/patches/sundarbans/train/sundarbans_train_00412_t2.npy,data/processed/patches/sundarbans/train/sundarbans_train_00412_label.npy,256,12,198,65536,0.3
sundarbans_train_00413,sundarbans,train,data/processed/patches/sundarbans/train/sundarbans_train_00413_t1.npy,data/processed/patches/sundarbans/train/sundarbans_train_00413_t2.npy,data/processed/patches/sundarbans/train/sundarbans_train_00413_label.npy,256,12,338,65536,0.52
sundarbans_train_00414,sundarbans,train,data/processed/patches/sundarbans/train/sundarbans_train_00414_t1.npy,data/processed/patches/sundarbans/train/sundarbans_train_00414_t2.npy,data/processed/patches/sundarbans/train/sundarbans_train_00414_label.npy,256,12,13830,65536,21.1
sundarbans_train_00415,sundarbans,train,data/processed/patches/sundarbans/train/sundarbans_train_00415_t1.npy,data/processed/patches/sundarbans/train/sundarbans_train_00415_t2.npy,data/processed/patches/sundarbans/train/sundarbans_train_00415_label.npy,256,12,1334,65536,2.04
sundarbans_train_00416,sundarbans,train,data/processed/patches/sundarbans/train/sundarbans_train_00416_t1.npy,data/processed/patches/sundarbans/train/sundarbans_train_00416_t2.npy,data/processed/patches/sundarbans/train/sundarbans_train_00416_label.npy,256,12,1481,65536,2.26
sundarbans_train_00417,sundarbans,train,data/processed/patches/sundarbans/train/sundarbans_train_00417_t1.npy,data/processed/patches/sundarbans/train/sundarbans_train_00417_t2.npy,data/processed/patches/sundarbans/train/sundarbans_train_00417_label.npy,256,12,0,65536,0.0
sundarbans_train_00418,sundarbans,train,data/processed/patches/sundarbans/train/sundarbans_train_00418_t1.npy,data/processed/patches/sundarbans/train/sundarbans_train_00418_t2.npy,data/processed/patches/sundarbans/train/sundarbans_train_00418_label.npy,256,12,13683,65536,20.88
sundarbans_train_00419,sundarbans,train,data/processed/patches/sundarbans/train/sundarbans_train_00419_t1.npy,data/processed/patches/sundarbans/train/sundarbans_train_00419_t2.npy,data/processed/patches/sundarbans/train/sundarbans_train_00419_label.npy,256,12,450,65536,0.69
sundarbans_train_00420,sundarbans,train,data/processed/patches/sundarbans/train/sundarbans_train_00420_t1.npy,data/processed/patches/sundarbans/train/sundarbans_train_00420_t2.npy,data/processed/patches/sundarbans/train/sundarbans_train_00420_label.npy,256,12,327,65536,0.5
sundarbans_train_00421,sundarbans,train,data/processed/patches/sundarbans/train/sundarbans_train_00421_t1.npy,data/processed/patches/sundarbans/train/sundarbans_train_00421_t2.npy,data/processed/patches/sundarbans/train/sundarbans_train_00421_label.npy,256,12,148,65536,0.23
sundarbans_train_00422,sundarbans,train,data/processed/patches/sundarbans/train/sundarbans_train_00422_t1.npy,data/processed/patches/sundarbans/train/sundarbans_train_00422_t2.npy,data/processed/patches/sundarbans/train/sundarbans_train_00422_label.npy,256,12,403,65536,0.61
sundarbans_train_00423,sundarbans,train,data/processed/patches/sundarbans/train/sundarbans_train_00423_t1.npy,data/processed/patches/sundarbans/train/sundarbans_train_00423_t2.npy,data/processed/patches/sundarbans/train/sundarbans_train_00423_label.npy,256,12,0,65536,0.0
sundarbans_train_00424,sundarbans,train,data/processed/patches/sundarbans/train/sundarbans_train_00424_t1.npy,data/processed/patches/sundarbans/train/sundarbans_train_00424_t2.npy,data/processed/patches/sundarbans/train/sundarbans_train_00424_label.npy,256,12,272,65536,0.42
sundarbans_train_00425,sundarbans,train,data/processed/patches/sundarbans/train/sundarbans_train_00425_t1.npy,data/processed/patches/sundarbans/train/sundarbans_train_00425_t2.npy,data/processed/patches/sundarbans/train/sundarbans_train_00425_label.npy,256,12,182,65536,0.28
sundarbans_train_00426,sundarbans,train,data/processed/patches/sundarbans/train/sundarbans_train_00426_t1.npy,data/processed/patches/sundarbans/train/sundarbans_train_00426_t2.npy,data/processed/patches/sundarbans/train/sundarbans_train_00426_label.npy,256,12,12950,65536,19.76
sundarbans_train_00427,sundarbans,train,data/processed/patches/sundarbans/train/sundarbans_train_00427_t1.npy,data/processed/patches/sundarbans/train/sundarbans_train_00427_t2.npy,data/processed/patches/sundarbans/train/sundarbans_train_00427_label.npy,256,12,18684,65536,28.51
sundarbans_train_00428,sundarbans,train,data/processed/patches/sundarbans/train/sundarbans_train_00428_t1.npy,data/processed/patches/sundarbans/train/sundarbans_train_00428_t2.npy,data/processed/patches/sundarbans/train/sundarbans_train_00428_label.npy,256,12,341,65536,0.52
sundarbans_train_00429,sundarbans,train,data/processed/patches/sundarbans/train/sundarbans_train_00429_t1.npy,data/processed/patches/sundarbans/train/sundarbans_train_00429_t2.npy,data/processed/patches/sundarbans/train/sundarbans_train_00429_label.npy,256,12,534,65536,0.81
sundarbans_train_00430,sundarbans,train,data/processed/patches/sundarbans/train/sundarbans_train_00430_t1.npy,data/processed/patches/sundarbans/train/sundarbans_train_00430_t2.npy,data/processed/patches/sundarbans/train/sundarbans_train_00430_label.npy,256,12,7603,65536,11.6
sundarbans_train_00431,sundarbans,train,data/processed/patches/sundarbans/train/sundarbans_train_00431_t1.npy,data/processed/patches/sundarbans/train/sundarbans_train_00431_t2.npy,data/processed/patches/sundarbans/train/sundarbans_train_00431_label.npy,256,12,0,65536,0.0
sundarbans_train_00432,sundarbans,train,data/processed/patches/sundarbans/train/sundarbans_train_00432_t1.npy,data/processed/patches/sundarbans/train/sundarbans_train_00432_t2.npy,data/processed/patches/sundarbans/train/sundarbans_train_00432_label.npy,256,12,10864,65536,16.58
sundarbans_train_00433,sundarbans,train,data/processed/patches/sundarbans/train/sundarbans_train_00433_t1.npy,data/processed/patches/sundarbans/train/sundarbans_train_00433_t2.npy,data/processed/patches/sundarbans/train/sundarbans_train_00433_label.npy,256,12,316,65536,0.48
sundarbans_train_00434,sundarbans,train,data/processed/patches/sundarbans/train/sundarbans_train_00434_t1.npy,data/processed/patches/sundarbans/train/sundarbans_train_00434_t2.npy,data/processed/patches/sundarbans/train/sundarbans_train_00434_label.npy,256,12,14971,65536,22.84
sundarbans_train_00435,sundarbans,train,data/processed/patches/sundarbans/train/sundarbans_train_00435_t1.npy,data/processed/patches/sundarbans/train/sundarbans_train_00435_t2.npy,data/processed/patches/sundarbans/train/sundarbans_train_00435_label.npy,256,12,165,65536,0.25
sundarbans_train_00436,sundarbans,train,data/processed/patches/sundarbans/train/sundarbans_train_00436_t1.npy,data/processed/patches/sundarbans/train/sundarbans_train_00436_t2.npy,data/processed/patches/sundarbans/train/sundarbans_train_00436_label.npy,256,12,1890,65536,2.88
sundarbans_train_00437,sundarbans,train,data/processed/patches/sundarbans/train/sundarbans_train_00437_t1.npy,data/processed/patches/sundarbans/train/sundarbans_train_00437_t2.npy,data/processed/patches/sundarbans/train/sundarbans_train_00437_label.npy,256,12,0,65536,0.0
sundarbans_train_00438,sundarbans,train,data/processed/patches/sundarbans/train/sundarbans_train_00438_t1.npy,data/processed/patches/sundarbans/train/sundarbans_train_00438_t2.npy,data/processed/patches/sundarbans/train/sundarbans_train_00438_label.npy,256,12,2010,65536,3.07
sundarbans_train_00439,sundarbans,train,data/processed/patches/sundarbans/train/sundarbans_train_00439_t1.npy,data/processed/patches/sundarbans/train/sundarbans_train_00439_t2.npy,data/processed/patches/sundarbans/train/sundarbans_train_00439_label.npy,256,12,404,65536,0.62
sundarbans_train_00440,sundarbans,train,data/processed/patches/sundarbans/train/sundarbans_train_00440_t1.npy,data/processed/patches/sundarbans/train/sundarbans_train_00440_t2.npy,data/processed/patches/sundarbans/train/sundarbans_train_00440_label.npy,256,12,285,65536,0.43
sundarbans_train_00441,sundarbans,train,data/processed/patches/sundarbans/train/sundarbans_train_00441_t1.npy,data/processed/patches/sundarbans/train/sundarbans_train_00441_t2.npy,data/processed/patches/sundarbans/train/sundarbans_train_00441_label.npy,256,12,460,65536,0.7
sundarbans_train_00442,sundarbans,train,data/processed/patches/sundarbans/train/sundarbans_train_00442_t1.npy,data/processed/patches/sundarbans/train/sundarbans_train_00442_t2.npy,data/processed/patches/sundarbans/train/sundarbans_train_00442_label.npy,256,12,12,65536,0.02
sundarbans_train_00443,sundarbans,train,data/processed/patches/sundarbans/train/sundarbans_train_00443_t1.npy,data/processed/patches/sundarbans/train/sundarbans_train_00443_t2.npy,data/processed/patches/sundarbans/train/sundarbans_train_00443_label.npy,256,12,317,65536,0.48
sundarbans_train_00444,sundarbans,train,data/processed/patches/sundarbans/train/sundarbans_train_00444_t1.npy,data/processed/patches/sundarbans/train/sundarbans_train_00444_t2.npy,data/processed/patches/sundarbans/train/sundarbans_train_00444_label.npy,256,12,462,65536,0.7
sundarbans_train_00445,sundarbans,train,data/processed/patches/sundarbans/train/sundarbans_train_00445_t1.npy,data/processed/patches/sundarbans/train/sundarbans_train_00445_t2.npy,data/processed/patches/sundarbans/train/sundarbans_train_00445_label.npy,256,12,11679,65536,17.82
sundarbans_train_00446,sundarbans,train,data/processed/patches/sundarbans/train/sundarbans_train_00446_t1.npy,data/processed/patches/sundarbans/train/sundarbans_train_00446_t2.npy,data/processed/patches/sundarbans/train/sundarbans_train_00446_label.npy,256,12,921,65536,1.41
sundarbans_train_00447,sundarbans,train,data/processed/patches/sundarbans/train/sundarbans_train_00447_t1.npy,data/processed/patches/sundarbans/train/sundarbans_train_00447_t2.npy,data/processed/patches/sundarbans/train/sundarbans_train_00447_label.npy,256,12,1353,65536,2.06
sundarbans_train_00448,sundarbans,train,data/processed/patches/sundarbans/train/sundarbans_train_00448_t1.npy,data/processed/patches/sundarbans/train/sundarbans_train_00448_t2.npy,data/processed/patches/sundarbans/train/sundarbans_train_00448_label.npy,256,12,831,65536,1.27
sundarbans_train_00449,sundarbans,train,data/processed/patches/sundarbans/train/sundarbans_train_00449_t1.npy,data/processed/patches/sundarbans/train/sundarbans_train_00449_t2.npy,data/processed/patches/sundarbans/train/sundarbans_train_00449_label.npy,256,12,10718,65536,16.35
sundarbans_train_00450,sundarbans,train,data/processed/patches/sundarbans/train/sundarbans_train_00450_t1.npy,data/processed/patches/sundarbans/train/sundarbans_train_00450_t2.npy,data/processed/patches/sundarbans/train/sundarbans_train_00450_label.npy,256,12,282,65536,0.43
sundarbans_train_00451,sundarbans,train,data/processed/patches/sundarbans/train/sundarbans_train_00451_t1.npy,data/processed/patches/sundarbans/train/sundarbans_train_00451_t2.npy,data/processed/patches/sundarbans/train/sundarbans_train_00451_label.npy,256,12,461,65536,0.7
sundarbans_train_00452,sundarbans,train,data/processed/patches/sundarbans/train/sundarbans_train_00452_t1.npy,data/processed/patches/sundarbans/train/sundarbans_train_00452_t2.npy,data/processed/patches/sundarbans/train/sundarbans_train_00452_label.npy,256,12,191,65536,0.29
sundarbans_train_00453,sundarbans,train,data/processed/patches/sundarbans/train/sundarbans_train_00453_t1.npy,data/processed/patches/sundarbans/train/sundarbans_train_00453_t2.npy,data/processed/patches/sundarbans/train/sundarbans_train_00453_label.npy,256,12,14114,65536,21.54
sundarbans_train_00454,sundarbans,train,data/processed/patches/sundarbans/train/sundarbans_train_00454_t1.npy,data/processed/patches/sundarbans/train/sundarbans_train_00454_t2.npy,data/processed/patches/sundarbans/train/sundarbans_train_00454_label.npy,256,12,16620,65536,25.36
sundarbans_train_00455,sundarbans,train,data/processed/patches/sundarbans/train/sundarbans_train_00455_t1.npy,data/processed/patches/sundarbans/train/sundarbans_train_00455_t2.npy,data/processed/patches/sundarbans/train/sundarbans_train_00455_label.npy,256,12,14826,65536,22.62
sundarbans_train_00456,sundarbans,train,data/processed/patches/sundarbans/train/sundarbans_train_00456_t1.npy,data/processed/patches/sundarbans/train/sundarbans_train_00456_t2.npy,data/processed/patches/sundarbans/train/sundarbans_train_00456_label.npy,256,12,241,65536,0.37
sundarbans_train_00457,sundarbans,train,data/processed/patches/sundarbans/train/sundarbans_train_00457_t1.npy,data/processed/patches/sundarbans/train/sundarbans_train_00457_t2.npy,data/processed/patches/sundarbans/train/sundarbans_train_00457_label.npy,256,12,664,65536,1.01
sundarbans_train_00458,sundarbans,train,data/processed/patches/sundarbans/train/sundarbans_train_00458_t1.npy,data/processed/patches/sundarbans/train/sundarbans_train_00458_t2.npy,data/processed/patches/sundarbans/train/sundarbans_train_00458_label.npy,256,12,439,65536,0.67
sundarbans_train_00459,sundarbans,train,data/processed/patches/sundarbans/train/sundarbans_train_00459_t1.npy,data/processed/patches/sundarbans/train/sundarbans_train_00459_t2.npy,data/processed/patches/sundarbans/train/sundarbans_train_00459_label.npy,256,12,863,65536,1.32
sundarbans_train_00460,sundarbans,train,data/processed/patches/sundarbans/train/sundarbans_train_00460_t1.npy,data/processed/patches/sundarbans/train/sundarbans_train_00460_t2.npy,data/processed/patches/sundarbans/train/sundarbans_train_00460_label.npy,256,12,706,65536,1.08
sundarbans_train_00461,sundarbans,train,data/processed/patches/sundarbans/train/sundarbans_train_00461_t1.npy,data/processed/patches/sundarbans/train/sundarbans_train_00461_t2.npy,data/processed/patches/sundarbans/train/sundarbans_train_00461_label.npy,256,12,1798,65536,2.74
sundarbans_train_00462,sundarbans,train,data/processed/patches/sundarbans/train/sundarbans_train_00462_t1.npy,data/processed/patches/sundarbans/train/sundarbans_train_00462_t2.npy,data/processed/patches/sundarbans/train/sundarbans_train_00462_label.npy,256,12,164,65536,0.25
sundarbans_train_00463,sundarbans,train,data/processed/patches/sundarbans/train/sundarbans_train_00463_t1.npy,data/processed/patches/sundarbans/train/sundarbans_train_00463_t2.npy,data/processed/patches/sundarbans/train/sundarbans_train_00463_label.npy,256,12,15522,65536,23.68
sundarbans_train_00464,sundarbans,train,data/processed/patches/sundarbans/train/sundarbans_train_00464_t1.npy,data/processed/patches/sundarbans/train/sundarbans_train_00464_t2.npy,data/processed/patches/sundarbans/train/sundarbans_train_00464_label.npy,256,12,0,65536,0.0
sundarbans_train_00465,sundarbans,train,data/processed/patches/sundarbans/train/sundarbans_train_00465_t1.npy,data/processed/patches/sundarbans/train/sundarbans_train_00465_t2.npy,data/processed/patches/sundarbans/train/sundarbans_train_00465_label.npy,256,12,966,65536,1.47
sundarbans_train_00466,sundarbans,train,data/processed/patches/sundarbans/train/sundarbans_train_00466_t1.npy,data/processed/patches/sundarbans/train/sundarbans_train_00466_t2.npy,data/processed/patches/sundarbans/train/sundarbans_train_00466_label.npy,256,12,7035,65536,10.73
sundarbans_train_00467,sundarbans,train,data/processed/patches/sundarbans/train/sundarbans_train_00467_t1.npy,data/processed/patches/sundarbans/train/sundarbans_train_00467_t2.npy,data/processed/patches/sundarbans/train/sundarbans_train_00467_label.npy,256,12,317,65536,0.48
sundarbans_train_00468,sundarbans,train,data/processed/patches/sundarbans/train/sundarbans_train_00468_t1.npy,data/processed/patches/sundarbans/train/sundarbans_train_00468_t2.npy,data/processed/patches/sundarbans/train/sundarbans_train_00468_label.npy,256,12,1117,65536,1.7
sundarbans_train_00469,sundarbans,train,data/processed/patches/sundarbans/train/sundarbans_train_00469_t1.npy,data/processed/patches/sundarbans/train/sundarbans_train_00469_t2.npy,data/processed/patches/sundarbans/train/sundarbans_train_00469_label.npy,256,12,654,65536,1.0
sundarbans_train_00470,sundarbans,train,data/processed/patches/sundarbans/train/sundarbans_train_00470_t1.npy,data/processed/patches/sundarbans/train/sundarbans_train_00470_t2.npy,data/processed/patches/sundarbans/train/sundarbans_train_00470_label.npy,256,12,282,65536,0.43
sundarbans_train_00471,sundarbans,train,data/processed/patches/sundarbans/train/sundarbans_train_00471_t1.npy,data/processed/patches/sundarbans/train/sundarbans_train_00471_t2.npy,data/processed/patches/sundarbans/train/sundarbans_train_00471_label.npy,256,12,492,65536,0.75
sundarbans_train_00472,sundarbans,train,data/processed/patches/sundarbans/train/sundarbans_train_00472_t1.npy,data/processed/patches/sundarbans/train/sundarbans_train_00472_t2.npy,data/processed/patches/sundarbans/train/sundarbans_train_00472_label.npy,256,12,1436,65536,2.19
sundarbans_train_00473,sundarbans,train,data/processed/patches/sundarbans/train/sundarbans_train_00473_t1.npy,data/processed/patches/sundarbans/train/sundarbans_train_00473_t2.npy,data/processed/patches/sundarbans/train/sundarbans_train_00473_label.npy,256,12,13439,65536,20.51
sundarbans_train_00474,sundarbans,train,data/processed/patches/sundarbans/train/sundarbans_train_00474_t1.npy,data/processed/patches/sundarbans/train/sundarbans_train_00474_t2.npy,data/processed/patches/sundarbans/train/sundarbans_train_00474_label.npy,256,12,15763,65536,24.05
sundarbans_train_00475,sundarbans,train,data/processed/patches/sundarbans/train/sundarbans_train_00475_t1.npy,data/processed/patches/sundarbans/train/sundarbans_train_00475_t2.npy,data/processed/patches/sundarbans/train/sundarbans_train_00475_label.npy,256,12,1687,65536,2.57
sundarbans_train_00476,sundarbans,train,data/processed/patches/sundarbans/train/sundarbans_train_00476_t1.npy,data/processed/patches/sundarbans/train/sundarbans_train_00476_t2.npy,data/processed/patches/sundarbans/train/sundarbans_train_00476_label.npy,256,12,12005,65536,18.32
sundarbans_train_00477,sundarbans,train,data/processed/patches/sundarbans/train/sundarbans_train_00477_t1.npy,data/processed/patches/sundarbans/train/sundarbans_train_00477_t2.npy,data/processed/patches/sundarbans/train/sundarbans_train_00477_label.npy,256,12,0,65536,0.0
sundarbans_train_00478,sundarbans,train,data/processed/patches/sundarbans/train/sundarbans_train_00478_t1.npy,data/processed/patches/sundarbans/train/sundarbans_train_00478_t2.npy,data/processed/patches/sundarbans/train/sundarbans_train_00478_label.npy,256,12,247,65536,0.38
sundarbans_train_00479,sundarbans,train,data/processed/patches/sundarbans/train/sundarbans_train_00479_t1.npy,data/processed/patches/sundarbans/train/sundarbans_train_00479_t2.npy,data/processed/patches/sundarbans/train/sundarbans_train_00479_label.npy,256,12,1869,65536,2.85
sundarbans_train_00480,sundarbans,train,data/processed/patches/sundarbans/train/sundarbans_train_00480_t1.npy,data/processed/patches/sundarbans/train/sundarbans_train_00480_t2.npy,data/processed/patches/sundarbans/train/sundarbans_train_00480_label.npy,256,12,2541,65536,3.88
sundarbans_train_00481,sundarbans,train,data/processed/patches/sundarbans/train/sundarbans_train_00481_t1.npy,data/processed/patches/sundarbans/train/sundarbans_train_00481_t2.npy,data/processed/patches/sundarbans/train/sundarbans_train_00481_label.npy,256,12,14852,65536,22.66
sundarbans_train_00482,sundarbans,train,data/processed/patches/sundarbans/train/sundarbans_train_00482_t1.npy,data/processed/patches/sundarbans/train/sundarbans_train_00482_t2.npy,data/processed/patches/sundarbans/train/sundarbans_train_00482_label.npy,256,12,311,65536,0.47
sundarbans_train_00483,sundarbans,train,data/processed/patches/sundarbans/train/sundarbans_train_00483_t1.npy,data/processed/patches/sundarbans/train/sundarbans_train_00483_t2.npy,data/processed/patches/sundarbans/train/sundarbans_train_00483_label.npy,256,12,403,65536,0.61
sundarbans_train_00484,sundarbans,train,data/processed/patches/sundarbans/train/sundarbans_train_00484_t1.npy,data/processed/patches/sundarbans/train/sundarbans_train_00484_t2.npy,data/processed/patches/sundarbans/train/sundarbans_train_00484_label.npy,256,12,0,65536,0.0
sundarbans_train_00485,sundarbans,train,data/processed/patches/sundarbans/train/sundarbans_train_00485_t1.npy,data/processed/patches/sundarbans/train/sundarbans_train_00485_t2.npy,data/processed/patches/sundarbans/train/sundarbans_train_00485_label.npy,256,12,11422,65536,17.43
sundarbans_train_00486,sundarbans,train,data/processed/patches/sundarbans/train/sundarbans_train_00486_t1.npy,data/processed/patches/sundarbans/train/sundarbans_train_00486_t2.npy,data/processed/patches/sundarbans/train/sundarbans_train_00486_label.npy,256,12,8803,65536,13.43
sundarbans_train_00487,sundarbans,train,data/processed/patches/sundarbans/train/sundarbans_train_00487_t1.npy,data/processed/patches/sundarbans/train/sundarbans_train_00487_t2.npy,data/processed/patches/sundarbans/train/sundarbans_train_00487_label.npy,256,12,15,65536,0.02
sundarbans_train_00488,sundarbans,train,data/processed/patches/sundarbans/train/sundarbans_train_00488_t1.npy,data/processed/patches/sundarbans/train/sundarbans_train_00488_t2.npy,data/processed/patches/sundarbans/train/sundarbans_train_00488_label.npy,256,12,18233,65536,27.82
sundarbans_train_00489,sundarbans,train,data/processed/patches/sundarbans/train/sundarbans_train_00489_t1.npy,data/processed/patches/sundarbans/train/sundarbans_train_00489_t2.npy,data/processed/patches/sundarbans/train/sundarbans_train_00489_label.npy,256,12,10839,65536,16.54
sundarbans_train_00490,sundarbans,train,data/processed/patches/sundarbans/train/sundarbans_train_00490_t1.npy,data/processed/patches/sundarbans/train/sundarbans_train_00490_t2.npy,data/processed/patches/sundarbans/train/sundarbans_train_00490_label.npy,256,12,353,65536,0.54
sundarbans_train_00491,sundarbans,train,data/processed/patches/sundarbans/train/sundarbans_train_00491_t1.npy,data/processed/patches/sundarbans/train/sundarbans_train_00491_t2.npy,data/processed/patches/sundarbans/train/sundarbans_train_00491_label.npy,256,12,1062,65536,1.62
sundarbans_train_00492,sundarbans,train,data/processed/patches/sundarbans/train/sundarbans_train_00492_t1.npy,data/processed/patches/sundarbans/train/sundarbans_train_00492_t2.npy,data/processed/patches/sundarbans/train/sundarbans_train_00492_label.npy,256,12,177,65536,0.27
sundarbans_train_00493,sundarbans,train,data/processed/patches/sundarbans/train/sundarbans_train_00493_t1.npy,data/processed/patches/sundarbans/train/sundarbans_train_00493_t2.npy,data/processed/patches/sundarbans/train/sundarbans_train_00493_label.npy,256,12,651,65536,0.99
sundarbans_train_00494,sundarbans,train,data/processed/patches/sundarbans/train/sundarbans_train_00494_t1.npy,data/processed/patches/sundarbans/train/sundarbans_train_00494_t2.npy,data/processed/patches/sundarbans/train/sundarbans_train_00494_label.npy,256,12,15545,65536,23.72
sundarbans_train_00495,sundarbans,train,data/processed/patches/sundarbans/train/sundarbans_train_00495_t1.npy,data/processed/patches/sundarbans/train/sundarbans_train_00495_t2.npy,data/processed/patches/sundarbans/train/sundarbans_train_00495_label.npy,256,12,1850,65536,2.82
sundarbans_train_00496,sundarbans,train,data/processed/patches/sundarbans/train/sundarbans_train_00496_t1.npy,data/processed/patches/sundarbans/train/sundarbans_train_00496_t2.npy,data/processed/patches/sundarbans/train/sundarbans_train_00496_label.npy,256,12,16,65536,0.02
sundarbans_train_00497,sundarbans,train,data/processed/patches/sundarbans/train/sundarbans_train_00497_t1.npy,data/processed/patches/sundarbans/train/sundarbans_train_00497_t2.npy,data/processed/patches/sundarbans/train/sundarbans_train_00497_label.npy,256,12,246,65536,0.38
sundarbans_train_00498,sundarbans,train,data/processed/patches/sundarbans/train/sundarbans_train_00498_t1.npy,data/processed/patches/sundarbans/train/sundarbans_train_00498_t2.npy,data/processed/patches/sundarbans/train/sundarbans_train_00498_label.npy,256,12,14497,65536,22.12
sundarbans_train_00499,sundarbans,train,data/processed/patches/sundarbans/train/sundarbans_train_00499_t1.npy,data/processed/patches/sundarbans/train/sundarbans_train_00499_t2.npy,data/processed/patches/sundarbans/train/sundarbans_train_00499_label.npy,256,12,476,65536,0.73
sundarbans_train_00500,sundarbans,train,data/processed/patches/sundarbans/train/sundarbans_train_00500_t1.npy,data/processed/patches/sundarbans/train/sundarbans_train_00500_t2.npy,data/processed/patches/sundarbans/train/sundarbans_train_00500_label.npy,256,12,193,65536,0.29
sundarbans_train_00501,sundarbans,train,data/processed/patches/sundarbans/train/sundarbans_train_00501_t1.npy,data/processed/patches/sundarbans/train/sundarbans_train_00501_t2.npy,data/processed/patches/sundarbans/train/sundarbans_train_00501_label.npy,256,12,293,65536,0.45
sundarbans_train_00502,sundarbans,train,data/processed/patches/sundarbans/train/sundarbans_train_00502_t1.npy,data/processed/patches/sundarbans/train/sundarbans_train_00502_t2.npy,data/processed/patches/sundarbans/train/sundarbans_train_00502_label.npy,256,12,321,65536,0.49
sundarbans_train_00503,sundarbans,train,data/processed/patches/sundarbans/train/sundarbans_train_00503_t1.npy,data/processed/patches/sundarbans/train/sundarbans_train_00503_t2.npy,data/processed/patches/sundarbans/train/sundarbans_train_00503_label.npy,256,12,391,65536,0.6
sundarbans_train_00504,sundarbans,train,data/processed/patches/sundarbans/train/sundarbans_train_00504_t1.npy,data/processed/patches/sundarbans/train/sundarbans_train_00504_t2.npy,data/processed/patches/sundarbans/train/sundarbans_train_00504_label.npy,256,12,1225,65536,1.87
sundarbans_train_00505,sundarbans,train,data/processed/patches/sundarbans/train/sundarbans_train_00505_t1.npy,data/processed/patches/sundarbans/train/sundarbans_train_00505_t2.npy,data/processed/patches/sundarbans/train/sundarbans_train_00505_label.npy,256,12,303,65536,0.46
sundarbans_train_00506,sundarbans,train,data/processed/patches/sundarbans/train/sundarbans_train_00506_t1.npy,data/processed/patches/sundarbans/train/sundarbans_train_00506_t2.npy,data/processed/patches/sundarbans/train/sundarbans_train_00506_label.npy,256,12,1169,65536,1.78
sundarbans_train_00507,sundarbans,train,data/processed/patches/sundarbans/train/sundarbans_train_00507_t1.npy,data/processed/patches/sundarbans/train/sundarbans_train_00507_t2.npy,data/processed/patches/sundarbans/train/sundarbans_train_00507_label.npy,256,12,7795,65536,11.89
sundarbans_train_00508,sundarbans,train,data/processed/patches/sundarbans/train/sundarbans_train_00508_t1.npy,data/processed/patches/sundarbans/train/sundarbans_train_00508_t2.npy,data/processed/patches/sundarbans/train/sundarbans_train_00508_label.npy,256,12,291,65536,0.44
sundarbans_train_00509,sundarbans,train,data/processed/patches/sundarbans/train/sundarbans_train_00509_t1.npy,data/processed/patches/sundarbans/train/sundarbans_train_00509_t2.npy,data/processed/patches/sundarbans/train/sundarbans_train_00509_label.npy,256,12,259,65536,0.4
sundarbans_train_00510,sundarbans,train,data/processed/patches/sundarbans/train/sundarbans_train_00510_t1.npy,data/processed/patches/sundarbans/train/sundarbans_train_00510_t2.npy,data/processed/patches/sundarbans/train/sundarbans_train_00510_label.npy,256,12,19546,65536,29.82
sundarbans_train_00511,sundarbans,train,data/processed/patches/sundarbans/train/sundarbans_train_00511_t1.npy,data/processed/patches/sundarbans/train/sundarbans_train_00511_t2.npy,data/processed/patches/sundarbans/train/sundarbans_train_00511_label.npy,256,12,749,65536,1.14
sundarbans_train_00512,sundarbans,train,data/processed/patches/sundarbans/train/sundarbans_train_00512_t1.npy,data/processed/patches/sundarbans/train/sundarbans_train_00512_t2.npy,data/processed/patches/sundarbans/train/sundarbans_train_00512_label.npy,256,12,1651,65536,2.52
sundarbans_train_00513,sundarbans,train,data/processed/patches/sundarbans/train/sundarbans_train_00513_t1.npy,data/processed/patches/sundarbans/train/sundarbans_train_00513_t2.npy,data/processed/patches/sundarbans/train/sundarbans_train_00513_label.npy,256,12,698,65536,1.07
sundarbans_train_00514,sundarbans,train,data/processed/patches/sundarbans/train/sundarbans_train_00514_t1.npy,data/processed/patches/sundarbans/train/sundarbans_train_00514_t2.npy,data/processed/patches/sundarbans/train/sundarbans_train_00514_label.npy,256,12,12199,65536,18.61
sundarbans_train_00515,sundarbans,train,data/processed/patches/sundarbans/train/sundarbans_train_00515_t1.npy,data/processed/patches/sundarbans/train/sundarbans_train_00515_t2.npy,data/processed/patches/sundarbans/train/sundarbans_train_00515_label.npy,256,12,3855,65536,5.88
sundarbans_train_00516,sundarbans,train,data/processed/patches/sundarbans/train/sundarbans_train_00516_t1.npy,data/processed/patches/sundarbans/train/sundarbans_train_00516_t2.npy,data/processed/patches/sundarbans/train/sundarbans_train_00516_label.npy,256,12,599,65536,0.91
sundarbans_train_00517,sundarbans,train,data/processed/patches/sundarbans/train/sundarbans_train_00517_t1.npy,data/processed/patches/sundarbans/train/sundarbans_train_00517_t2.npy,data/processed/patches/sundarbans/train/sundarbans_train_00517_label.npy,256,12,91,65536,0.14
sundarbans_train_00518,sundarbans,train,data/processed/patches/sundarbans/train/sundarbans_train_00518_t1.npy,data/processed/patches/sundarbans/train/sundarbans_train_00518_t2.npy,data/processed/patches/sundarbans/train/sundarbans_train_00518_label.npy,256,12,53,65536,0.08
sundarbans_train_00519,sundarbans,train,data/processed/patches/sundarbans/train/sundarbans_train_00519_t1.npy,data/processed/patches/sundarbans/train/sundarbans_train_00519_t2.npy,data/processed/patches/sundarbans/train/sundarbans_train_00519_label.npy,256,12,421,65536,0.64
sundarbans_train_00520,sundarbans,train,data/processed/patches/sundarbans/train/sundarbans_train_00520_t1.npy,data/processed/patches/sundarbans/train/sundarbans_train_00520_t2.npy,data/processed/patches/sundarbans/train/sundarbans_train_00520_label.npy,256,12,146,65536,0.22
sundarbans_train_00521,sundarbans,train,data/processed/patches/sundarbans/train/sundarbans_train_00521_t1.npy,data/processed/patches/sundarbans/train/sundarbans_train_00521_t2.npy,data/processed/patches/sundarbans/train/sundarbans_train_00521_label.npy,256,12,5172,65536,7.89
sundarbans_train_00522,sundarbans,train,data/processed/patches/sundarbans/train/sundarbans_train_00522_t1.npy,data/processed/patches/sundarbans/train/sundarbans_train_00522_t2.npy,data/processed/patches/sundarbans/train/sundarbans_train_00522_label.npy,256,12,330,65536,0.5
sundarbans_train_00523,sundarbans,train,data/processed/patches/sundarbans/train/sundarbans_train_00523_t1.npy,data/processed/patches/sundarbans/train/sundarbans_train_00523_t2.npy,data/processed/patches/sundarbans/train/sundarbans_train_00523_label.npy,256,12,10060,65536,15.35
sundarbans_train_00524,sundarbans,train,data/processed/patches/sundarbans/train/sundarbans_train_00524_t1.npy,data/processed/patches/sundarbans/train/sundarbans_train_00524_t2.npy,data/processed/patches/sundarbans/train/sundarbans_train_00524_label.npy,256,12,0,65536,0.0
sundarbans_train_00525,sundarbans,train,data/processed/patches/sundarbans/train/sundarbans_train_00525_t1.npy,data/processed/patches/sundarbans/train/sundarbans_train_00525_t2.npy,data/processed/patches/sundarbans/train/sundarbans_train_00525_label.npy,256,12,1022,65536,1.56
sundarbans_train_00526,sundarbans,train,data/processed/patches/sundarbans/train/sundarbans_train_00526_t1.npy,data/processed/patches/sundarbans/train/sundarbans_train_00526_t2.npy,data/processed/patches/sundarbans/train/sundarbans_train_00526_label.npy,256,12,0,65536,0.0
sundarbans_train_00527,sundarbans,train,data/processed/patches/sundarbans/train/sundarbans_train_00527_t1.npy,data/processed/patches/sundarbans/train/sundarbans_train_00527_t2.npy,data/processed/patches/sundarbans/train/sundarbans_train_00527_label.npy,256,12,7186,65536,10.96
sundarbans_train_00528,sundarbans,train,data/processed/patches/sundarbans/train/sundarbans_train_00528_t1.npy,data/processed/patches/sundarbans/train/sundarbans_train_00528_t2.npy,data/processed/patches/sundarbans/train/sundarbans_train_00528_label.npy,256,12,421,65536,0.64
sundarbans_train_00529,sundarbans,train,data/processed/patches/sundarbans/train/sundarbans_train_00529_t1.npy,data/processed/patches/sundarbans/train/sundarbans_train_00529_t2.npy,data/processed/patches/sundarbans/train/sundarbans_train_00529_label.npy,256,12,13854,65536,21.14
sundarbans_train_00530,sundarbans,train,data/processed/patches/sundarbans/train/sundarbans_train_00530_t1.npy,data/processed/patches/sundarbans/train/sundarbans_train_00530_t2.npy,data/processed/patches/sundarbans/train/sundarbans_train_00530_label.npy,256,12,12231,65536,18.66
sundarbans_train_00531,sundarbans,train,data/processed/patches/sundarbans/train/sundarbans_train_00531_t1.npy,data/processed/patches/sundarbans/train/sundarbans_train_00531_t2.npy,data/processed/patches/sundarbans/train/sundarbans_train_00531_label.npy,256,12,963,65536,1.47
sundarbans_train_00532,sundarbans,train,data/processed/patches/sundarbans/train/sundarbans_train_00532_t1.npy,data/processed/patches/sundarbans/train/sundarbans_train_00532_t2.npy,data/processed/patches/sundarbans/train/sundarbans_train_00532_label.npy,256,12,311,65536,0.47
sundarbans_train_00533,sundarbans,train,data/processed/patches/sundarbans/train/sundarbans_train_00533_t1.npy,data/processed/patches/sundarbans/train/sundarbans_train_00533_t2.npy,data/processed/patches/sundarbans/train/sundarbans_train_00533_label.npy,256,12,0,65536,0.0
sundarbans_train_00534,sundarbans,train,data/processed/patches/sundarbans/train/sundarbans_train_00534_t1.npy,data/processed/patches/sundarbans/train/sundarbans_train_00534_t2.npy,data/processed/patches/sundarbans/train/sundarbans_train_00534_label.npy,256,12,0,65536,0.0
sundarbans_train_00535,sundarbans,train,data/processed/patches/sundarbans/train/sundarbans_train_00535_t1.npy,data/processed/patches/sundarbans/train/sundarbans_train_00535_t2.npy,data/processed/patches/sundarbans/train/sundarbans_train_00535_label.npy,256,12,878,65536,1.34
sundarbans_train_00536,sundarbans,train,data/processed/patches/sundarbans/train/sundarbans_train_00536_t1.npy,data/processed/patches/sundarbans/train/sundarbans_train_00536_t2.npy,data/processed/patches/sundarbans/train/sundarbans_train_00536_label.npy,256,12,363,65536,0.55
sundarbans_train_00537,sundarbans,train,data/processed/patches/sundarbans/train/sundarbans_train_00537_t1.npy,data/processed/patches/sundarbans/train/sundarbans_train_00537_t2.npy,data/processed/patches/sundarbans/train/sundarbans_train_00537_label.npy,256,12,440,65536,0.67
sundarbans_train_00538,sundarbans,train,data/processed/patches/sundarbans/train/sundarbans_train_00538_t1.npy,data/processed/patches/sundarbans/train/sundarbans_train_00538_t2.npy,data/processed/patches/sundarbans/train/sundarbans_train_00538_label.npy,256,12,12260,65536,18.71
sundarbans_train_00539,sundarbans,train,data/processed/patches/sundarbans/train/sundarbans_train_00539_t1.npy,data/processed/patches/sundarbans/train/sundarbans_train_00539_t2.npy,data/processed/patches/sundarbans/train/sundarbans_train_00539_label.npy,256,12,406,65536,0.62
sundarbans_train_00540,sundarbans,train,data/processed/patches/sundarbans/train/sundarbans_train_00540_t1.npy,data/processed/patches/sundarbans/train/sundarbans_train_00540_t2.npy,data/processed/patches/sundarbans/train/sundarbans_train_00540_label.npy,256,12,420,65536,0.64
sundarbans_train_00541,sundarbans,train,data/processed/patches/sundarbans/train/sundarbans_train_00541_t1.npy,data/processed/patches/sundarbans/train/sundarbans_train_00541_t2.npy,data/processed/patches/sundarbans/train/sundarbans_train_00541_label.npy,256,12,338,65536,0.52
sundarbans_train_00542,sundarbans,train,data/processed/patches/sundarbans/train/sundarbans_train_00542_t1.npy,data/processed/patches/sundarbans/train/sundarbans_train_00542_t2.npy,data/processed/patches/sundarbans/train/sundarbans_train_00542_label.npy,256,12,731,65536,1.12
sundarbans_train_00543,sundarbans,train,data/processed/patches/sundarbans/train/sundarbans_train_00543_t1.npy,data/processed/patches/sundarbans/train/sundarbans_train_00543_t2.npy,data/processed/patches/sundarbans/train/sundarbans_train_00543_label.npy,256,12,294,65536,0.45
sundarbans_train_00544,sundarbans,train,data/processed/patches/sundarbans/train/sundarbans_train_00544_t1.npy,data/processed/patches/sundarbans/train/sundarbans_train_00544_t2.npy,data/processed/patches/sundarbans/train/sundarbans_train_00544_label.npy,256,12,0,65536,0.0
sundarbans_train_00545,sundarbans,train,data/processed/patches/sundarbans/train/sundarbans_train_00545_t1.npy,data/processed/patches/sundarbans/train/sundarbans_train_00545_t2.npy,data/processed/patches/sundarbans/train/sundarbans_train_00545_label.npy,256,12,13584,65536,20.73
sundarbans_train_00546,sundarbans,train,data/processed/patches/sundarbans/train/sundarbans_train_00546_t1.npy,data/processed/patches/sundarbans/train/sundarbans_train_00546_t2.npy,data/processed/patches/sundarbans/train/sundarbans_train_00546_label.npy,256,12,0,65536,0.0
sundarbans_train_00547,sundarbans,train,data/processed/patches/sundarbans/train/sundarbans_train_00547_t1.npy,data/processed/patches/sundarbans/train/sundarbans_train_00547_t2.npy,data/processed/patches/sundarbans/train/sundarbans_train_00547_label.npy,256,12,0,65536,0.0
sundarbans_train_00548,sundarbans,train,data/processed/patches/sundarbans/train/sundarbans_train_00548_t1.npy,data/processed/patches/sundarbans/train/sundarbans_train_00548_t2.npy,data/processed/patches/sundarbans/train/sundarbans_train_00548_label.npy,256,12,229,65536,0.35
sundarbans_train_00549,sundarbans,train,data/processed/patches/sundarbans/train/sundarbans_train_00549_t1.npy,data/processed/patches/sundarbans/train/sundarbans_train_00549_t2.npy,data/processed/patches/sundarbans/train/sundarbans_train_00549_label.npy,256,12,233,65536,0.36
sundarbans_train_00550,sundarbans,train,data/processed/patches/sundarbans/train/sundarbans_train_00550_t1.npy,data/processed/patches/sundarbans/train/sundarbans_train_00550_t2.npy,data/processed/patches/sundarbans/train/sundarbans_train_00550_label.npy,256,12,3429,65536,5.23
sundarbans_train_00551,sundarbans,train,data/processed/patches/sundarbans/train/sundarbans_train_00551_t1.npy,data/processed/patches/sundarbans/train/sundarbans_train_00551_t2.npy,data/processed/patches/sundarbans/train/sundarbans_train_00551_label.npy,256,12,0,65536,0.0
sundarbans_train_00552,sundarbans,train,data/processed/patches/sundarbans/train/sundarbans_train_00552_t1.npy,data/processed/patches/sundarbans/train/sundarbans_train_00552_t2.npy,data/processed/patches/sundarbans/train/sundarbans_train_00552_label.npy,256,12,144,65536,0.22
sundarbans_train_00553,sundarbans,train,data/processed/patches/sundarbans/train/sundarbans_train_00553_t1.npy,data/processed/patches/sundarbans/train/sundarbans_train_00553_t2.npy,data/processed/patches/sundarbans/train/sundarbans_train_00553_label.npy,256,12,1003,65536,1.53
sundarbans_train_00554,sundarbans,train,data/processed/patches/sundarbans/train/sundarbans_train_00554_t1.npy,data/processed/patches/sundarbans/train/sundarbans_train_00554_t2.npy,data/processed/patches/sundarbans/train/sundarbans_train_00554_label.npy,256,12,612,65536,0.93
sundarbans_train_00555,sundarbans,train,data/processed/patches/sundarbans/train/sundarbans_train_00555_t1.npy,data/processed/patches/sundarbans/train/sundarbans_train_00555_t2.npy,data/processed/patches/sundarbans/train/sundarbans_train_00555_label.npy,256,12,626,65536,0.96
sundarbans_train_00556,sundarbans,train,data/processed/patches/sundarbans/train/sundarbans_train_00556_t1.npy,data/processed/patches/sundarbans/train/sundarbans_train_00556_t2.npy,data/processed/patches/sundarbans/train/sundarbans_train_00556_label.npy,256,12,357,65536,0.54
sundarbans_train_00557,sundarbans,train,data/processed/patches/sundarbans/train/sundarbans_train_00557_t1.npy,data/processed/patches/sundarbans/train/sundarbans_train_00557_t2.npy,data/processed/patches/sundarbans/train/sundarbans_train_00557_label.npy,256,12,1171,65536,1.79
sundarbans_train_00558,sundarbans,train,data/processed/patches/sundarbans/train/sundarbans_train_00558_t1.npy,data/processed/patches/sundarbans/train/sundarbans_train_00558_t2.npy,data/processed/patches/sundarbans/train/sundarbans_train_00558_label.npy,256,12,399,65536,0.61
sundarbans_train_00559,sundarbans,train,data/processed/patches/sundarbans/train/sundarbans_train_00559_t1.npy,data/processed/patches/sundarbans/train/sundarbans_train_00559_t2.npy,data/processed/patches/sundarbans/train/sundarbans_train_00559_label.npy,256,12,15425,65536,23.54
sundarbans_train_00560,sundarbans,train,data/processed/patches/sundarbans/train/sundarbans_train_00560_t1.npy,data/processed/patches/sundarbans/train/sundarbans_train_00560_t2.npy,data/processed/patches/sundarbans/train/sundarbans_train_00560_label.npy,256,12,278,65536,0.42
sundarbans_train_00561,sundarbans,train,data/processed/patches/sundarbans/train/sundarbans_train_00561_t1.npy,data/processed/patches/sundarbans/train/sundarbans_train_00561_t2.npy,data/processed/patches/sundarbans/train/sundarbans_train_00561_label.npy,256,12,440,65536,0.67
sundarbans_train_00562,sundarbans,train,data/processed/patches/sundarbans/train/sundarbans_train_00562_t1.npy,data/processed/patches/sundarbans/train/sundarbans_train_00562_t2.npy,data/processed/patches/sundarbans/train/sundarbans_train_00562_label.npy,256,12,16963,65536,25.88
sundarbans_train_00563,sundarbans,train,data/processed/patches/sundarbans/train/sundarbans_train_00563_t1.npy,data/processed/patches/sundarbans/train/sundarbans_train_00563_t2.npy,data/processed/patches/sundarbans/train/sundarbans_train_00563_label.npy,256,12,116,65536,0.18
sundarbans_train_00564,sundarbans,train,data/processed/patches/sundarbans/train/sundarbans_train_00564_t1.npy,data/processed/patches/sundarbans/train/sundarbans_train_00564_t2.npy,data/processed/patches/sundarbans/train/sundarbans_train_00564_label.npy,256,12,10941,65536,16.69
sundarbans_train_00565,sundarbans,train,data/processed/patches/sundarbans/train/sundarbans_train_00565_t1.npy,data/processed/patches/sundarbans/train/sundarbans_train_00565_t2.npy,data/processed/patches/sundarbans/train/sundarbans_train_00565_label.npy,256,12,614,65536,0.94
sundarbans_train_00566,sundarbans,train,data/processed/patches/sundarbans/train/sundarbans_train_00566_t1.npy,data/processed/patches/sundarbans/train/sundarbans_train_00566_t2.npy,data/processed/patches/sundarbans/train/sundarbans_train_00566_label.npy,256,12,479,65536,0.73
sundarbans_train_00567,sundarbans,train,data/processed/patches/sundarbans/train/sundarbans_train_00567_t1.npy,data/processed/patches/sundarbans/train/sundarbans_train_00567_t2.npy,data/processed/patches/sundarbans/train/sundarbans_train_00567_label.npy,256,12,0,65536,0.0
sundarbans_train_00568,sundarbans,train,data/processed/patches/sundarbans/train/sundarbans_train_00568_t1.npy,data/processed/patches/sundarbans/train/sundarbans_train_00568_t2.npy,data/processed/patches/sundarbans/train/sundarbans_train_00568_label.npy,256,12,525,65536,0.8
sundarbans_train_00569,sundarbans,train,data/processed/patches/sundarbans/train/sundarbans_train_00569_t1.npy,data/processed/patches/sundarbans/train/sundarbans_train_00569_t2.npy,data/processed/patches/sundarbans/train/sundarbans_train_00569_label.npy,256,12,413,65536,0.63
sundarbans_train_00570,sundarbans,train,data/processed/patches/sundarbans/train/sundarbans_train_00570_t1.npy,data/processed/patches/sundarbans/train/sundarbans_train_00570_t2.npy,data/processed/patches/sundarbans/train/sundarbans_train_00570_label.npy,256,12,361,65536,0.55
sundarbans_train_00571,sundarbans,train,data/processed/patches/sundarbans/train/sundarbans_train_00571_t1.npy,data/processed/patches/sundarbans/train/sundarbans_train_00571_t2.npy,data/processed/patches/sundarbans/train/sundarbans_train_00571_label.npy,256,12,428,65536,0.65
sundarbans_train_00572,sundarbans,train,data/processed/patches/sundarbans/train/sundarbans_train_00572_t1.npy,data/processed/patches/sundarbans/train/sundarbans_train_00572_t2.npy,data/processed/patches/sundarbans/train/sundarbans_train_00572_label.npy,256,12,12532,65536,19.12
sundarbans_train_00573,sundarbans,train,data/processed/patches/sundarbans/train/sundarbans_train_00573_t1.npy,data/processed/patches/sundarbans/train/sundarbans_train_00573_t2.npy,data/processed/patches/sundarbans/train/sundarbans_train_00573_label.npy,256,12,11720,65536,17.88
sundarbans_train_00574,sundarbans,train,data/processed/patches/sundarbans/train/sundarbans_train_00574_t1.npy,data/processed/patches/sundarbans/train/sundarbans_train_00574_t2.npy,data/processed/patches/sundarbans/train/sundarbans_train_00574_label.npy,256,12,762,65536,1.16
sundarbans_train_00575,sundarbans,train,data/processed/patches/sundarbans/train/sundarbans_train_00575_t1.npy,data/processed/patches/sundarbans/train/sundarbans_train_00575_t2.npy,data/processed/patches/sundarbans/train/sundarbans_train_00575_label.npy,256,12,90,65536,0.14
sundarbans_train_00576,sundarbans,train,data/processed/patches/sundarbans/train/sundarbans_train_00576_t1.npy,data/processed/patches/sundarbans/train/sundarbans_train_00576_t2.npy,data/processed/patches/sundarbans/train/sundarbans_train_00576_label.npy,256,12,380,65536,0.58
sundarbans_val_00000,sundarbans,val,data/processed/patches/sundarbans/val/sundarbans_val_00000_t1.npy,data/processed/patches/sundarbans/val/sundarbans_val_00000_t2.npy,data/processed/patches/sundarbans/val/sundarbans_val_00000_label.npy,256,12,294,65536,0.45
sundarbans_val_00001,sundarbans,val,data/processed/patches/sundarbans/val/sundarbans_val_00001_t1.npy,data/processed/patches/sundarbans/val/sundarbans_val_00001_t2.npy,data/processed/patches/sundarbans/val/sundarbans_val_00001_label.npy,256,12,53,65536,0.08
sundarbans_val_00002,sundarbans,val,data/processed/patches/sundarbans/val/sundarbans_val_00002_t1.npy,data/processed/patches/sundarbans/val/sundarbans_val_00002_t2.npy,data/processed/patches/sundarbans/val/sundarbans_val_00002_label.npy,256,12,349,65536,0.53
sundarbans_val_00003,sundarbans,val,data/processed/patches/sundarbans/val/sundarbans_val_00003_t1.npy,data/processed/patches/sundarbans/val/sundarbans_val_00003_t2.npy,data/processed/patches/sundarbans/val/sundarbans_val_00003_label.npy,256,12,339,65536,0.52
sundarbans_val_00004,sundarbans,val,data/processed/patches/sundarbans/val/sundarbans_val_00004_t1.npy,data/processed/patches/sundarbans/val/sundarbans_val_00004_t2.npy,data/processed/patches/sundarbans/val/sundarbans_val_00004_label.npy,256,12,14028,65536,21.41
sundarbans_val_00005,sundarbans,val,data/processed/patches/sundarbans/val/sundarbans_val_00005_t1.npy,data/processed/patches/sundarbans/val/sundarbans_val_00005_t2.npy,data/processed/patches/sundarbans/val/sundarbans_val_00005_label.npy,256,12,2005,65536,3.06
sundarbans_val_00006,sundarbans,val,data/processed/patches/sundarbans/val/sundarbans_val_00006_t1.npy,data/processed/patches/sundarbans/val/sundarbans_val_00006_t2.npy,data/processed/patches/sundarbans/val/sundarbans_val_00006_label.npy,256,12,181,65536,0.28
sundarbans_val_00007,sundarbans,val,data/processed/patches/sundarbans/val/sundarbans_val_00007_t1.npy,data/processed/patches/sundarbans/val/sundarbans_val_00007_t2.npy,data/processed/patches/sundarbans/val/sundarbans_val_00007_label.npy,256,12,1105,65536,1.69
sundarbans_val_00008,sundarbans,val,data/processed/patches/sundarbans/val/sundarbans_val_00008_t1.npy,data/processed/patches/sundarbans/val/sundarbans_val_00008_t2.npy,data/processed/patches/sundarbans/val/sundarbans_val_00008_label.npy,256,12,11589,65536,17.68
sundarbans_val_00009,sundarbans,val,data/processed/patches/sundarbans/val/sundarbans_val_00009_t1.npy,data/processed/patches/sundarbans/val/sundarbans_val_00009_t2.npy,data/processed/patches/sundarbans/val/sundarbans_val_00009_label.npy,256,12,1208,65536,1.84
sundarbans_val_00010,sundarbans,val,data/processed/patches/sundarbans/val/sundarbans_val_00010_t1.npy,data/processed/patches/sundarbans/val/sundarbans_val_00010_t2.npy,data/processed/patches/sundarbans/val/sundarbans_val_00010_label.npy,256,12,401,65536,0.61
sundarbans_val_00011,sundarbans,val,data/processed/patches/sundarbans/val/sundarbans_val_00011_t1.npy,data/processed/patches/sundarbans/val/sundarbans_val_00011_t2.npy,data/processed/patches/sundarbans/val/sundarbans_val_00011_label.npy,256,12,0,65536,0.0
sundarbans_val_00012,sundarbans,val,data/processed/patches/sundarbans/val/sundarbans_val_00012_t1.npy,data/processed/patches/sundarbans/val/sundarbans_val_00012_t2.npy,data/processed/patches/sundarbans/val/sundarbans_val_00012_label.npy,256,12,15248,65536,23.27
sundarbans_val_00013,sundarbans,val,data/processed/patches/sundarbans/val/sundarbans_val_00013_t1.npy,data/processed/patches/sundarbans/val/sundarbans_val_00013_t2.npy,data/processed/patches/sundarbans/val/sundarbans_val_00013_label.npy,256,12,633,65536,0.97
sundarbans_val_00014,sundarbans,val,data/processed/patches/sundarbans/val/sundarbans_val_00014_t1.npy,data/processed/patches/sundarbans/val/sundarbans_val_00014_t2.npy,data/processed/patches/sundarbans/val/sundarbans_val_00014_label.npy,256,12,16270,65536,24.83
sundarbans_val_00015,sundarbans,val,data/processed/patches/sundarbans/val/sundarbans_val_00015_t1.npy,data/processed/patches/sundarbans/val/sundarbans_val_00015_t2.npy,data/processed/patches/sundarbans/val/sundarbans_val_00015_label.npy,256,12,213,65536,0.33
sundarbans_val_00016,sundarbans,val,data/processed/patches/sundarbans/val/sundarbans_val_00016_t1.npy,data/processed/patches/sundarbans/val/sundarbans_val_00016_t2.npy,data/processed/patches/sundarbans/val/sundarbans_val_00016_label.npy,256,12,2233,65536,3.41
sundarbans_val_00017,sundarbans,val,data/processed/patches/sundarbans/val/sundarbans_val_00017_t1.npy,data/processed/patches/sundarbans/val/sundarbans_val_00017_t2.npy,data/processed/patches/sundarbans/val/sundarbans_val_00017_label.npy,256,12,1110,65536,1.69
sundarbans_val_00018,sundarbans,val,data/processed/patches/sundarbans/val/sundarbans_val_00018_t1.npy,data/processed/patches/sundarbans/val/sundarbans_val_00018_t2.npy,data/processed/patches/sundarbans/val/sundarbans_val_00018_label.npy,256,12,371,65536,0.57
sundarbans_val_00019,sundarbans,val,data/processed/patches/sundarbans/val/sundarbans_val_00019_t1.npy,data/processed/patches/sundarbans/val/sundarbans_val_00019_t2.npy,data/processed/patches/sundarbans/val/sundarbans_val_00019_label.npy,256,12,899,65536,1.37
sundarbans_val_00020,sundarbans,val,data/processed/patches/sundarbans/val/sundarbans_val_00020_t1.npy,data/processed/patches/sundarbans/val/sundarbans_val_00020_t2.npy,data/processed/patches/sundarbans/val/sundarbans_val_00020_label.npy,256,12,0,65536,0.0
sundarbans_val_00021,sundarbans,val,data/processed/patches/sundarbans/val/sundarbans_val_00021_t1.npy,data/processed/patches/sundarbans/val/sundarbans_val_00021_t2.npy,data/processed/patches/sundarbans/val/sundarbans_val_00021_label.npy,256,12,704,65536,1.07
sundarbans_val_00022,sundarbans,val,data/processed/patches/sundarbans/val/sundarbans_val_00022_t1.npy,data/processed/patches/sundarbans/val/sundarbans_val_00022_t2.npy,data/processed/patches/sundarbans/val/sundarbans_val_00022_label.npy,256,12,134,65536,0.2
sundarbans_val_00023,sundarbans,val,data/processed/patches/sundarbans/val/sundarbans_val_00023_t1.npy,data/processed/patches/sundarbans/val/sundarbans_val_00023_t2.npy,data/processed/patches/sundarbans/val/sundarbans_val_00023_label.npy,256,12,358,65536,0.55
sundarbans_val_00024,sundarbans,val,data/processed/patches/sundarbans/val/sundarbans_val_00024_t1.npy,data/processed/patches/sundarbans/val/sundarbans_val_00024_t2.npy,data/processed/patches/sundarbans/val/sundarbans_val_00024_label.npy,256,12,967,65536,1.48
sundarbans_val_00025,sundarbans,val,data/processed/patches/sundarbans/val/sundarbans_val_00025_t1.npy,data/processed/patches/sundarbans/val/sundarbans_val_00025_t2.npy,data/processed/patches/sundarbans/val/sundarbans_val_00025_label.npy,256,12,777,65536,1.19
sundarbans_val_00026,sundarbans,val,data/processed/patches/sundarbans/val/sundarbans_val_00026_t1.npy,data/processed/patches/sundarbans/val/sundarbans_val_00026_t2.npy,data/processed/patches/sundarbans/val/sundarbans_val_00026_label.npy,256,12,9139,65536,13.95
sundarbans_val_00027,sundarbans,val,data/processed/patches/sundarbans/val/sundarbans_val_00027_t1.npy,data/processed/patches/sundarbans/val/sundarbans_val_00027_t2.npy,data/processed/patches/sundarbans/val/sundarbans_val_00027_label.npy,256,12,926,65536,1.41
sundarbans_val_00028,sundarbans,val,data/processed/patches/sundarbans/val/sundarbans_val_00028_t1.npy,data/processed/patches/sundarbans/val/sundarbans_val_00028_t2.npy,data/processed/patches/sundarbans/val/sundarbans_val_00028_label.npy,256,12,441,65536,0.67
sundarbans_val_00029,sundarbans,val,data/processed/patches/sundarbans/val/sundarbans_val_00029_t1.npy,data/processed/patches/sundarbans/val/sundarbans_val_00029_t2.npy,data/processed/patches/sundarbans/val/sundarbans_val_00029_label.npy,256,12,610,65536,0.93
sundarbans_val_00030,sundarbans,val,data/processed/patches/sundarbans/val/sundarbans_val_00030_t1.npy,data/processed/patches/sundarbans/val/sundarbans_val_00030_t2.npy,data/processed/patches/sundarbans/val/sundarbans_val_00030_label.npy,256,12,0,65536,0.0
sundarbans_val_00031,sundarbans,val,data/processed/patches/sundarbans/val/sundarbans_val_00031_t1.npy,data/processed/patches/sundarbans/val/sundarbans_val_00031_t2.npy,data/processed/patches/sundarbans/val/sundarbans_val_00031_label.npy,256,12,194,65536,0.3
sundarbans_val_00032,sundarbans,val,data/processed/patches/sundarbans/val/sundarbans_val_00032_t1.npy,data/processed/patches/sundarbans/val/sundarbans_val_00032_t2.npy,data/processed/patches/sundarbans/val/sundarbans_val_00032_label.npy,256,12,3,65536,0.0
sundarbans_val_00033,sundarbans,val,data/processed/patches/sundarbans/val/sundarbans_val_00033_t1.npy,data/processed/patches/sundarbans/val/sundarbans_val_00033_t2.npy,data/processed/patches/sundarbans/val/sundarbans_val_00033_label.npy,256,12,342,65536,0.52
sundarbans_val_00034,sundarbans,val,data/processed/patches/sundarbans/val/sundarbans_val_00034_t1.npy,data/processed/patches/sundarbans/val/sundarbans_val_00034_t2.npy,data/processed/patches/sundarbans/val/sundarbans_val_00034_label.npy,256,12,1145,65536,1.75
sundarbans_val_00035,sundarbans,val,data/processed/patches/sundarbans/val/sundarbans_val_00035_t1.npy,data/processed/patches/sundarbans/val/sundarbans_val_00035_t2.npy,data/processed/patches/sundarbans/val/sundarbans_val_00035_label.npy,256,12,782,65536,1.19
sundarbans_val_00036,sundarbans,val,data/processed/patches/sundarbans/val/sundarbans_val_00036_t1.npy,data/processed/patches/sundarbans/val/sundarbans_val_00036_t2.npy,data/processed/patches/sundarbans/val/sundarbans_val_00036_label.npy,256,12,710,65536,1.08
sundarbans_val_00037,sundarbans,val,data/processed/patches/sundarbans/val/sundarbans_val_00037_t1.npy,data/processed/patches/sundarbans/val/sundarbans_val_00037_t2.npy,data/processed/patches/sundarbans/val/sundarbans_val_00037_label.npy,256,12,0,65536,0.0
sundarbans_val_00038,sundarbans,val,data/processed/patches/sundarbans/val/sundarbans_val_00038_t1.npy,data/processed/patches/sundarbans/val/sundarbans_val_00038_t2.npy,data/processed/patches/sundarbans/val/sundarbans_val_00038_label.npy,256,12,676,65536,1.03
sundarbans_val_00039,sundarbans,val,data/processed/patches/sundarbans/val/sundarbans_val_00039_t1.npy,data/processed/patches/sundarbans/val/sundarbans_val_00039_t2.npy,data/processed/patches/sundarbans/val/sundarbans_val_00039_label.npy,256,12,1559,65536,2.38
sundarbans_val_00040,sundarbans,val,data/processed/patches/sundarbans/val/sundarbans_val_00040_t1.npy,data/processed/patches/sundarbans/val/sundarbans_val_00040_t2.npy,data/processed/patches/sundarbans/val/sundarbans_val_00040_label.npy,256,12,15399,65536,23.5
sundarbans_val_00041,sundarbans,val,data/processed/patches/sundarbans/val/sundarbans_val_00041_t1.npy,data/processed/patches/sundarbans/val/sundarbans_val_00041_t2.npy,data/processed/patches/sundarbans/val/sundarbans_val_00041_label.npy,256,12,10466,65536,15.97
sundarbans_val_00042,sundarbans,val,data/processed/patches/sundarbans/val/sundarbans_val_00042_t1.npy,data/processed/patches/sundarbans/val/sundarbans_val_00042_t2.npy,data/processed/patches/sundarbans/val/sundarbans_val_00042_label.npy,256,12,2060,65536,3.14
sundarbans_val_00043,sundarbans,val,data/processed/patches/sundarbans/val/sundarbans_val_00043_t1.npy,data/processed/patches/sundarbans/val/sundarbans_val_00043_t2.npy,data/processed/patches/sundarbans/val/sundarbans_val_00043_label.npy,256,12,161,65536,0.25
sundarbans_val_00044,sundarbans,val,data/processed/patches/sundarbans/val/sundarbans_val_00044_t1.npy,data/processed/patches/sundarbans/val/sundarbans_val_00044_t2.npy,data/processed/patches/sundarbans/val/sundarbans_val_00044_label.npy,256,12,868,65536,1.32
sundarbans_val_00045,sundarbans,val,data/processed/patches/sundarbans/val/sundarbans_val_00045_t1.npy,data/processed/patches/sundarbans/val/sundarbans_val_00045_t2.npy,data/processed/patches/sundarbans/val/sundarbans_val_00045_label.npy,256,12,1723,65536,2.63
sundarbans_val_00046,sundarbans,val,data/processed/patches/sundarbans/val/sundarbans_val_00046_t1.npy,data/processed/patches/sundarbans/val/sundarbans_val_00046_t2.npy,data/processed/patches/sundarbans/val/sundarbans_val_00046_label.npy,256,12,0,65536,0.0
sundarbans_val_00047,sundarbans,val,data/processed/patches/sundarbans/val/sundarbans_val_00047_t1.npy,data/processed/patches/sundarbans/val/sundarbans_val_00047_t2.npy,data/processed/patches/sundarbans/val/sundarbans_val_00047_label.npy,256,12,8618,65536,13.15
sundarbans_val_00048,sundarbans,val,data/processed/patches/sundarbans/val/sundarbans_val_00048_t1.npy,data/processed/patches/sundarbans/val/sundarbans_val_00048_t2.npy,data/processed/patches/sundarbans/val/sundarbans_val_00048_label.npy,256,12,9964,65536,15.2
sundarbans_val_00049,sundarbans,val,data/processed/patches/sundarbans/val/sundarbans_val_00049_t1.npy,data/processed/patches/sundarbans/val/sundarbans_val_00049_t2.npy,data/processed/patches/sundarbans/val/sundarbans_val_00049_label.npy,256,12,246,65536,0.38
sundarbans_val_00050,sundarbans,val,data/processed/patches/sundarbans/val/sundarbans_val_00050_t1.npy,data/processed/patches/sundarbans/val/sundarbans_val_00050_t2.npy,data/processed/patches/sundarbans/val/sundarbans_val_00050_label.npy,256,12,333,65536,0.51
sundarbans_val_00051,sundarbans,val,data/processed/patches/sundarbans/val/sundarbans_val_00051_t1.npy,data/processed/patches/sundarbans/val/sundarbans_val_00051_t2.npy,data/processed/patches/sundarbans/val/sundarbans_val_00051_label.npy,256,12,314,65536,0.48
sundarbans_val_00052,sundarbans,val,data/processed/patches/sundarbans/val/sundarbans_val_00052_t1.npy,data/processed/patches/sundarbans/val/sundarbans_val_00052_t2.npy,data/processed/patches/sundarbans/val/sundarbans_val_00052_label.npy,256,12,570,65536,0.87
sundarbans_val_00053,sundarbans,val,data/processed/patches/sundarbans/val/sundarbans_val_00053_t1.npy,data/processed/patches/sundarbans/val/sundarbans_val_00053_t2.npy,data/processed/patches/sundarbans/val/sundarbans_val_00053_label.npy,256,12,11090,65536,16.92
sundarbans_val_00054,sundarbans,val,data/processed/patches/sundarbans/val/sundarbans_val_00054_t1.npy,data/processed/patches/sundarbans/val/sundarbans_val_00054_t2.npy,data/processed/patches/sundarbans/val/sundarbans_val_00054_label.npy,256,12,382,65536,0.58
sundarbans_val_00055,sundarbans,val,data/processed/patches/sundarbans/val/sundarbans_val_00055_t1.npy,data/processed/patches/sundarbans/val/sundarbans_val_00055_t2.npy,data/processed/patches/sundarbans/val/sundarbans_val_00055_label.npy,256,12,5277,65536,8.05
sundarbans_val_00056,sundarbans,val,data/processed/patches/sundarbans/val/sundarbans_val_00056_t1.npy,data/processed/patches/sundarbans/val/sundarbans_val_00056_t2.npy,data/processed/patches/sundarbans/val/sundarbans_val_00056_label.npy,256,12,1321,65536,2.02
sundarbans_val_00057,sundarbans,val,data/processed/patches/sundarbans/val/sundarbans_val_00057_t1.npy,data/processed/patches/sundarbans/val/sundarbans_val_00057_t2.npy,data/processed/patches/sundarbans/val/sundarbans_val_00057_label.npy,256,12,12551,65536,19.15
sundarbans_val_00058,sundarbans,val,data/processed/patches/sundarbans/val/sundarbans_val_00058_t1.npy,data/processed/patches/sundarbans/val/sundarbans_val_00058_t2.npy,data/processed/patches/sundarbans/val/sundarbans_val_00058_label.npy,256,12,355,65536,0.54
sundarbans_val_00059,sundarbans,val,data/processed/patches/sundarbans/val/sundarbans_val_00059_t1.npy,data/processed/patches/sundarbans/val/sundarbans_val_00059_t2.npy,data/processed/patches/sundarbans/val/sundarbans_val_00059_label.npy,256,12,328,65536,0.5
sundarbans_val_00060,sundarbans,val,data/processed/patches/sundarbans/val/sundarbans_val_00060_t1.npy,data/processed/patches/sundarbans/val/sundarbans_val_00060_t2.npy,data/processed/patches/sundarbans/val/sundarbans_val_00060_label.npy,256,12,15014,65536,22.91
sundarbans_val_00061,sundarbans,val,data/processed/patches/sundarbans/val/sundarbans_val_00061_t1.npy,data/processed/patches/sundarbans/val/sundarbans_val_00061_t2.npy,data/processed/patches/sundarbans/val/sundarbans_val_00061_label.npy,256,12,14180,65536,21.64
sundarbans_val_00062,sundarbans,val,data/processed/patches/sundarbans/val/sundarbans_val_00062_t1.npy,data/processed/patches/sundarbans/val/sundarbans_val_00062_t2.npy,data/processed/patches/sundarbans/val/sundarbans_val_00062_label.npy,256,12,300,65536,0.46
sundarbans_val_00063,sundarbans,val,data/processed/patches/sundarbans/val/sundarbans_val_00063_t1.npy,data/processed/patches/sundarbans/val/sundarbans_val_00063_t2.npy,data/processed/patches/sundarbans/val/sundarbans_val_00063_label.npy,256,12,429,65536,0.65
sundarbans_val_00064,sundarbans,val,data/processed/patches/sundarbans/val/sundarbans_val_00064_t1.npy,data/processed/patches/sundarbans/val/sundarbans_val_00064_t2.npy,data/processed/patches/sundarbans/val/sundarbans_val_00064_label.npy,256,12,15,65536,0.02
sundarbans_val_00065,sundarbans,val,data/processed/patches/sundarbans/val/sundarbans_val_00065_t1.npy,data/processed/patches/sundarbans/val/sundarbans_val_00065_t2.npy,data/processed/patches/sundarbans/val/sundarbans_val_00065_label.npy,256,12,478,65536,0.73
sundarbans_val_00066,sundarbans,val,data/processed/patches/sundarbans/val/sundarbans_val_00066_t1.npy,data/processed/patches/sundarbans/val/sundarbans_val_00066_t2.npy,data/processed/patches/sundarbans/val/sundarbans_val_00066_label.npy,256,12,560,65536,0.85
sundarbans_val_00067,sundarbans,val,data/processed/patches/sundarbans/val/sundarbans_val_00067_t1.npy,data/processed/patches/sundarbans/val/sundarbans_val_00067_t2.npy,data/processed/patches/sundarbans/val/sundarbans_val_00067_label.npy,256,12,143,65536,0.22
sundarbans_val_00068,sundarbans,val,data/processed/patches/sundarbans/val/sundarbans_val_00068_t1.npy,data/processed/patches/sundarbans/val/sundarbans_val_00068_t2.npy,data/processed/patches/sundarbans/val/sundarbans_val_00068_label.npy,256,12,0,65536,0.0
sundarbans_val_00069,sundarbans,val,data/processed/patches/sundarbans/val/sundarbans_val_00069_t1.npy,data/processed/patches/sundarbans/val/sundarbans_val_00069_t2.npy,data/processed/patches/sundarbans/val/sundarbans_val_00069_label.npy,256,12,0,65536,0.0
sundarbans_val_00070,sundarbans,val,data/processed/patches/sundarbans/val/sundarbans_val_00070_t1.npy,data/processed/patches/sundarbans/val/sundarbans_val_00070_t2.npy,data/processed/patches/sundarbans/val/sundarbans_val_00070_label.npy,256,12,645,65536,0.98
sundarbans_val_00071,sundarbans,val,data/processed/patches/sundarbans/val/sundarbans_val_00071_t1.npy,data/processed/patches/sundarbans/val/sundarbans_val_00071_t2.npy,data/processed/patches/sundarbans/val/sundarbans_val_00071_label.npy,256,12,849,65536,1.3
sundarbans_val_00072,sundarbans,val,data/processed/patches/sundarbans/val/sundarbans_val_00072_t1.npy,data/processed/patches/sundarbans/val/sundarbans_val_00072_t2.npy,data/processed/patches/sundarbans/val/sundarbans_val_00072_label.npy,256,12,527,65536,0.8
sundarbans_val_00073,sundarbans,val,data/processed/patches/sundarbans/val/sundarbans_val_00073_t1.npy,data/processed/patches/sundarbans/val/sundarbans_val_00073_t2.npy,data/processed/patches/sundarbans/val/sundarbans_val_00073_label.npy,256,12,15284,65536,23.32
sundarbans_val_00074,sundarbans,val,data/processed/patches/sundarbans/val/sundarbans_val_00074_t1.npy,data/processed/patches/sundarbans/val/sundarbans_val_00074_t2.npy,data/processed/patches/sundarbans/val/sundarbans_val_00074_label.npy,256,12,256,65536,0.39
sundarbans_val_00075,sundarbans,val,data/processed/patches/sundarbans/val/sundarbans_val_00075_t1.npy,data/processed/patches/sundarbans/val/sundarbans_val_00075_t2.npy,data/processed/patches/sundarbans/val/sundarbans_val_00075_label.npy,256,12,496,65536,0.76
sundarbans_val_00076,sundarbans,val,data/processed/patches/sundarbans/val/sundarbans_val_00076_t1.npy,data/processed/patches/sundarbans/val/sundarbans_val_00076_t2.npy,data/processed/patches/sundarbans/val/sundarbans_val_00076_label.npy,256,12,1575,65536,2.4
sundarbans_val_00077,sundarbans,val,data/processed/patches/sundarbans/val/sundarbans_val_00077_t1.npy,data/processed/patches/sundarbans/val/sundarbans_val_00077_t2.npy,data/processed/patches/sundarbans/val/sundarbans_val_00077_label.npy,256,12,10587,65536,16.15
sundarbans_val_00078,sundarbans,val,data/processed/patches/sundarbans/val/sundarbans_val_00078_t1.npy,data/processed/patches/sundarbans/val/sundarbans_val_00078_t2.npy,data/processed/patches/sundarbans/val/sundarbans_val_00078_label.npy,256,12,762,65536,1.16
sundarbans_val_00079,sundarbans,val,data/processed/patches/sundarbans/val/sundarbans_val_00079_t1.npy,data/processed/patches/sundarbans/val/sundarbans_val_00079_t2.npy,data/processed/patches/sundarbans/val/sundarbans_val_00079_label.npy,256,12,281,65536,0.43
sundarbans_val_00080,sundarbans,val,data/processed/patches/sundarbans/val/sundarbans_val_00080_t1.npy,data/processed/patches/sundarbans/val/sundarbans_val_00080_t2.npy,data/processed/patches/sundarbans/val/sundarbans_val_00080_label.npy,256,12,521,65536,0.79
sundarbans_val_00081,sundarbans,val,data/processed/patches/sundarbans/val/sundarbans_val_00081_t1.npy,data/processed/patches/sundarbans/val/sundarbans_val_00081_t2.npy,data/processed/patches/sundarbans/val/sundarbans_val_00081_label.npy,256,12,0,65536,0.0
sundarbans_val_00082,sundarbans,val,data/processed/patches/sundarbans/val/sundarbans_val_00082_t1.npy,data/processed/patches/sundarbans/val/sundarbans_val_00082_t2.npy,data/processed/patches/sundarbans/val/sundarbans_val_00082_label.npy,256,12,537,65536,0.82
sundarbans_val_00083,sundarbans,val,data/processed/patches/sundarbans/val/sundarbans_val_00083_t1.npy,data/processed/patches/sundarbans/val/sundarbans_val_00083_t2.npy,data/processed/patches/sundarbans/val/sundarbans_val_00083_label.npy,256,12,13002,65536,19.84
sundarbans_val_00084,sundarbans,val,data/processed/patches/sundarbans/val/sundarbans_val_00084_t1.npy,data/processed/patches/sundarbans/val/sundarbans_val_00084_t2.npy,data/processed/patches/sundarbans/val/sundarbans_val_00084_label.npy,256,12,7637,65536,11.65
sundarbans_val_00085,sundarbans,val,data/processed/patches/sundarbans/val/sundarbans_val_00085_t1.npy,data/processed/patches/sundarbans/val/sundarbans_val_00085_t2.npy,data/processed/patches/sundarbans/val/sundarbans_val_00085_label.npy,256,12,275,65536,0.42
sundarbans_val_00086,sundarbans,val,data/processed/patches/sundarbans/val/sundarbans_val_00086_t1.npy,data/processed/patches/sundarbans/val/sundarbans_val_00086_t2.npy,data/processed/patches/sundarbans/val/sundarbans_val_00086_label.npy,256,12,943,65536,1.44
sundarbans_val_00087,sundarbans,val,data/processed/patches/sundarbans/val/sundarbans_val_00087_t1.npy,data/processed/patches/sundarbans/val/sundarbans_val_00087_t2.npy,data/processed/patches/sundarbans/val/sundarbans_val_00087_label.npy,256,12,14536,65536,22.18
sundarbans_val_00088,sundarbans,val,data/processed/patches/sundarbans/val/sundarbans_val_00088_t1.npy,data/processed/patches/sundarbans/val/sundarbans_val_00088_t2.npy,data/processed/patches/sundarbans/val/sundarbans_val_00088_label.npy,256,12,598,65536,0.91
sundarbans_val_00089,sundarbans,val,data/processed/patches/sundarbans/val/sundarbans_val_00089_t1.npy,data/processed/patches/sundarbans/val/sundarbans_val_00089_t2.npy,data/processed/patches/sundarbans/val/sundarbans_val_00089_label.npy,256,12,523,65536,0.8
sundarbans_val_00090,sundarbans,val,data/processed/patches/sundarbans/val/sundarbans_val_00090_t1.npy,data/processed/patches/sundarbans/val/sundarbans_val_00090_t2.npy,data/processed/patches/sundarbans/val/sundarbans_val_00090_label.npy,256,12,69,65536,0.11
sundarbans_val_00091,sundarbans,val,data/processed/patches/sundarbans/val/sundarbans_val_00091_t1.npy,data/processed/patches/sundarbans/val/sundarbans_val_00091_t2.npy,data/processed/patches/sundarbans/val/sundarbans_val_00091_label.npy,256,12,446,65536,0.68
sundarbans_val_00092,sundarbans,val,data/processed/patches/sundarbans/val/sundarbans_val_00092_t1.npy,data/processed/patches/sundarbans/val/sundarbans_val_00092_t2.npy,data/processed/patches/sundarbans/val/sundarbans_val_00092_label.npy,256,12,238,65536,0.36
sundarbans_val_00093,sundarbans,val,data/processed/patches/sundarbans/val/sundarbans_val_00093_t1.npy,data/processed/patches/sundarbans/val/sundarbans_val_00093_t2.npy,data/processed/patches/sundarbans/val/sundarbans_val_00093_label.npy,256,12,11844,65536,18.07
sundarbans_val_00094,sundarbans,val,data/processed/patches/sundarbans/val/sundarbans_val_00094_t1.npy,data/processed/patches/sundarbans/val/sundarbans_val_00094_t2.npy,data/processed/patches/sundarbans/val/sundarbans_val_00094_label.npy,256,12,0,65536,0.0
sundarbans_val_00095,sundarbans,val,data/processed/patches/sundarbans/val/sundarbans_val_00095_t1.npy,data/processed/patches/sundarbans/val/sundarbans_val_00095_t2.npy,data/processed/patches/sundarbans/val/sundarbans_val_00095_label.npy,256,12,1829,65536,2.79
sundarbans_val_00096,sundarbans,val,data/processed/patches/sundarbans/val/sundarbans_val_00096_t1.npy,data/processed/patches/sundarbans/val/sundarbans_val_00096_t2.npy,data/processed/patches/sundarbans/val/sundarbans_val_00096_label.npy,256,12,753,65536,1.15
sundarbans_val_00097,sundarbans,val,data/processed/patches/sundarbans/val/sundarbans_val_00097_t1.npy,data/processed/patches/sundarbans/val/sundarbans_val_00097_t2.npy,data/processed/patches/sundarbans/val/sundarbans_val_00097_label.npy,256,12,6554,65536,10.0
sundarbans_val_00098,sundarbans,val,data/processed/patches/sundarbans/val/sundarbans_val_00098_t1.npy,data/processed/patches/sundarbans/val/sundarbans_val_00098_t2.npy,data/processed/patches/sundarbans/val/sundarbans_val_00098_label.npy,256,12,813,65536,1.24
sundarbans_val_00099,sundarbans,val,data/processed/patches/sundarbans/val/sundarbans_val_00099_t1.npy,data/processed/patches/sundarbans/val/sundarbans_val_00099_t2.npy,data/processed/patches/sundarbans/val/sundarbans_val_00099_label.npy,256,12,0,65536,0.0
sundarbans_val_00100,sundarbans,val,data/processed/patches/sundarbans/val/sundarbans_val_00100_t1.npy,data/processed/patches/sundarbans/val/sundarbans_val_00100_t2.npy,data/processed/patches/sundarbans/val/sundarbans_val_00100_label.npy,256,12,8312,65536,12.68
sundarbans_val_00101,sundarbans,val,data/processed/patches/sundarbans/val/sundarbans_val_00101_t1.npy,data/processed/patches/sundarbans/val/sundarbans_val_00101_t2.npy,data/processed/patches/sundarbans/val/sundarbans_val_00101_label.npy,256,12,1611,65536,2.46
sundarbans_val_00102,sundarbans,val,data/processed/patches/sundarbans/val/sundarbans_val_00102_t1.npy,data/processed/patches/sundarbans/val/sundarbans_val_00102_t2.npy,data/processed/patches/sundarbans/val/sundarbans_val_00102_label.npy,256,12,1984,65536,3.03
sundarbans_val_00103,sundarbans,val,data/processed/patches/sundarbans/val/sundarbans_val_00103_t1.npy,data/processed/patches/sundarbans/val/sundarbans_val_00103_t2.npy,data/processed/patches/sundarbans/val/sundarbans_val_00103_label.npy,256,12,1236,65536,1.89
sundarbans_val_00104,sundarbans,val,data/processed/patches/sundarbans/val/sundarbans_val_00104_t1.npy,data/processed/patches/sundarbans/val/sundarbans_val_00104_t2.npy,data/processed/patches/sundarbans/val/sundarbans_val_00104_label.npy,256,12,0,65536,0.0
sundarbans_val_00105,sundarbans,val,data/processed/patches/sundarbans/val/sundarbans_val_00105_t1.npy,data/processed/patches/sundarbans/val/sundarbans_val_00105_t2.npy,data/processed/patches/sundarbans/val/sundarbans_val_00105_label.npy,256,12,1278,65536,1.95
sundarbans_val_00106,sundarbans,val,data/processed/patches/sundarbans/val/sundarbans_val_00106_t1.npy,data/processed/patches/sundarbans/val/sundarbans_val_00106_t2.npy,data/processed/patches/sundarbans/val/sundarbans_val_00106_label.npy,256,12,809,65536,1.23
sundarbans_val_00107,sundarbans,val,data/processed/patches/sundarbans/val/sundarbans_val_00107_t1.npy,data/processed/patches/sundarbans/val/sundarbans_val_00107_t2.npy,data/processed/patches/sundarbans/val/sundarbans_val_00107_label.npy,256,12,11794,65536,18.0
sundarbans_val_00108,sundarbans,val,data/processed/patches/sundarbans/val/sundarbans_val_00108_t1.npy,data/processed/patches/sundarbans/val/sundarbans_val_00108_t2.npy,data/processed/patches/sundarbans/val/sundarbans_val_00108_label.npy,256,12,15320,65536,23.38
sundarbans_val_00109,sundarbans,val,data/processed/patches/sundarbans/val/sundarbans_val_00109_t1.npy,data/processed/patches/sundarbans/val/sundarbans_val_00109_t2.npy,data/processed/patches/sundarbans/val/sundarbans_val_00109_label.npy,256,12,589,65536,0.9
sundarbans_val_00110,sundarbans,val,data/processed/patches/sundarbans/val/sundarbans_val_00110_t1.npy,data/processed/patches/sundarbans/val/sundarbans_val_00110_t2.npy,data/processed/patches/sundarbans/val/sundarbans_val_00110_label.npy,256,12,13561,65536,20.69
sundarbans_val_00111,sundarbans,val,data/processed/patches/sundarbans/val/sundarbans_val_00111_t1.npy,data/processed/patches/sundarbans/val/sundarbans_val_00111_t2.npy,data/processed/patches/sundarbans/val/sundarbans_val_00111_label.npy,256,12,0,65536,0.0
sundarbans_val_00112,sundarbans,val,data/processed/patches/sundarbans/val/sundarbans_val_00112_t1.npy,data/processed/patches/sundarbans/val/sundarbans_val_00112_t2.npy,data/processed/patches/sundarbans/val/sundarbans_val_00112_label.npy,256,12,6513,65536,9.94
sundarbans_val_00113,sundarbans,val,data/processed/patches/sundarbans/val/sundarbans_val_00113_t1.npy,data/processed/patches/sundarbans/val/sundarbans_val_00113_t2.npy,data/processed/patches/sundarbans/val/sundarbans_val_00113_label.npy,256,12,1578,65536,2.41
sundarbans_val_00114,sundarbans,val,data/processed/patches/sundarbans/val/sundarbans_val_00114_t1.npy,data/processed/patches/sundarbans/val/sundarbans_val_00114_t2.npy,data/processed/patches/sundarbans/val/sundarbans_val_00114_label.npy,256,12,15355,65536,23.43
sundarbans_val_00115,sundarbans,val,data/processed/patches/sundarbans/val/sundarbans_val_00115_t1.npy,data/processed/patches/sundarbans/val/sundarbans_val_00115_t2.npy,data/processed/patches/sundarbans/val/sundarbans_val_00115_label.npy,256,12,12207,65536,18.63
sundarbans_val_00116,sundarbans,val,data/processed/patches/sundarbans/val/sundarbans_val_00116_t1.npy,data/processed/patches/sundarbans/val/sundarbans_val_00116_t2.npy,data/processed/patches/sundarbans/val/sundarbans_val_00116_label.npy,256,12,686,65536,1.05
sundarbans_val_00117,sundarbans,val,data/processed/patches/sundarbans/val/sundarbans_val_00117_t1.npy,data/processed/patches/sundarbans/val/sundarbans_val_00117_t2.npy,data/processed/patches/sundarbans/val/sundarbans_val_00117_label.npy,256,12,348,65536,0.53
sundarbans_val_00118,sundarbans,val,data/processed/patches/sundarbans/val/sundarbans_val_00118_t1.npy,data/processed/patches/sundarbans/val/sundarbans_val_00118_t2.npy,data/processed/patches/sundarbans/val/sundarbans_val_00118_label.npy,256,12,173,65536,0.26
sundarbans_val_00119,sundarbans,val,data/processed/patches/sundarbans/val/sundarbans_val_00119_t1.npy,data/processed/patches/sundarbans/val/sundarbans_val_00119_t2.npy,data/processed/patches/sundarbans/val/sundarbans_val_00119_label.npy,256,12,856,65536,1.31
sundarbans_val_00120,sundarbans,val,data/processed/patches/sundarbans/val/sundarbans_val_00120_t1.npy,data/processed/patches/sundarbans/val/sundarbans_val_00120_t2.npy,data/processed/patches/sundarbans/val/sundarbans_val_00120_label.npy,256,12,15047,65536,22.96
sundarbans_val_00121,sundarbans,val,data/processed/patches/sundarbans/val/sundarbans_val_00121_t1.npy,data/processed/patches/sundarbans/val/sundarbans_val_00121_t2.npy,data/processed/patches/sundarbans/val/sundarbans_val_00121_label.npy,256,12,4558,65536,6.95
sundarbans_val_00122,sundarbans,val,data/processed/patches/sundarbans/val/sundarbans_val_00122_t1.npy,data/processed/patches/sundarbans/val/sundarbans_val_00122_t2.npy,data/processed/patches/sundarbans/val/sundarbans_val_00122_label.npy,256,12,607,65536,0.93
sundarbans_test_00000,sundarbans,test,data/processed/patches/sundarbans/test/sundarbans_test_00000_t1.npy,data/processed/patches/sundarbans/test/sundarbans_test_00000_t2.npy,data/processed/patches/sundarbans/test/sundarbans_test_00000_label.npy,256,12,5990,65536,9.14
sundarbans_test_00001,sundarbans,test,data/processed/patches/sundarbans/test/sundarbans_test_00001_t1.npy,data/processed/patches/sundarbans/test/sundarbans_test_00001_t2.npy,data/processed/patches/sundarbans/test/sundarbans_test_00001_label.npy,256,12,357,65536,0.54
sundarbans_test_00002,sundarbans,test,data/processed/patches/sundarbans/test/sundarbans_test_00002_t1.npy,data/processed/patches/sundarbans/test/sundarbans_test_00002_t2.npy,data/processed/patches/sundarbans/test/sundarbans_test_00002_label.npy,256,12,547,65536,0.83
sundarbans_test_00003,sundarbans,test,data/processed/patches/sundarbans/test/sundarbans_test_00003_t1.npy,data/processed/patches/sundarbans/test/sundarbans_test_00003_t2.npy,data/processed/patches/sundarbans/test/sundarbans_test_00003_label.npy,256,12,1511,65536,2.31
sundarbans_test_00004,sundarbans,test,data/processed/patches/sundarbans/test/sundarbans_test_00004_t1.npy,data/processed/patches/sundarbans/test/sundarbans_test_00004_t2.npy,data/processed/patches/sundarbans/test/sundarbans_test_00004_label.npy,256,12,1877,65536,2.86
sundarbans_test_00005,sundarbans,test,data/processed/patches/sundarbans/test/sundarbans_test_00005_t1.npy,data/processed/patches/sundarbans/test/sundarbans_test_00005_t2.npy,data/processed/patches/sundarbans/test/sundarbans_test_00005_label.npy,256,12,12977,65536,19.8
sundarbans_test_00006,sundarbans,test,data/processed/patches/sundarbans/test/sundarbans_test_00006_t1.npy,data/processed/patches/sundarbans/test/sundarbans_test_00006_t2.npy,data/processed/patches/sundarbans/test/sundarbans_test_00006_label.npy,256,12,9056,65536,13.82
sundarbans_test_00007,sundarbans,test,data/processed/patches/sundarbans/test/sundarbans_test_00007_t1.npy,data/processed/patches/sundarbans/test/sundarbans_test_00007_t2.npy,data/processed/patches/sundarbans/test/sundarbans_test_00007_label.npy,256,12,0,65536,0.0
sundarbans_test_00008,sundarbans,test,data/processed/patches/sundarbans/test/sundarbans_test_00008_t1.npy,data/processed/patches/sundarbans/test/sundarbans_test_00008_t2.npy,data/processed/patches/sundarbans/test/sundarbans_test_00008_label.npy,256,12,0,65536,0.0
sundarbans_test_00009,sundarbans,test,data/processed/patches/sundarbans/test/sundarbans_test_00009_t1.npy,data/processed/patches/sundarbans/test/sundarbans_test_00009_t2.npy,data/processed/patches/sundarbans/test/sundarbans_test_00009_label.npy,256,12,1353,65536,2.06
sundarbans_test_00010,sundarbans,test,data/processed/patches/sundarbans/test/sundarbans_test_00010_t1.npy,data/processed/patches/sundarbans/test/sundarbans_test_00010_t2.npy,data/processed/patches/sundarbans/test/sundarbans_test_00010_label.npy,256,12,1193,65536,1.82
sundarbans_test_00011,sundarbans,test,data/processed/patches/sundarbans/test/sundarbans_test_00011_t1.npy,data/processed/patches/sundarbans/test/sundarbans_test_00011_t2.npy,data/processed/patches/sundarbans/test/sundarbans_test_00011_label.npy,256,12,1300,65536,1.98
sundarbans_test_00012,sundarbans,test,data/processed/patches/sundarbans/test/sundarbans_test_00012_t1.npy,data/processed/patches/sundarbans/test/sundarbans_test_00012_t2.npy,data/processed/patches/sundarbans/test/sundarbans_test_00012_label.npy,256,12,12419,65536,18.95
sundarbans_test_00013,sundarbans,test,data/processed/patches/sundarbans/test/sundarbans_test_00013_t1.npy,data/processed/patches/sundarbans/test/sundarbans_test_00013_t2.npy,data/processed/patches/sundarbans/test/sundarbans_test_00013_label.npy,256,12,375,65536,0.57
sundarbans_test_00014,sundarbans,test,data/processed/patches/sundarbans/test/sundarbans_test_00014_t1.npy,data/processed/patches/sundarbans/test/sundarbans_test_00014_t2.npy,data/processed/patches/sundarbans/test/sundarbans_test_00014_label.npy,256,12,264,65536,0.4
sundarbans_test_00015,sundarbans,test,data/processed/patches/sundarbans/test/sundarbans_test_00015_t1.npy,data/processed/patches/sundarbans/test/sundarbans_test_00015_t2.npy,data/processed/patches/sundarbans/test/sundarbans_test_00015_label.npy,256,12,1106,65536,1.69
sundarbans_test_00016,sundarbans,test,data/processed/patches/sundarbans/test/sundarbans_test_00016_t1.npy,data/processed/patches/sundarbans/test/sundarbans_test_00016_t2.npy,data/processed/patches/sundarbans/test/sundarbans_test_00016_label.npy,256,12,0,65536,0.0
sundarbans_test_00017,sundarbans,test,data/processed/patches/sundarbans/test/sundarbans_test_00017_t1.npy,data/processed/patches/sundarbans/test/sundarbans_test_00017_t2.npy,data/processed/patches/sundarbans/test/sundarbans_test_00017_label.npy,256,12,1645,65536,2.51
sundarbans_test_00018,sundarbans,test,data/processed/patches/sundarbans/test/sundarbans_test_00018_t1.npy,data/processed/patches/sundarbans/test/sundarbans_test_00018_t2.npy,data/processed/patches/sundarbans/test/sundarbans_test_00018_label.npy,256,12,2589,65536,3.95
sundarbans_test_00019,sundarbans,test,data/processed/patches/sundarbans/test/sundarbans_test_00019_t1.npy,data/processed/patches/sundarbans/test/sundarbans_test_00019_t2.npy,data/processed/patches/sundarbans/test/sundarbans_test_00019_label.npy,256,12,19051,65536,29.07
sundarbans_test_00020,sundarbans,test,data/processed/patches/sundarbans/test/sundarbans_test_00020_t1.npy,data/processed/patches/sundarbans/test/sundarbans_test_00020_t2.npy,data/processed/patches/sundarbans/test/sundarbans_test_00020_label.npy,256,12,405,65536,0.62
sundarbans_test_00021,sundarbans,test,data/processed/patches/sundarbans/test/sundarbans_test_00021_t1.npy,data/processed/patches/sundarbans/test/sundarbans_test_00021_t2.npy,data/processed/patches/sundarbans/test/sundarbans_test_00021_label.npy,256,12,10935,65536,16.69
sundarbans_test_00022,sundarbans,test,data/processed/patches/sundarbans/test/sundarbans_test_00022_t1.npy,data/processed/patches/sundarbans/test/sundarbans_test_00022_t2.npy,data/processed/patches/sundarbans/test/sundarbans_test_00022_label.npy,256,12,308,65536,0.47
sundarbans_test_00023,sundarbans,test,data/processed/patches/sundarbans/test/sundarbans_test_00023_t1.npy,data/processed/patches/sundarbans/test/sundarbans_test_00023_t2.npy,data/processed/patches/sundarbans/test/sundarbans_test_00023_label.npy,256,12,49,65536,0.07
sundarbans_test_00024,sundarbans,test,data/processed/patches/sundarbans/test/sundarbans_test_00024_t1.npy,data/processed/patches/sundarbans/test/sundarbans_test_00024_t2.npy,data/processed/patches/sundarbans/test/sundarbans_test_00024_label.npy,256,12,735,65536,1.12
sundarbans_test_00025,sundarbans,test,data/processed/patches/sundarbans/test/sundarbans_test_00025_t1.npy,data/processed/patches/sundarbans/test/sundarbans_test_00025_t2.npy,data/processed/patches/sundarbans/test/sundarbans_test_00025_label.npy,256,12,0,65536,0.0
sundarbans_test_00026,sundarbans,test,data/processed/patches/sundarbans/test/sundarbans_test_00026_t1.npy,data/processed/patches/sundarbans/test/sundarbans_test_00026_t2.npy,data/processed/patches/sundarbans/test/sundarbans_test_00026_label.npy,256,12,846,65536,1.29
sundarbans_test_00027,sundarbans,test,data/processed/patches/sundarbans/test/sundarbans_test_00027_t1.npy,data/processed/patches/sundarbans/test/sundarbans_test_00027_t2.npy,data/processed/patches/sundarbans/test/sundarbans_test_00027_label.npy,256,12,71,65536,0.11
sundarbans_test_00028,sundarbans,test,data/processed/patches/sundarbans/test/sundarbans_test_00028_t1.npy,data/processed/patches/sundarbans/test/sundarbans_test_00028_t2.npy,data/processed/patches/sundarbans/test/sundarbans_test_00028_label.npy,256,12,1225,65536,1.87
sundarbans_test_00029,sundarbans,test,data/processed/patches/sundarbans/test/sundarbans_test_00029_t1.npy,data/processed/patches/sundarbans/test/sundarbans_test_00029_t2.npy,data/processed/patches/sundarbans/test/sundarbans_test_00029_label.npy,256,12,460,65536,0.7
sundarbans_test_00030,sundarbans,test,data/processed/patches/sundarbans/test/sundarbans_test_00030_t1.npy,data/processed/patches/sundarbans/test/sundarbans_test_00030_t2.npy,data/processed/patches/sundarbans/test/sundarbans_test_00030_label.npy,256,12,579,65536,0.88
sundarbans_test_00031,sundarbans,test,data/processed/patches/sundarbans/test/sundarbans_test_00031_t1.npy,data/processed/patches/sundarbans/test/sundarbans_test_00031_t2.npy,data/processed/patches/sundarbans/test/sundarbans_test_00031_label.npy,256,12,12391,65536,18.91
sundarbans_test_00032,sundarbans,test,data/processed/patches/sundarbans/test/sundarbans_test_00032_t1.npy,data/processed/patches/sundarbans/test/sundarbans_test_00032_t2.npy,data/processed/patches/sundarbans/test/sundarbans_test_00032_label.npy,256,12,1352,65536,2.06
sundarbans_test_00033,sundarbans,test,data/processed/patches/sundarbans/test/sundarbans_test_00033_t1.npy,data/processed/patches/sundarbans/test/sundarbans_test_00033_t2.npy,data/processed/patches/sundarbans/test/sundarbans_test_00033_label.npy,256,12,1940,65536,2.96
sundarbans_test_00034,sundarbans,test,data/processed/patches/sundarbans/test/sundarbans_test_00034_t1.npy,data/processed/patches/sundarbans/test/sundarbans_test_00034_t2.npy,data/processed/patches/sundarbans/test/sundarbans_test_00034_label.npy,256,12,137,65536,0.21
sundarbans_test_00035,sundarbans,test,data/processed/patches/sundarbans/test/sundarbans_test_00035_t1.npy,data/processed/patches/sundarbans/test/sundarbans_test_00035_t2.npy,data/processed/patches/sundarbans/test/sundarbans_test_00035_label.npy,256,12,942,65536,1.44
sundarbans_test_00036,sundarbans,test,data/processed/patches/sundarbans/test/sundarbans_test_00036_t1.npy,data/processed/patches/sundarbans/test/sundarbans_test_00036_t2.npy,data/processed/patches/sundarbans/test/sundarbans_test_00036_label.npy,256,12,1410,65536,2.15
sundarbans_test_00037,sundarbans,test,data/processed/patches/sundarbans/test/sundarbans_test_00037_t1.npy,data/processed/patches/sundarbans/test/sundarbans_test_00037_t2.npy,data/processed/patches/sundarbans/test/sundarbans_test_00037_label.npy,256,12,1137,65536,1.73
sundarbans_test_00038,sundarbans,test,data/processed/patches/sundarbans/test/sundarbans_test_00038_t1.npy,data/processed/patches/sundarbans/test/sundarbans_test_00038_t2.npy,data/processed/patches/sundarbans/test/sundarbans_test_00038_label.npy,256,12,0,65536,0.0
sundarbans_test_00039,sundarbans,test,data/processed/patches/sundarbans/test/sundarbans_test_00039_t1.npy,data/processed/patches/sundarbans/test/sundarbans_test_00039_t2.npy,data/processed/patches/sundarbans/test/sundarbans_test_00039_label.npy,256,12,605,65536,0.92
sundarbans_test_00040,sundarbans,test,data/processed/patches/sundarbans/test/sundarbans_test_00040_t1.npy,data/processed/patches/sundarbans/test/sundarbans_test_00040_t2.npy,data/processed/patches/sundarbans/test/sundarbans_test_00040_label.npy,256,12,222,65536,0.34
sundarbans_test_00041,sundarbans,test,data/processed/patches/sundarbans/test/sundarbans_test_00041_t1.npy,data/processed/patches/sundarbans/test/sundarbans_test_00041_t2.npy,data/processed/patches/sundarbans/test/sundarbans_test_00041_label.npy,256,12,0,65536,0.0
sundarbans_test_00042,sundarbans,test,data/processed/patches/sundarbans/test/sundarbans_test_00042_t1.npy,data/processed/patches/sundarbans/test/sundarbans_test_00042_t2.npy,data/processed/patches/sundarbans/test/sundarbans_test_00042_label.npy,256,12,353,65536,0.54
sundarbans_test_00043,sundarbans,test,data/processed/patches/sundarbans/test/sundarbans_test_00043_t1.npy,data/processed/patches/sundarbans/test/sundarbans_test_00043_t2.npy,data/processed/patches/sundarbans/test/sundarbans_test_00043_label.npy,256,12,411,65536,0.63
sundarbans_test_00044,sundarbans,test,data/processed/patches/sundarbans/test/sundarbans_test_00044_t1.npy,data/processed/patches/sundarbans/test/sundarbans_test_00044_t2.npy,data/processed/patches/sundarbans/test/sundarbans_test_00044_label.npy,256,12,17850,65536,27.24
sundarbans_test_00045,sundarbans,test,data/processed/patches/sundarbans/test/sundarbans_test_00045_t1.npy,data/processed/patches/sundarbans/test/sundarbans_test_00045_t2.npy,data/processed/patches/sundarbans/test/sundarbans_test_00045_label.npy,256,12,760,65536,1.16
sundarbans_test_00046,sundarbans,test,data/processed/patches/sundarbans/test/sundarbans_test_00046_t1.npy,data/processed/patches/sundarbans/test/sundarbans_test_00046_t2.npy,data/processed/patches/sundarbans/test/sundarbans_test_00046_label.npy,256,12,469,65536,0.72
sundarbans_test_00047,sundarbans,test,data/processed/patches/sundarbans/test/sundarbans_test_00047_t1.npy,data/processed/patches/sundarbans/test/sundarbans_test_00047_t2.npy,data/processed/patches/sundarbans/test/sundarbans_test_00047_label.npy,256,12,560,65536,0.85
sundarbans_test_00048,sundarbans,test,data/processed/patches/sundarbans/test/sundarbans_test_00048_t1.npy,data/processed/patches/sundarbans/test/sundarbans_test_00048_t2.npy,data/processed/patches/sundarbans/test/sundarbans_test_00048_label.npy,256,12,896,65536,1.37
sundarbans_test_00049,sundarbans,test,data/processed/patches/sundarbans/test/sundarbans_test_00049_t1.npy,data/processed/patches/sundarbans/test/sundarbans_test_00049_t2.npy,data/processed/patches/sundarbans/test/sundarbans_test_00049_label.npy,256,12,566,65536,0.86
sundarbans_test_00050,sundarbans,test,data/processed/patches/sundarbans/test/sundarbans_test_00050_t1.npy,data/processed/patches/sundarbans/test/sundarbans_test_00050_t2.npy,data/processed/patches/sundarbans/test/sundarbans_test_00050_label.npy,256,12,0,65536,0.0
sundarbans_test_00051,sundarbans,test,data/processed/patches/sundarbans/test/sundarbans_test_00051_t1.npy,data/processed/patches/sundarbans/test/sundarbans_test_00051_t2.npy,data/processed/patches/sundarbans/test/sundarbans_test_00051_label.npy,256,12,3677,65536,5.61
sundarbans_test_00052,sundarbans,test,data/processed/patches/sundarbans/test/sundarbans_test_00052_t1.npy,data/processed/patches/sundarbans/test/sundarbans_test_00052_t2.npy,data/processed/patches/sundarbans/test/sundarbans_test_00052_label.npy,256,12,549,65536,0.84
sundarbans_test_00053,sundarbans,test,data/processed/patches/sundarbans/test/sundarbans_test_00053_t1.npy,data/processed/patches/sundarbans/test/sundarbans_test_00053_t2.npy,data/processed/patches/sundarbans/test/sundarbans_test_00053_label.npy,256,12,745,65536,1.14
sundarbans_test_00054,sundarbans,test,data/processed/patches/sundarbans/test/sundarbans_test_00054_t1.npy,data/processed/patches/sundarbans/test/sundarbans_test_00054_t2.npy,data/processed/patches/sundarbans/test/sundarbans_test_00054_label.npy,256,12,15472,65536,23.61
sundarbans_test_00055,sundarbans,test,data/processed/patches/sundarbans/test/sundarbans_test_00055_t1.npy,data/processed/patches/sundarbans/test/sundarbans_test_00055_t2.npy,data/processed/patches/sundarbans/test/sundarbans_test_00055_label.npy,256,12,772,65536,1.18
sundarbans_test_00056,sundarbans,test,data/processed/patches/sundarbans/test/sundarbans_test_00056_t1.npy,data/processed/patches/sundarbans/test/sundarbans_test_00056_t2.npy,data/processed/patches/sundarbans/test/sundarbans_test_00056_label.npy,256,12,411,65536,0.63
sundarbans_test_00057,sundarbans,test,data/processed/patches/sundarbans/test/sundarbans_test_00057_t1.npy,data/processed/patches/sundarbans/test/sundarbans_test_00057_t2.npy,data/processed/patches/sundarbans/test/sundarbans_test_00057_label.npy,256,12,440,65536,0.67
sundarbans_test_00058,sundarbans,test,data/processed/patches/sundarbans/test/sundarbans_test_00058_t1.npy,data/processed/patches/sundarbans/test/sundarbans_test_00058_t2.npy,data/processed/patches/sundarbans/test/sundarbans_test_00058_label.npy,256,12,881,65536,1.34
sundarbans_test_00059,sundarbans,test,data/processed/patches/sundarbans/test/sundarbans_test_00059_t1.npy,data/processed/patches/sundarbans/test/sundarbans_test_00059_t2.npy,data/processed/patches/sundarbans/test/sundarbans_test_00059_label.npy,256,12,10645,65536,16.24
sundarbans_test_00060,sundarbans,test,data/processed/patches/sundarbans/test/sundarbans_test_00060_t1.npy,data/processed/patches/sundarbans/test/sundarbans_test_00060_t2.npy,data/processed/patches/sundarbans/test/sundarbans_test_00060_label.npy,256,12,19500,65536,29.75
sundarbans_test_00061,sundarbans,test,data/processed/patches/sundarbans/test/sundarbans_test_00061_t1.npy,data/processed/patches/sundarbans/test/sundarbans_test_00061_t2.npy,data/processed/patches/sundarbans/test/sundarbans_test_00061_label.npy,256,12,15435,65536,23.55
sundarbans_test_00062,sundarbans,test,data/processed/patches/sundarbans/test/sundarbans_test_00062_t1.npy,data/processed/patches/sundarbans/test/sundarbans_test_00062_t2.npy,data/processed/patches/sundarbans/test/sundarbans_test_00062_label.npy,256,12,15,65536,0.02
sundarbans_test_00063,sundarbans,test,data/processed/patches/sundarbans/test/sundarbans_test_00063_t1.npy,data/processed/patches/sundarbans/test/sundarbans_test_00063_t2.npy,data/processed/patches/sundarbans/test/sundarbans_test_00063_label.npy,256,12,7575,65536,11.56
sundarbans_test_00064,sundarbans,test,data/processed/patches/sundarbans/test/sundarbans_test_00064_t1.npy,data/processed/patches/sundarbans/test/sundarbans_test_00064_t2.npy,data/processed/patches/sundarbans/test/sundarbans_test_00064_label.npy,256,12,15036,65536,22.94
sundarbans_test_00065,sundarbans,test,data/processed/patches/sundarbans/test/sundarbans_test_00065_t1.npy,data/processed/patches/sundarbans/test/sundarbans_test_00065_t2.npy,data/processed/patches/sundarbans/test/sundarbans_test_00065_label.npy,256,12,11972,65536,18.27
sundarbans_test_00066,sundarbans,test,data/processed/patches/sundarbans/test/sundarbans_test_00066_t1.npy,data/processed/patches/sundarbans/test/sundarbans_test_00066_t2.npy,data/processed/patches/sundarbans/test/sundarbans_test_00066_label.npy,256,12,127,65536,0.19
sundarbans_test_00067,sundarbans,test,data/processed/patches/sundarbans/test/sundarbans_test_00067_t1.npy,data/processed/patches/sundarbans/test/sundarbans_test_00067_t2.npy,data/processed/patches/sundarbans/test/sundarbans_test_00067_label.npy,256,12,163,65536,0.25
sundarbans_test_00068,sundarbans,test,data/processed/patches/sundarbans/test/sundarbans_test_00068_t1.npy,data/processed/patches/sundarbans/test/sundarbans_test_00068_t2.npy,data/processed/patches/sundarbans/test/sundarbans_test_00068_label.npy,256,12,692,65536,1.06
sundarbans_test_00069,sundarbans,test,data/processed/patches/sundarbans/test/sundarbans_test_00069_t1.npy,data/processed/patches/sundarbans/test/sundarbans_test_00069_t2.npy,data/processed/patches/sundarbans/test/sundarbans_test_00069_label.npy,256,12,333,65536,0.51
sundarbans_test_00070,sundarbans,test,data/processed/patches/sundarbans/test/sundarbans_test_00070_t1.npy,data/processed/patches/sundarbans/test/sundarbans_test_00070_t2.npy,data/processed/patches/sundarbans/test/sundarbans_test_00070_label.npy,256,12,0,65536,0.0
sundarbans_test_00071,sundarbans,test,data/processed/patches/sundarbans/test/sundarbans_test_00071_t1.npy,data/processed/patches/sundarbans/test/sundarbans_test_00071_t2.npy,data/processed/patches/sundarbans/test/sundarbans_test_00071_label.npy,256,12,0,65536,0.0
sundarbans_test_00072,sundarbans,test,data/processed/patches/sundarbans/test/sundarbans_test_00072_t1.npy,data/processed/patches/sundarbans/test/sundarbans_test_00072_t2.npy,data/processed/patches/sundarbans/test/sundarbans_test_00072_label.npy,256,12,16,65536,0.02
sundarbans_test_00073,sundarbans,test,data/processed/patches/sundarbans/test/sundarbans_test_00073_t1.npy,data/processed/patches/sundarbans/test/sundarbans_test_00073_t2.npy,data/processed/patches/sundarbans/test/sundarbans_test_00073_label.npy,256,12,0,65536,0.0
sundarbans_test_00074,sundarbans,test,data/processed/patches/sundarbans/test/sundarbans_test_00074_t1.npy,data/processed/patches/sundarbans/test/sundarbans_test_00074_t2.npy,data/processed/patches/sundarbans/test/sundarbans_test_00074_label.npy,256,12,220,65536,0.34
sundarbans_test_00075,sundarbans,test,data/processed/patches/sundarbans/test/sundarbans_test_00075_t1.npy,data/processed/patches/sundarbans/test/sundarbans_test_00075_t2.npy,data/processed/patches/sundarbans/test/sundarbans_test_00075_label.npy,256,12,556,65536,0.85
sundarbans_test_00076,sundarbans,test,data/processed/patches/sundarbans/test/sundarbans_test_00076_t1.npy,data/processed/patches/sundarbans/test/sundarbans_test_00076_t2.npy,data/processed/patches/sundarbans/test/sundarbans_test_00076_label.npy,256,12,142,65536,0.22
sundarbans_test_00077,sundarbans,test,data/processed/patches/sundarbans/test/sundarbans_test_00077_t1.npy,data/processed/patches/sundarbans/test/sundarbans_test_00077_t2.npy,data/processed/patches/sundarbans/test/sundarbans_test_00077_label.npy,256,12,327,65536,0.5
sundarbans_test_00078,sundarbans,test,data/processed/patches/sundarbans/test/sundarbans_test_00078_t1.npy,data/processed/patches/sundarbans/test/sundarbans_test_00078_t2.npy,data/processed/patches/sundarbans/test/sundarbans_test_00078_label.npy,256,12,0,65536,0.0
sundarbans_test_00079,sundarbans,test,data/processed/patches/sundarbans/test/sundarbans_test_00079_t1.npy,data/processed/patches/sundarbans/test/sundarbans_test_00079_t2.npy,data/processed/patches/sundarbans/test/sundarbans_test_00079_label.npy,256,12,466,65536,0.71
sundarbans_test_00080,sundarbans,test,data/processed/patches/sundarbans/test/sundarbans_test_00080_t1.npy,data/processed/patches/sundarbans/test/sundarbans_test_00080_t2.npy,data/processed/patches/sundarbans/test/sundarbans_test_00080_label.npy,256,12,903,65536,1.38
sundarbans_test_00081,sundarbans,test,data/processed/patches/sundarbans/test/sundarbans_test_00081_t1.npy,data/processed/patches/sundarbans/test/sundarbans_test_00081_t2.npy,data/processed/patches/sundarbans/test/sundarbans_test_00081_label.npy,256,12,475,65536,0.72
sundarbans_test_00082,sundarbans,test,data/processed/patches/sundarbans/test/sundarbans_test_00082_t1.npy,data/processed/patches/sundarbans/test/sundarbans_test_00082_t2.npy,data/processed/patches/sundarbans/test/sundarbans_test_00082_label.npy,256,12,119,65536,0.18
sundarbans_test_00083,sundarbans,test,data/processed/patches/sundarbans/test/sundarbans_test_00083_t1.npy,data/processed/patches/sundarbans/test/sundarbans_test_00083_t2.npy,data/processed/patches/sundarbans/test/sundarbans_test_00083_label.npy,256,12,9040,65536,13.79
sundarbans_test_00084,sundarbans,test,data/processed/patches/sundarbans/test/sundarbans_test_00084_t1.npy,data/processed/patches/sundarbans/test/sundarbans_test_00084_t2.npy,data/processed/patches/sundarbans/test/sundarbans_test_00084_label.npy,256,12,11643,65536,17.77
sundarbans_test_00085,sundarbans,test,data/processed/patches/sundarbans/test/sundarbans_test_00085_t1.npy,data/processed/patches/sundarbans/test/sundarbans_test_00085_t2.npy,data/processed/patches/sundarbans/test/sundarbans_test_00085_label.npy,256,12,10047,65536,15.33
sundarbans_test_00086,sundarbans,test,data/processed/patches/sundarbans/test/sundarbans_test_00086_t1.npy,data/processed/patches/sundarbans/test/sundarbans_test_00086_t2.npy,data/processed/patches/sundarbans/test/sundarbans_test_00086_label.npy,256,12,275,65536,0.42
sundarbans_test_00087,sundarbans,test,data/processed/patches/sundarbans/test/sundarbans_test_00087_t1.npy,data/processed/patches/sundarbans/test/sundarbans_test_00087_t2.npy,data/processed/patches/sundarbans/test/sundarbans_test_00087_label.npy,256,12,262,65536,0.4
sundarbans_test_00088,sundarbans,test,data/processed/patches/sundarbans/test/sundarbans_test_00088_t1.npy,data/processed/patches/sundarbans/test/sundarbans_test_00088_t2.npy,data/processed/patches/sundarbans/test/sundarbans_test_00088_label.npy,256,12,15877,65536,24.23
sundarbans_test_00089,sundarbans,test,data/processed/patches/sundarbans/test/sundarbans_test_00089_t1.npy,data/processed/patches/sundarbans/test/sundarbans_test_00089_t2.npy,data/processed/patches/sundarbans/test/sundarbans_test_00089_label.npy,256,12,677,65536,1.03
sundarbans_test_00090,sundarbans,test,data/processed/patches/sundarbans/test/sundarbans_test_00090_t1.npy,data/processed/patches/sundarbans/test/sundarbans_test_00090_t2.npy,data/processed/patches/sundarbans/test/sundarbans_test_00090_label.npy,256,12,879,65536,1.34
sundarbans_test_00091,sundarbans,test,data/processed/patches/sundarbans/test/sundarbans_test_00091_t1.npy,data/processed/patches/sundarbans/test/sundarbans_test_00091_t2.npy,data/processed/patches/sundarbans/test/sundarbans_test_00091_label.npy,256,12,1666,65536,2.54
sundarbans_test_00092,sundarbans,test,data/processed/patches/sundarbans/test/sundarbans_test_00092_t1.npy,data/processed/patches/sundarbans/test/sundarbans_test_00092_t2.npy,data/processed/patches/sundarbans/test/sundarbans_test_00092_label.npy,256,12,2432,65536,3.71
sundarbans_test_00093,sundarbans,test,data/processed/patches/sundarbans/test/sundarbans_test_00093_t1.npy,data/processed/patches/sundarbans/test/sundarbans_test_00093_t2.npy,data/processed/patches/sundarbans/test/sundarbans_test_00093_label.npy,256,12,11611,65536,17.72
sundarbans_test_00094,sundarbans,test,data/processed/patches/sundarbans/test/sundarbans_test_00094_t1.npy,data/processed/patches/sundarbans/test/sundarbans_test_00094_t2.npy,data/processed/patches/sundarbans/test/sundarbans_test_00094_label.npy,256,12,0,65536,0.0
sundarbans_test_00095,sundarbans,test,data/processed/patches/sundarbans/test/sundarbans_test_00095_t1.npy,data/processed/patches/sundarbans/test/sundarbans_test_00095_t2.npy,data/processed/patches/sundarbans/test/sundarbans_test_00095_label.npy,256,12,238,65536,0.36
sundarbans_test_00096,sundarbans,test,data/processed/patches/sundarbans/test/sundarbans_test_00096_t1.npy,data/processed/patches/sundarbans/test/sundarbans_test_00096_t2.npy,data/processed/patches/sundarbans/test/sundarbans_test_00096_label.npy,256,12,308,65536,0.47
sundarbans_test_00097,sundarbans,test,data/processed/patches/sundarbans/test/sundarbans_test_00097_t1.npy,data/processed/patches/sundarbans/test/sundarbans_test_00097_t2.npy,data/processed/patches/sundarbans/test/sundarbans_test_00097_label.npy,256,12,22415,65536,34.2
sundarbans_test_00098,sundarbans,test,data/processed/patches/sundarbans/test/sundarbans_test_00098_t1.npy,data/processed/patches/sundarbans/test/sundarbans_test_00098_t2.npy,data/processed/patches/sundarbans/test/sundarbans_test_00098_label.npy,256,12,822,65536,1.25
sundarbans_test_00099,sundarbans,test,data/processed/patches/sundarbans/test/sundarbans_test_00099_t1.npy,data/processed/patches/sundarbans/test/sundarbans_test_00099_t2.npy,data/processed/patches/sundarbans/test/sundarbans_test_00099_label.npy,256,12,540,65536,0.82
sundarbans_test_00100,sundarbans,test,data/processed/patches/sundarbans/test/sundarbans_test_00100_t1.npy,data/processed/patches/sundarbans/test/sundarbans_test_00100_t2.npy,data/processed/patches/sundarbans/test/sundarbans_test_00100_label.npy,256,12,624,65536,0.95
sundarbans_test_00101,sundarbans,test,data/processed/patches/sundarbans/test/sundarbans_test_00101_t1.npy,data/processed/patches/sundarbans/test/sundarbans_test_00101_t2.npy,data/processed/patches/sundarbans/test/sundarbans_test_00101_label.npy,256,12,12409,65536,18.93
sundarbans_test_00102,sundarbans,test,data/processed/patches/sundarbans/test/sundarbans_test_00102_t1.npy,data/processed/patches/sundarbans/test/sundarbans_test_00102_t2.npy,data/processed/patches/sundarbans/test/sundarbans_test_00102_label.npy,256,12,267,65536,0.41
sundarbans_test_00103,sundarbans,test,data/processed/patches/sundarbans/test/sundarbans_test_00103_t1.npy,data/processed/patches/sundarbans/test/sundarbans_test_00103_t2.npy,data/processed/patches/sundarbans/test/sundarbans_test_00103_label.npy,256,12,11021,65536,16.82
sundarbans_test_00104,sundarbans,test,data/processed/patches/sundarbans/test/sundarbans_test_00104_t1.npy,data/processed/patches/sundarbans/test/sundarbans_test_00104_t2.npy,data/processed/patches/sundarbans/test/sundarbans_test_00104_label.npy,256,12,1085,65536,1.66
sundarbans_test_00105,sundarbans,test,data/processed/patches/sundarbans/test/sundarbans_test_00105_t1.npy,data/processed/patches/sundarbans/test/sundarbans_test_00105_t2.npy,data/processed/patches/sundarbans/test/sundarbans_test_00105_label.npy,256,12,15937,65536,24.32
sundarbans_test_00106,sundarbans,test,data/processed/patches/sundarbans/test/sundarbans_test_00106_t1.npy,data/processed/patches/sundarbans/test/sundarbans_test_00106_t2.npy,data/processed/patches/sundarbans/test/sundarbans_test_00106_label.npy,256,12,415,65536,0.63
sundarbans_test_00107,sundarbans,test,data/processed/patches/sundarbans/test/sundarbans_test_00107_t1.npy,data/processed/patches/sundarbans/test/sundarbans_test_00107_t2.npy,data/processed/patches/sundarbans/test/sundarbans_test_00107_label.npy,256,12,80,65536,0.12
sundarbans_test_00108,sundarbans,test,data/processed/patches/sundarbans/test/sundarbans_test_00108_t1.npy,data/processed/patches/sundarbans/test/sundarbans_test_00108_t2.npy,data/processed/patches/sundarbans/test/sundarbans_test_00108_label.npy,256,12,15748,65536,24.03
sundarbans_test_00109,sundarbans,test,data/processed/patches/sundarbans/test/sundarbans_test_00109_t1.npy,data/processed/patches/sundarbans/test/sundarbans_test_00109_t2.npy,data/processed/patches/sundarbans/test/sundarbans_test_00109_label.npy,256,12,528,65536,0.81
sundarbans_test_00110,sundarbans,test,data/processed/patches/sundarbans/test/sundarbans_test_00110_t1.npy,data/processed/patches/sundarbans/test/sundarbans_test_00110_t2.npy,data/processed/patches/sundarbans/test/sundarbans_test_00110_label.npy,256,12,11915,65536,18.18
sundarbans_test_00111,sundarbans,test,data/processed/patches/sundarbans/test/sundarbans_test_00111_t1.npy,data/processed/patches/sundarbans/test/sundarbans_test_00111_t2.npy,data/processed/patches/sundarbans/test/sundarbans_test_00111_label.npy,256,12,2799,65536,4.27
sundarbans_test_00112,sundarbans,test,data/processed/patches/sundarbans/test/sundarbans_test_00112_t1.npy,data/processed/patches/sundarbans/test/sundarbans_test_00112_t2.npy,data/processed/patches/sundarbans/test/sundarbans_test_00112_label.npy,256,12,2630,65536,4.01
sundarbans_test_00113,sundarbans,test,data/processed/patches/sundarbans/test/sundarbans_test_00113_t1.npy,data/processed/patches/sundarbans/test/sundarbans_test_00113_t2.npy,data/processed/patches/sundarbans/test/sundarbans_test_00113_label.npy,256,12,0,65536,0.0
sundarbans_test_00114,sundarbans,test,data/processed/patches/sundarbans/test/sundarbans_test_00114_t1.npy,data/processed/patches/sundarbans/test/sundarbans_test_00114_t2.npy,data/processed/patches/sundarbans/test/sundarbans_test_00114_label.npy,256,12,11085,65536,16.91
sundarbans_test_00115,sundarbans,test,data/processed/patches/sundarbans/test/sundarbans_test_00115_t1.npy,data/processed/patches/sundarbans/test/sundarbans_test_00115_t2.npy,data/processed/patches/sundarbans/test/sundarbans_test_00115_label.npy,256,12,855,65536,1.3
sundarbans_test_00116,sundarbans,test,data/processed/patches/sundarbans/test/sundarbans_test_00116_t1.npy,data/processed/patches/sundarbans/test/sundarbans_test_00116_t2.npy,data/processed/patches/sundarbans/test/sundarbans_test_00116_label.npy,256,12,1105,65536,1.69
sundarbans_test_00117,sundarbans,test,data/processed/patches/sundarbans/test/sundarbans_test_00117_t1.npy,data/processed/patches/sundarbans/test/sundarbans_test_00117_t2.npy,data/processed/patches/sundarbans/test/sundarbans_test_00117_label.npy,256,12,309,65536,0.47
sundarbans_test_00118,sundarbans,test,data/processed/patches/sundarbans/test/sundarbans_test_00118_t1.npy,data/processed/patches/sundarbans/test/sundarbans_test_00118_t2.npy,data/processed/patches/sundarbans/test/sundarbans_test_00118_label.npy,256,12,268,65536,0.41
sundarbans_test_00119,sundarbans,test,data/processed/patches/sundarbans/test/sundarbans_test_00119_t1.npy,data/processed/patches/sundarbans/test/sundarbans_test_00119_t2.npy,data/processed/patches/sundarbans/test/sundarbans_test_00119_label.npy,256,12,580,65536,0.89
sundarbans_test_00120,sundarbans,test,data/processed/patches/sundarbans/test/sundarbans_test_00120_t1.npy,data/processed/patches/sundarbans/test/sundarbans_test_00120_t2.npy,data/processed/patches/sundarbans/test/sundarbans_test_00120_label.npy,256,12,13464,65536,20.54
sundarbans_test_00121,sundarbans,test,data/processed/patches/sundarbans/test/sundarbans_test_00121_t1.npy,data/processed/patches/sundarbans/test/sundarbans_test_00121_t2.npy,data/processed/patches/sundarbans/test/sundarbans_test_00121_label.npy,256,12,0,65536,0.0
sundarbans_test_00122,sundarbans,test,data/processed/patches/sundarbans/test/sundarbans_test_00122_t1.npy,data/processed/patches/sundarbans/test/sundarbans_test_00122_t2.npy,data/processed/patches/sundarbans/test/sundarbans_test_00122_label.npy,256,12,597,65536,0.91
sundarbans_test_00123,sundarbans,test,data/processed/patches/sundarbans/test/sundarbans_test_00123_t1.npy,data/processed/patches/sundarbans/test/sundarbans_test_00123_t2.npy,data/processed/patches/sundarbans/test/sundarbans_test_00123_label.npy,256,12,0,65536,0.0
sundarbans_test_00124,sundarbans,test,data/processed/patches/sundarbans/test/sundarbans_test_00124_t1.npy,data/processed/patches/sundarbans/test/sundarbans_test_00124_t2.npy,data/processed/patches/sundarbans/test/sundarbans_test_00124_label.npy,256,12,240,65536,0.37
saranda_train_00000,saranda,train,data/processed/patches/saranda/train/saranda_train_00000_t1.npy,data/processed/patches/saranda/train/saranda_train_00000_t2.npy,data/processed/patches/saranda/train/saranda_train_00000_label.npy,256,12,1614,65536,2.46
saranda_train_00001,saranda,train,data/processed/patches/saranda/train/saranda_train_00001_t1.npy,data/processed/patches/saranda/train/saranda_train_00001_t2.npy,data/processed/patches/saranda/train/saranda_train_00001_label.npy,256,12,4412,65536,6.73
saranda_train_00002,saranda,train,data/processed/patches/saranda/train/saranda_train_00002_t1.npy,data/processed/patches/saranda/train/saranda_train_00002_t2.npy,data/processed/patches/saranda/train/saranda_train_00002_label.npy,256,12,5037,65536,7.69
saranda_train_00003,saranda,train,data/processed/patches/saranda/train/saranda_train_00003_t1.npy,data/processed/patches/saranda/train/saranda_train_00003_t2.npy,data/processed/patches/saranda/train/saranda_train_00003_label.npy,256,12,8266,65536,12.61
saranda_train_00004,saranda,train,data/processed/patches/saranda/train/saranda_train_00004_t1.npy,data/processed/patches/saranda/train/saranda_train_00004_t2.npy,data/processed/patches/saranda/train/saranda_train_00004_label.npy,256,12,7194,65536,10.98
saranda_train_00005,saranda,train,data/processed/patches/saranda/train/saranda_train_00005_t1.npy,data/processed/patches/saranda/train/saranda_train_00005_t2.npy,data/processed/patches/saranda/train/saranda_train_00005_label.npy,256,12,7299,65536,11.14
saranda_train_00006,saranda,train,data/processed/patches/saranda/train/saranda_train_00006_t1.npy,data/processed/patches/saranda/train/saranda_train_00006_t2.npy,data/processed/patches/saranda/train/saranda_train_00006_label.npy,256,12,7538,65536,11.5
saranda_train_00007,saranda,train,data/processed/patches/saranda/train/saranda_train_00007_t1.npy,data/processed/patches/saranda/train/saranda_train_00007_t2.npy,data/processed/patches/saranda/train/saranda_train_00007_label.npy,256,12,838,65536,1.28
saranda_train_00008,saranda,train,data/processed/patches/saranda/train/saranda_train_00008_t1.npy,data/processed/patches/saranda/train/saranda_train_00008_t2.npy,data/processed/patches/saranda/train/saranda_train_00008_label.npy,256,12,6173,65536,9.42
saranda_train_00009,saranda,train,data/processed/patches/saranda/train/saranda_train_00009_t1.npy,data/processed/patches/saranda/train/saranda_train_00009_t2.npy,data/processed/patches/saranda/train/saranda_train_00009_label.npy,256,12,6116,65536,9.33
saranda_train_00010,saranda,train,data/processed/patches/saranda/train/saranda_train_00010_t1.npy,data/processed/patches/saranda/train/saranda_train_00010_t2.npy,data/processed/patches/saranda/train/saranda_train_00010_label.npy,256,12,6667,65536,10.17
saranda_train_00011,saranda,train,data/processed/patches/saranda/train/saranda_train_00011_t1.npy,data/processed/patches/saranda/train/saranda_train_00011_t2.npy,data/processed/patches/saranda/train/saranda_train_00011_label.npy,256,12,3935,65536,6.0
saranda_train_00012,saranda,train,data/processed/patches/saranda/train/saranda_train_00012_t1.npy,data/processed/patches/saranda/train/saranda_train_00012_t2.npy,data/processed/patches/saranda/train/saranda_train_00012_label.npy,256,12,3910,65536,5.97
saranda_train_00013,saranda,train,data/processed/patches/saranda/train/saranda_train_00013_t1.npy,data/processed/patches/saranda/train/saranda_train_00013_t2.npy,data/processed/patches/saranda/train/saranda_train_00013_label.npy,256,12,3739,65536,5.71
saranda_train_00014,saranda,train,data/processed/patches/saranda/train/saranda_train_00014_t1.npy,data/processed/patches/saranda/train/saranda_train_00014_t2.npy,data/processed/patches/saranda/train/saranda_train_00014_label.npy,256,12,3767,65536,5.75
saranda_train_00015,saranda,train,data/processed/patches/saranda/train/saranda_train_00015_t1.npy,data/processed/patches/saranda/train/saranda_train_00015_t2.npy,data/processed/patches/saranda/train/saranda_train_00015_label.npy,256,12,926,65536,1.41
saranda_train_00016,saranda,train,data/processed/patches/saranda/train/saranda_train_00016_t1.npy,data/processed/patches/saranda/train/saranda_train_00016_t2.npy,data/processed/patches/saranda/train/saranda_train_00016_label.npy,256,12,5112,65536,7.8
saranda_train_00017,saranda,train,data/processed/patches/saranda/train/saranda_train_00017_t1.npy,data/processed/patches/saranda/train/saranda_train_00017_t2.npy,data/processed/patches/saranda/train/saranda_train_00017_label.npy,256,12,3235,65536,4.94
saranda_train_00018,saranda,train,data/processed/patches/saranda/train/saranda_train_00018_t1.npy,data/processed/patches/saranda/train/saranda_train_00018_t2.npy,data/processed/patches/saranda/train/saranda_train_00018_label.npy,256,12,5332,65536,8.14
saranda_train_00019,saranda,train,data/processed/patches/saranda/train/saranda_train_00019_t1.npy,data/processed/patches/saranda/train/saranda_train_00019_t2.npy,data/processed/patches/saranda/train/saranda_train_00019_label.npy,256,12,3820,65536,5.83
saranda_train_00020,saranda,train,data/processed/patches/saranda/train/saranda_train_00020_t1.npy,data/processed/patches/saranda/train/saranda_train_00020_t2.npy,data/processed/patches/saranda/train/saranda_train_00020_label.npy,256,12,6759,65536,10.31
saranda_train_00021,saranda,train,data/processed/patches/saranda/train/saranda_train_00021_t1.npy,data/processed/patches/saranda/train/saranda_train_00021_t2.npy,data/processed/patches/saranda/train/saranda_train_00021_label.npy,256,12,4561,65536,6.96
saranda_train_00022,saranda,train,data/processed/patches/saranda/train/saranda_train_00022_t1.npy,data/processed/patches/saranda/train/saranda_train_00022_t2.npy,data/processed/patches/saranda/train/saranda_train_00022_label.npy,256,12,3615,65536,5.52
saranda_train_00023,saranda,train,data/processed/patches/saranda/train/saranda_train_00023_t1.npy,data/processed/patches/saranda/train/saranda_train_00023_t2.npy,data/processed/patches/saranda/train/saranda_train_00023_label.npy,256,12,5475,65536,8.35
saranda_train_00024,saranda,train,data/processed/patches/saranda/train/saranda_train_00024_t1.npy,data/processed/patches/saranda/train/saranda_train_00024_t2.npy,data/processed/patches/saranda/train/saranda_train_00024_label.npy,256,12,3711,65536,5.66
saranda_train_00025,saranda,train,data/processed/patches/saranda/train/saranda_train_00025_t1.npy,data/processed/patches/saranda/train/saranda_train_00025_t2.npy,data/processed/patches/saranda/train/saranda_train_00025_label.npy,256,12,5809,65536,8.86
saranda_train_00026,saranda,train,data/processed/patches/saranda/train/saranda_train_00026_t1.npy,data/processed/patches/saranda/train/saranda_train_00026_t2.npy,data/processed/patches/saranda/train/saranda_train_00026_label.npy,256,12,5915,65536,9.03
saranda_train_00027,saranda,train,data/processed/patches/saranda/train/saranda_train_00027_t1.npy,data/processed/patches/saranda/train/saranda_train_00027_t2.npy,data/processed/patches/saranda/train/saranda_train_00027_label.npy,256,12,5118,65536,7.81
saranda_train_00028,saranda,train,data/processed/patches/saranda/train/saranda_train_00028_t1.npy,data/processed/patches/saranda/train/saranda_train_00028_t2.npy,data/processed/patches/saranda/train/saranda_train_00028_label.npy,256,12,3739,65536,5.71
saranda_train_00029,saranda,train,data/processed/patches/saranda/train/saranda_train_00029_t1.npy,data/processed/patches/saranda/train/saranda_train_00029_t2.npy,data/processed/patches/saranda/train/saranda_train_00029_label.npy,256,12,2815,65536,4.3
saranda_train_00030,saranda,train,data/processed/patches/saranda/train/saranda_train_00030_t1.npy,data/processed/patches/saranda/train/saranda_train_00030_t2.npy,data/processed/patches/saranda/train/saranda_train_00030_label.npy,256,12,4474,65536,6.83
saranda_train_00031,saranda,train,data/processed/patches/saranda/train/saranda_train_00031_t1.npy,data/processed/patches/saranda/train/saranda_train_00031_t2.npy,data/processed/patches/saranda/train/saranda_train_00031_label.npy,256,12,4565,65536,6.97
saranda_train_00032,saranda,train,data/processed/patches/saranda/train/saranda_train_00032_t1.npy,data/processed/patches/saranda/train/saranda_train_00032_t2.npy,data/processed/patches/saranda/train/saranda_train_00032_label.npy,256,12,3935,65536,6.0
saranda_train_00033,saranda,train,data/processed/patches/saranda/train/saranda_train_00033_t1.npy,data/processed/patches/saranda/train/saranda_train_00033_t2.npy,data/processed/patches/saranda/train/saranda_train_00033_label.npy,256,12,8179,65536,12.48
saranda_train_00034,saranda,train,data/processed/patches/saranda/train/saranda_train_00034_t1.npy,data/processed/patches/saranda/train/saranda_train_00034_t2.npy,data/processed/patches/saranda/train/saranda_train_00034_label.npy,256,12,2023,65536,3.09
saranda_train_00035,saranda,train,data/processed/patches/saranda/train/saranda_train_00035_t1.npy,data/processed/patches/saranda/train/saranda_train_00035_t2.npy,data/processed/patches/saranda/train/saranda_train_00035_label.npy,256,12,4111,65536,6.27
saranda_train_00036,saranda,train,data/processed/patches/saranda/train/saranda_train_00036_t1.npy,data/processed/patches/saranda/train/saranda_train_00036_t2.npy,data/processed/patches/saranda/train/saranda_train_00036_label.npy,256,12,3427,65536,5.23
saranda_train_00037,saranda,train,data/processed/patches/saranda/train/saranda_train_00037_t1.npy,data/processed/patches/saranda/train/saranda_train_00037_t2.npy,data/processed/patches/saranda/train/saranda_train_00037_label.npy,256,12,3254,65536,4.97
saranda_train_00038,saranda,train,data/processed/patches/saranda/train/saranda_train_00038_t1.npy,data/processed/patches/saranda/train/saranda_train_00038_t2.npy,data/processed/patches/saranda/train/saranda_train_00038_label.npy,256,12,5889,65536,8.99
saranda_train_00039,saranda,train,data/processed/patches/saranda/train/saranda_train_00039_t1.npy,data/processed/patches/saranda/train/saranda_train_00039_t2.npy,data/processed/patches/saranda/train/saranda_train_00039_label.npy,256,12,5711,65536,8.71
saranda_train_00040,saranda,train,data/processed/patches/saranda/train/saranda_train_00040_t1.npy,data/processed/patches/saranda/train/saranda_train_00040_t2.npy,data/processed/patches/saranda/train/saranda_train_00040_label.npy,256,12,6020,65536,9.19
saranda_train_00041,saranda,train,data/processed/patches/saranda/train/saranda_train_00041_t1.npy,data/processed/patches/saranda/train/saranda_train_00041_t2.npy,data/processed/patches/saranda/train/saranda_train_00041_label.npy,256,12,7324,65536,11.18
saranda_train_00042,saranda,train,data/processed/patches/saranda/train/saranda_train_00042_t1.npy,data/processed/patches/saranda/train/saranda_train_00042_t2.npy,data/processed/patches/saranda/train/saranda_train_00042_label.npy,256,12,4406,65536,6.72
saranda_train_00043,saranda,train,data/processed/patches/saranda/train/saranda_train_00043_t1.npy,data/processed/patches/saranda/train/saranda_train_00043_t2.npy,data/processed/patches/saranda/train/saranda_train_00043_label.npy,256,12,2267,65536,3.46
saranda_train_00044,saranda,train,data/processed/patches/saranda/train/saranda_train_00044_t1.npy,data/processed/patches/saranda/train/saranda_train_00044_t2.npy,data/processed/patches/saranda/train/saranda_train_00044_label.npy,256,12,1400,65536,2.14
saranda_train_00045,saranda,train,data/processed/patches/saranda/train/saranda_train_00045_t1.npy,data/processed/patches/saranda/train/saranda_train_00045_t2.npy,data/processed/patches/saranda/train/saranda_train_00045_label.npy,256,12,3427,65536,5.23
saranda_train_00046,saranda,train,data/processed/patches/saranda/train/saranda_train_00046_t1.npy,data/processed/patches/saranda/train/saranda_train_00046_t2.npy,data/processed/patches/saranda/train/saranda_train_00046_label.npy,256,12,6266,65536,9.56
saranda_train_00047,saranda,train,data/processed/patches/saranda/train/saranda_train_00047_t1.npy,data/processed/patches/saranda/train/saranda_train_00047_t2.npy,data/processed/patches/saranda/train/saranda_train_00047_label.npy,256,12,1504,65536,2.29
saranda_train_00048,saranda,train,data/processed/patches/saranda/train/saranda_train_00048_t1.npy,data/processed/patches/saranda/train/saranda_train_00048_t2.npy,data/processed/patches/saranda/train/saranda_train_00048_label.npy,256,12,3552,65536,5.42
saranda_train_00049,saranda,train,data/processed/patches/saranda/train/saranda_train_00049_t1.npy,data/processed/patches/saranda/train/saranda_train_00049_t2.npy,data/processed/patches/saranda/train/saranda_train_00049_label.npy,256,12,2414,65536,3.68
saranda_train_00050,saranda,train,data/processed/patches/saranda/train/saranda_train_00050_t1.npy,data/processed/patches/saranda/train/saranda_train_00050_t2.npy,data/processed/patches/saranda/train/saranda_train_00050_label.npy,256,12,3516,65536,5.36
saranda_train_00051,saranda,train,data/processed/patches/saranda/train/saranda_train_00051_t1.npy,data/processed/patches/saranda/train/saranda_train_00051_t2.npy,data/processed/patches/saranda/train/saranda_train_00051_label.npy,256,12,3718,65536,5.67
saranda_train_00052,saranda,train,data/processed/patches/saranda/train/saranda_train_00052_t1.npy,data/processed/patches/saranda/train/saranda_train_00052_t2.npy,data/processed/patches/saranda/train/saranda_train_00052_label.npy,256,12,4955,65536,7.56
saranda_train_00053,saranda,train,data/processed/patches/saranda/train/saranda_train_00053_t1.npy,data/processed/patches/saranda/train/saranda_train_00053_t2.npy,data/processed/patches/saranda/train/saranda_train_00053_label.npy,256,12,6602,65536,10.07
saranda_train_00054,saranda,train,data/processed/patches/saranda/train/saranda_train_00054_t1.npy,data/processed/patches/saranda/train/saranda_train_00054_t2.npy,data/processed/patches/saranda/train/saranda_train_00054_label.npy,256,12,3864,65536,5.9
saranda_train_00055,saranda,train,data/processed/patches/saranda/train/saranda_train_00055_t1.npy,data/processed/patches/saranda/train/saranda_train_00055_t2.npy,data/processed/patches/saranda/train/saranda_train_00055_label.npy,256,12,4555,65536,6.95
saranda_train_00056,saranda,train,data/processed/patches/saranda/train/saranda_train_00056_t1.npy,data/processed/patches/saranda/train/saranda_train_00056_t2.npy,data/processed/patches/saranda/train/saranda_train_00056_label.npy,256,12,2563,65536,3.91
saranda_train_00057,saranda,train,data/processed/patches/saranda/train/saranda_train_00057_t1.npy,data/processed/patches/saranda/train/saranda_train_00057_t2.npy,data/processed/patches/saranda/train/saranda_train_00057_label.npy,256,12,5083,65536,7.76
saranda_train_00058,saranda,train,data/processed/patches/saranda/train/saranda_train_00058_t1.npy,data/processed/patches/saranda/train/saranda_train_00058_t2.npy,data/processed/patches/saranda/train/saranda_train_00058_label.npy,256,12,3616,65536,5.52
saranda_train_00059,saranda,train,data/processed/patches/saranda/train/saranda_train_00059_t1.npy,data/processed/patches/saranda/train/saranda_train_00059_t2.npy,data/processed/patches/saranda/train/saranda_train_00059_label.npy,256,12,5605,65536,8.55
saranda_train_00060,saranda,train,data/processed/patches/saranda/train/saranda_train_00060_t1.npy,data/processed/patches/saranda/train/saranda_train_00060_t2.npy,data/processed/patches/saranda/train/saranda_train_00060_label.npy,256,12,6788,65536,10.36
saranda_train_00061,saranda,train,data/processed/patches/saranda/train/saranda_train_00061_t1.npy,data/processed/patches/saranda/train/saranda_train_00061_t2.npy,data/processed/patches/saranda/train/saranda_train_00061_label.npy,256,12,2358,65536,3.6
saranda_train_00062,saranda,train,data/processed/patches/saranda/train/saranda_train_00062_t1.npy,data/processed/patches/saranda/train/saranda_train_00062_t2.npy,data/processed/patches/saranda/train/saranda_train_00062_label.npy,256,12,2601,65536,3.97
saranda_train_00063,saranda,train,data/processed/patches/saranda/train/saranda_train_00063_t1.npy,data/processed/patches/saranda/train/saranda_train_00063_t2.npy,data/processed/patches/saranda/train/saranda_train_00063_label.npy,256,12,2961,65536,4.52
saranda_train_00064,saranda,train,data/processed/patches/saranda/train/saranda_train_00064_t1.npy,data/processed/patches/saranda/train/saranda_train_00064_t2.npy,data/processed/patches/saranda/train/saranda_train_00064_label.npy,256,12,3848,65536,5.87
saranda_train_00065,saranda,train,data/processed/patches/saranda/train/saranda_train_00065_t1.npy,data/processed/patches/saranda/train/saranda_train_00065_t2.npy,data/processed/patches/saranda/train/saranda_train_00065_label.npy,256,12,7147,65536,10.91
saranda_train_00066,saranda,train,data/processed/patches/saranda/train/saranda_train_00066_t1.npy,data/processed/patches/saranda/train/saranda_train_00066_t2.npy,data/processed/patches/saranda/train/saranda_train_00066_label.npy,256,12,5636,65536,8.6
saranda_train_00067,saranda,train,data/processed/patches/saranda/train/saranda_train_00067_t1.npy,data/processed/patches/saranda/train/saranda_train_00067_t2.npy,data/processed/patches/saranda/train/saranda_train_00067_label.npy,256,12,3666,65536,5.59
saranda_train_00068,saranda,train,data/processed/patches/saranda/train/saranda_train_00068_t1.npy,data/processed/patches/saranda/train/saranda_train_00068_t2.npy,data/processed/patches/saranda/train/saranda_train_00068_label.npy,256,12,5458,65536,8.33
saranda_train_00069,saranda,train,data/processed/patches/saranda/train/saranda_train_00069_t1.npy,data/processed/patches/saranda/train/saranda_train_00069_t2.npy,data/processed/patches/saranda/train/saranda_train_00069_label.npy,256,12,6802,65536,10.38
saranda_train_00070,saranda,train,data/processed/patches/saranda/train/saranda_train_00070_t1.npy,data/processed/patches/saranda/train/saranda_train_00070_t2.npy,data/processed/patches/saranda/train/saranda_train_00070_label.npy,256,12,4099,65536,6.25
saranda_train_00071,saranda,train,data/processed/patches/saranda/train/saranda_train_00071_t1.npy,data/processed/patches/saranda/train/saranda_train_00071_t2.npy,data/processed/patches/saranda/train/saranda_train_00071_label.npy,256,12,323,65536,0.49
saranda_train_00072,saranda,train,data/processed/patches/saranda/train/saranda_train_00072_t1.npy,data/processed/patches/saranda/train/saranda_train_00072_t2.npy,data/processed/patches/saranda/train/saranda_train_00072_label.npy,256,12,1876,65536,2.86
saranda_train_00073,saranda,train,data/processed/patches/saranda/train/saranda_train_00073_t1.npy,data/processed/patches/saranda/train/saranda_train_00073_t2.npy,data/processed/patches/saranda/train/saranda_train_00073_label.npy,256,12,1381,65536,2.11
saranda_train_00074,saranda,train,data/processed/patches/saranda/train/saranda_train_00074_t1.npy,data/processed/patches/saranda/train/saranda_train_00074_t2.npy,data/processed/patches/saranda/train/saranda_train_00074_label.npy,256,12,4765,65536,7.27
saranda_train_00075,saranda,train,data/processed/patches/saranda/train/saranda_train_00075_t1.npy,data/processed/patches/saranda/train/saranda_train_00075_t2.npy,data/processed/patches/saranda/train/saranda_train_00075_label.npy,256,12,4913,65536,7.5
saranda_train_00076,saranda,train,data/processed/patches/saranda/train/saranda_train_00076_t1.npy,data/processed/patches/saranda/train/saranda_train_00076_t2.npy,data/processed/patches/saranda/train/saranda_train_00076_label.npy,256,12,2317,65536,3.54
saranda_train_00077,saranda,train,data/processed/patches/saranda/train/saranda_train_00077_t1.npy,data/processed/patches/saranda/train/saranda_train_00077_t2.npy,data/processed/patches/saranda/train/saranda_train_00077_label.npy,256,12,4727,65536,7.21
saranda_train_00078,saranda,train,data/processed/patches/saranda/train/saranda_train_00078_t1.npy,data/processed/patches/saranda/train/saranda_train_00078_t2.npy,data/processed/patches/saranda/train/saranda_train_00078_label.npy,256,12,4639,65536,7.08
saranda_train_00079,saranda,train,data/processed/patches/saranda/train/saranda_train_00079_t1.npy,data/processed/patches/saranda/train/saranda_train_00079_t2.npy,data/processed/patches/saranda/train/saranda_train_00079_label.npy,256,12,4906,65536,7.49
saranda_train_00080,saranda,train,data/processed/patches/saranda/train/saranda_train_00080_t1.npy,data/processed/patches/saranda/train/saranda_train_00080_t2.npy,data/processed/patches/saranda/train/saranda_train_00080_label.npy,256,12,3684,65536,5.62
saranda_train_00081,saranda,train,data/processed/patches/saranda/train/saranda_train_00081_t1.npy,data/processed/patches/saranda/train/saranda_train_00081_t2.npy,data/processed/patches/saranda/train/saranda_train_00081_label.npy,256,12,5221,65536,7.97
saranda_train_00082,saranda,train,data/processed/patches/saranda/train/saranda_train_00082_t1.npy,data/processed/patches/saranda/train/saranda_train_00082_t2.npy,data/processed/patches/saranda/train/saranda_train_00082_label.npy,256,12,4563,65536,6.96
saranda_train_00083,saranda,train,data/processed/patches/saranda/train/saranda_train_00083_t1.npy,data/processed/patches/saranda/train/saranda_train_00083_t2.npy,data/processed/patches/saranda/train/saranda_train_00083_label.npy,256,12,3587,65536,5.47
saranda_train_00084,saranda,train,data/processed/patches/saranda/train/saranda_train_00084_t1.npy,data/processed/patches/saranda/train/saranda_train_00084_t2.npy,data/processed/patches/saranda/train/saranda_train_00084_label.npy,256,12,2325,65536,3.55
saranda_train_00085,saranda,train,data/processed/patches/saranda/train/saranda_train_00085_t1.npy,data/processed/patches/saranda/train/saranda_train_00085_t2.npy,data/processed/patches/saranda/train/saranda_train_00085_label.npy,256,12,2106,65536,3.21
saranda_train_00086,saranda,train,data/processed/patches/saranda/train/saranda_train_00086_t1.npy,data/processed/patches/saranda/train/saranda_train_00086_t2.npy,data/processed/patches/saranda/train/saranda_train_00086_label.npy,256,12,5181,65536,7.91
saranda_train_00087,saranda,train,data/processed/patches/saranda/train/saranda_train_00087_t1.npy,data/processed/patches/saranda/train/saranda_train_00087_t2.npy,data/processed/patches/saranda/train/saranda_train_00087_label.npy,256,12,3308,65536,5.05
saranda_train_00088,saranda,train,data/processed/patches/saranda/train/saranda_train_00088_t1.npy,data/processed/patches/saranda/train/saranda_train_00088_t2.npy,data/processed/patches/saranda/train/saranda_train_00088_label.npy,256,12,3943,65536,6.02
saranda_train_00089,saranda,train,data/processed/patches/saranda/train/saranda_train_00089_t1.npy,data/processed/patches/saranda/train/saranda_train_00089_t2.npy,data/processed/patches/saranda/train/saranda_train_00089_label.npy,256,12,1605,65536,2.45
saranda_train_00090,saranda,train,data/processed/patches/saranda/train/saranda_train_00090_t1.npy,data/processed/patches/saranda/train/saranda_train_00090_t2.npy,data/processed/patches/saranda/train/saranda_train_00090_label.npy,256,12,5713,65536,8.72
saranda_train_00091,saranda,train,data/processed/patches/saranda/train/saranda_train_00091_t1.npy,data/processed/patches/saranda/train/saranda_train_00091_t2.npy,data/processed/patches/saranda/train/saranda_train_00091_label.npy,256,12,912,65536,1.39
saranda_train_00092,saranda,train,data/processed/patches/saranda/train/saranda_train_00092_t1.npy,data/processed/patches/saranda/train/saranda_train_00092_t2.npy,data/processed/patches/saranda/train/saranda_train_00092_label.npy,256,12,456,65536,0.7
saranda_train_00093,saranda,train,data/processed/patches/saranda/train/saranda_train_00093_t1.npy,data/processed/patches/saranda/train/saranda_train_00093_t2.npy,data/processed/patches/saranda/train/saranda_train_00093_label.npy,256,12,6180,65536,9.43
saranda_train_00094,saranda,train,data/processed/patches/saranda/train/saranda_train_00094_t1.npy,data/processed/patches/saranda/train/saranda_train_00094_t2.npy,data/processed/patches/saranda/train/saranda_train_00094_label.npy,256,12,249,65536,0.38
saranda_train_00095,saranda,train,data/processed/patches/saranda/train/saranda_train_00095_t1.npy,data/processed/patches/saranda/train/saranda_train_00095_t2.npy,data/processed/patches/saranda/train/saranda_train_00095_label.npy,256,12,5853,65536,8.93
saranda_train_00096,saranda,train,data/processed/patches/saranda/train/saranda_train_00096_t1.npy,data/processed/patches/saranda/train/saranda_train_00096_t2.npy,data/processed/patches/saranda/train/saranda_train_00096_label.npy,256,12,5325,65536,8.13
saranda_train_00097,saranda,train,data/processed/patches/saranda/train/saranda_train_00097_t1.npy,data/processed/patches/saranda/train/saranda_train_00097_t2.npy,data/processed/patches/saranda/train/saranda_train_00097_label.npy,256,12,4039,65536,6.16
saranda_train_00098,saranda,train,data/processed/patches/saranda/train/saranda_train_00098_t1.npy,data/processed/patches/saranda/train/saranda_train_00098_t2.npy,data/processed/patches/saranda/train/saranda_train_00098_label.npy,256,12,1417,65536,2.16
saranda_train_00099,saranda,train,data/processed/patches/saranda/train/saranda_train_00099_t1.npy,data/processed/patches/saranda/train/saranda_train_00099_t2.npy,data/processed/patches/saranda/train/saranda_train_00099_label.npy,256,12,4630,65536,7.06
saranda_train_00100,saranda,train,data/processed/patches/saranda/train/saranda_train_00100_t1.npy,data/processed/patches/saranda/train/saranda_train_00100_t2.npy,data/processed/patches/saranda/train/saranda_train_00100_label.npy,256,12,3593,65536,5.48
saranda_train_00101,saranda,train,data/processed/patches/saranda/train/saranda_train_00101_t1.npy,data/processed/patches/saranda/train/saranda_train_00101_t2.npy,data/processed/patches/saranda/train/saranda_train_00101_label.npy,256,12,3674,65536,5.61
saranda_train_00102,saranda,train,data/processed/patches/saranda/train/saranda_train_00102_t1.npy,data/processed/patches/saranda/train/saranda_train_00102_t2.npy,data/processed/patches/saranda/train/saranda_train_00102_label.npy,256,12,3880,65536,5.92
saranda_train_00103,saranda,train,data/processed/patches/saranda/train/saranda_train_00103_t1.npy,data/processed/patches/saranda/train/saranda_train_00103_t2.npy,data/processed/patches/saranda/train/saranda_train_00103_label.npy,256,12,7389,65536,11.27
saranda_train_00104,saranda,train,data/processed/patches/saranda/train/saranda_train_00104_t1.npy,data/processed/patches/saranda/train/saranda_train_00104_t2.npy,data/processed/patches/saranda/train/saranda_train_00104_label.npy,256,12,6486,65536,9.9
saranda_train_00105,saranda,train,data/processed/patches/saranda/train/saranda_train_00105_t1.npy,data/processed/patches/saranda/train/saranda_train_00105_t2.npy,data/processed/patches/saranda/train/saranda_train_00105_label.npy,256,12,5966,65536,9.1
saranda_train_00106,saranda,train,data/processed/patches/saranda/train/saranda_train_00106_t1.npy,data/processed/patches/saranda/train/saranda_train_00106_t2.npy,data/processed/patches/saranda/train/saranda_train_00106_label.npy,256,12,3857,65536,5.89
saranda_train_00107,saranda,train,data/processed/patches/saranda/train/saranda_train_00107_t1.npy,data/processed/patches/saranda/train/saranda_train_00107_t2.npy,data/processed/patches/saranda/train/saranda_train_00107_label.npy,256,12,4711,65536,7.19
saranda_train_00108,saranda,train,data/processed/patches/saranda/train/saranda_train_00108_t1.npy,data/processed/patches/saranda/train/saranda_train_00108_t2.npy,data/processed/patches/saranda/train/saranda_train_00108_label.npy,256,12,4233,65536,6.46
saranda_train_00109,saranda,train,data/processed/patches/saranda/train/saranda_train_00109_t1.npy,data/processed/patches/saranda/train/saranda_train_00109_t2.npy,data/processed/patches/saranda/train/saranda_train_00109_label.npy,256,12,4963,65536,7.57
saranda_train_00110,saranda,train,data/processed/patches/saranda/train/saranda_train_00110_t1.npy,data/processed/patches/saranda/train/saranda_train_00110_t2.npy,data/processed/patches/saranda/train/saranda_train_00110_label.npy,256,12,5304,65536,8.09
saranda_train_00111,saranda,train,data/processed/patches/saranda/train/saranda_train_00111_t1.npy,data/processed/patches/saranda/train/saranda_train_00111_t2.npy,data/processed/patches/saranda/train/saranda_train_00111_label.npy,256,12,3259,65536,4.97
saranda_train_00112,saranda,train,data/processed/patches/saranda/train/saranda_train_00112_t1.npy,data/processed/patches/saranda/train/saranda_train_00112_t2.npy,data/processed/patches/saranda/train/saranda_train_00112_label.npy,256,12,7562,65536,11.54
saranda_train_00113,saranda,train,data/processed/patches/saranda/train/saranda_train_00113_t1.npy,data/processed/patches/saranda/train/saranda_train_00113_t2.npy,data/processed/patches/saranda/train/saranda_train_00113_label.npy,256,12,3572,65536,5.45
saranda_train_00114,saranda,train,data/processed/patches/saranda/train/saranda_train_00114_t1.npy,data/processed/patches/saranda/train/saranda_train_00114_t2.npy,data/processed/patches/saranda/train/saranda_train_00114_label.npy,256,12,6903,65536,10.53
saranda_train_00115,saranda,train,data/processed/patches/saranda/train/saranda_train_00115_t1.npy,data/processed/patches/saranda/train/saranda_train_00115_t2.npy,data/processed/patches/saranda/train/saranda_train_00115_label.npy,256,12,5340,65536,8.15
saranda_train_00116,saranda,train,data/processed/patches/saranda/train/saranda_train_00116_t1.npy,data/processed/patches/saranda/train/saranda_train_00116_t2.npy,data/processed/patches/saranda/train/saranda_train_00116_label.npy,256,12,5933,65536,9.05
saranda_train_00117,saranda,train,data/processed/patches/saranda/train/saranda_train_00117_t1.npy,data/processed/patches/saranda/train/saranda_train_00117_t2.npy,data/processed/patches/saranda/train/saranda_train_00117_label.npy,256,12,5875,65536,8.96
saranda_train_00118,saranda,train,data/processed/patches/saranda/train/saranda_train_00118_t1.npy,data/processed/patches/saranda/train/saranda_train_00118_t2.npy,data/processed/patches/saranda/train/saranda_train_00118_label.npy,256,12,2110,65536,3.22
saranda_train_00119,saranda,train,data/processed/patches/saranda/train/saranda_train_00119_t1.npy,data/processed/patches/saranda/train/saranda_train_00119_t2.npy,data/processed/patches/saranda/train/saranda_train_00119_label.npy,256,12,5840,65536,8.91
saranda_train_00120,saranda,train,data/processed/patches/saranda/train/saranda_train_00120_t1.npy,data/processed/patches/saranda/train/saranda_train_00120_t2.npy,data/processed/patches/saranda/train/saranda_train_00120_label.npy,256,12,4972,65536,7.59
saranda_train_00121,saranda,train,data/processed/patches/saranda/train/saranda_train_00121_t1.npy,data/processed/patches/saranda/train/saranda_train_00121_t2.npy,data/processed/patches/saranda/train/saranda_train_00121_label.npy,256,12,3217,65536,4.91
saranda_train_00122,saranda,train,data/processed/patches/saranda/train/saranda_train_00122_t1.npy,data/processed/patches/saranda/train/saranda_train_00122_t2.npy,data/processed/patches/saranda/train/saranda_train_00122_label.npy,256,12,5287,65536,8.07
saranda_train_00123,saranda,train,data/processed/patches/saranda/train/saranda_train_00123_t1.npy,data/processed/patches/saranda/train/saranda_train_00123_t2.npy,data/processed/patches/saranda/train/saranda_train_00123_label.npy,256,12,4122,65536,6.29
saranda_train_00124,saranda,train,data/processed/patches/saranda/train/saranda_train_00124_t1.npy,data/processed/patches/saranda/train/saranda_train_00124_t2.npy,data/processed/patches/saranda/train/saranda_train_00124_label.npy,256,12,5396,65536,8.23
saranda_train_00125,saranda,train,data/processed/patches/saranda/train/saranda_train_00125_t1.npy,data/processed/patches/saranda/train/saranda_train_00125_t2.npy,data/processed/patches/saranda/train/saranda_train_00125_label.npy,256,12,3737,65536,5.7
saranda_train_00126,saranda,train,data/processed/patches/saranda/train/saranda_train_00126_t1.npy,data/processed/patches/saranda/train/saranda_train_00126_t2.npy,data/processed/patches/saranda/train/saranda_train_00126_label.npy,256,12,4430,65536,6.76
saranda_train_00127,saranda,train,data/processed/patches/saranda/train/saranda_train_00127_t1.npy,data/processed/patches/saranda/train/saranda_train_00127_t2.npy,data/processed/patches/saranda/train/saranda_train_00127_label.npy,256,12,2456,65536,3.75
saranda_train_00128,saranda,train,data/processed/patches/saranda/train/saranda_train_00128_t1.npy,data/processed/patches/saranda/train/saranda_train_00128_t2.npy,data/processed/patches/saranda/train/saranda_train_00128_label.npy,256,12,4747,65536,7.24
saranda_train_00129,saranda,train,data/processed/patches/saranda/train/saranda_train_00129_t1.npy,data/processed/patches/saranda/train/saranda_train_00129_t2.npy,data/processed/patches/saranda/train/saranda_train_00129_label.npy,256,12,5427,65536,8.28
saranda_train_00130,saranda,train,data/processed/patches/saranda/train/saranda_train_00130_t1.npy,data/processed/patches/saranda/train/saranda_train_00130_t2.npy,data/processed/patches/saranda/train/saranda_train_00130_label.npy,256,12,4955,65536,7.56
saranda_train_00131,saranda,train,data/processed/patches/saranda/train/saranda_train_00131_t1.npy,data/processed/patches/saranda/train/saranda_train_00131_t2.npy,data/processed/patches/saranda/train/saranda_train_00131_label.npy,256,12,2776,65536,4.24
saranda_train_00132,saranda,train,data/processed/patches/saranda/train/saranda_train_00132_t1.npy,data/processed/patches/saranda/train/saranda_train_00132_t2.npy,data/processed/patches/saranda/train/saranda_train_00132_label.npy,256,12,6120,65536,9.34
saranda_train_00133,saranda,train,data/processed/patches/saranda/train/saranda_train_00133_t1.npy,data/processed/patches/saranda/train/saranda_train_00133_t2.npy,data/processed/patches/saranda/train/saranda_train_00133_label.npy,256,12,2276,65536,3.47
saranda_train_00134,saranda,train,data/processed/patches/saranda/train/saranda_train_00134_t1.npy,data/processed/patches/saranda/train/saranda_train_00134_t2.npy,data/processed/patches/saranda/train/saranda_train_00134_label.npy,256,12,4552,65536,6.95
saranda_train_00135,saranda,train,data/processed/patches/saranda/train/saranda_train_00135_t1.npy,data/processed/patches/saranda/train/saranda_train_00135_t2.npy,data/processed/patches/saranda/train/saranda_train_00135_label.npy,256,12,4570,65536,6.97
saranda_train_00136,saranda,train,data/processed/patches/saranda/train/saranda_train_00136_t1.npy,data/processed/patches/saranda/train/saranda_train_00136_t2.npy,data/processed/patches/saranda/train/saranda_train_00136_label.npy,256,12,5621,65536,8.58
saranda_train_00137,saranda,train,data/processed/patches/saranda/train/saranda_train_00137_t1.npy,data/processed/patches/saranda/train/saranda_train_00137_t2.npy,data/processed/patches/saranda/train/saranda_train_00137_label.npy,256,12,3674,65536,5.61
saranda_train_00138,saranda,train,data/processed/patches/saranda/train/saranda_train_00138_t1.npy,data/processed/patches/saranda/train/saranda_train_00138_t2.npy,data/processed/patches/saranda/train/saranda_train_00138_label.npy,256,12,6630,65536,10.12
saranda_train_00139,saranda,train,data/processed/patches/saranda/train/saranda_train_00139_t1.npy,data/processed/patches/saranda/train/saranda_train_00139_t2.npy,data/processed/patches/saranda/train/saranda_train_00139_label.npy,256,12,1269,65536,1.94
saranda_train_00140,saranda,train,data/processed/patches/saranda/train/saranda_train_00140_t1.npy,data/processed/patches/saranda/train/saranda_train_00140_t2.npy,data/processed/patches/saranda/train/saranda_train_00140_label.npy,256,12,503,65536,0.77
saranda_train_00141,saranda,train,data/processed/patches/saranda/train/saranda_train_00141_t1.npy,data/processed/patches/saranda/train/saranda_train_00141_t2.npy,data/processed/patches/saranda/train/saranda_train_00141_label.npy,256,12,4595,65536,7.01
saranda_train_00142,saranda,train,data/processed/patches/saranda/train/saranda_train_00142_t1.npy,data/processed/patches/saranda/train/saranda_train_00142_t2.npy,data/processed/patches/saranda/train/saranda_train_00142_label.npy,256,12,3233,65536,4.93
saranda_train_00143,saranda,train,data/processed/patches/saranda/train/saranda_train_00143_t1.npy,data/processed/patches/saranda/train/saranda_train_00143_t2.npy,data/processed/patches/saranda/train/saranda_train_00143_label.npy,256,12,6007,65536,9.17
saranda_train_00144,saranda,train,data/processed/patches/saranda/train/saranda_train_00144_t1.npy,data/processed/patches/saranda/train/saranda_train_00144_t2.npy,data/processed/patches/saranda/train/saranda_train_00144_label.npy,256,12,7023,65536,10.72
saranda_train_00145,saranda,train,data/processed/patches/saranda/train/saranda_train_00145_t1.npy,data/processed/patches/saranda/train/saranda_train_00145_t2.npy,data/processed/patches/saranda/train/saranda_train_00145_label.npy,256,12,4514,65536,6.89
saranda_train_00146,saranda,train,data/processed/patches/saranda/train/saranda_train_00146_t1.npy,data/processed/patches/saranda/train/saranda_train_00146_t2.npy,data/processed/patches/saranda/train/saranda_train_00146_label.npy,256,12,2727,65536,4.16
saranda_train_00147,saranda,train,data/processed/patches/saranda/train/saranda_train_00147_t1.npy,data/processed/patches/saranda/train/saranda_train_00147_t2.npy,data/processed/patches/saranda/train/saranda_train_00147_label.npy,256,12,3893,65536,5.94
saranda_train_00148,saranda,train,data/processed/patches/saranda/train/saranda_train_00148_t1.npy,data/processed/patches/saranda/train/saranda_train_00148_t2.npy,data/processed/patches/saranda/train/saranda_train_00148_label.npy,256,12,3764,65536,5.74
saranda_train_00149,saranda,train,data/processed/patches/saranda/train/saranda_train_00149_t1.npy,data/processed/patches/saranda/train/saranda_train_00149_t2.npy,data/processed/patches/saranda/train/saranda_train_00149_label.npy,256,12,2440,65536,3.72
saranda_train_00150,saranda,train,data/processed/patches/saranda/train/saranda_train_00150_t1.npy,data/processed/patches/saranda/train/saranda_train_00150_t2.npy,data/processed/patches/saranda/train/saranda_train_00150_label.npy,256,12,3254,65536,4.97
saranda_train_00151,saranda,train,data/processed/patches/saranda/train/saranda_train_00151_t1.npy,data/processed/patches/saranda/train/saranda_train_00151_t2.npy,data/processed/patches/saranda/train/saranda_train_00151_label.npy,256,12,4189,65536,6.39
saranda_train_00152,saranda,train,data/processed/patches/saranda/train/saranda_train_00152_t1.npy,data/processed/patches/saranda/train/saranda_train_00152_t2.npy,data/processed/patches/saranda/train/saranda_train_00152_label.npy,256,12,4283,65536,6.54
saranda_train_00153,saranda,train,data/processed/patches/saranda/train/saranda_train_00153_t1.npy,data/processed/patches/saranda/train/saranda_train_00153_t2.npy,data/processed/patches/saranda/train/saranda_train_00153_label.npy,256,12,6529,65536,9.96
saranda_train_00154,saranda,train,data/processed/patches/saranda/train/saranda_train_00154_t1.npy,data/processed/patches/saranda/train/saranda_train_00154_t2.npy,data/processed/patches/saranda/train/saranda_train_00154_label.npy,256,12,3315,65536,5.06
saranda_train_00155,saranda,train,data/processed/patches/saranda/train/saranda_train_00155_t1.npy,data/processed/patches/saranda/train/saranda_train_00155_t2.npy,data/processed/patches/saranda/train/saranda_train_00155_label.npy,256,12,1439,65536,2.2
saranda_train_00156,saranda,train,data/processed/patches/saranda/train/saranda_train_00156_t1.npy,data/processed/patches/saranda/train/saranda_train_00156_t2.npy,data/processed/patches/saranda/train/saranda_train_00156_label.npy,256,12,4523,65536,6.9
saranda_train_00157,saranda,train,data/processed/patches/saranda/train/saranda_train_00157_t1.npy,data/processed/patches/saranda/train/saranda_train_00157_t2.npy,data/processed/patches/saranda/train/saranda_train_00157_label.npy,256,12,5088,65536,7.76
saranda_train_00158,saranda,train,data/processed/patches/saranda/train/saranda_train_00158_t1.npy,data/processed/patches/saranda/train/saranda_train_00158_t2.npy,data/processed/patches/saranda/train/saranda_train_00158_label.npy,256,12,659,65536,1.01
saranda_train_00159,saranda,train,data/processed/patches/saranda/train/saranda_train_00159_t1.npy,data/processed/patches/saranda/train/saranda_train_00159_t2.npy,data/processed/patches/saranda/train/saranda_train_00159_label.npy,256,12,3656,65536,5.58
saranda_train_00160,saranda,train,data/processed/patches/saranda/train/saranda_train_00160_t1.npy,data/processed/patches/saranda/train/saranda_train_00160_t2.npy,data/processed/patches/saranda/train/saranda_train_00160_label.npy,256,12,6547,65536,9.99
saranda_train_00161,saranda,train,data/processed/patches/saranda/train/saranda_train_00161_t1.npy,data/processed/patches/saranda/train/saranda_train_00161_t2.npy,data/processed/patches/saranda/train/saranda_train_00161_label.npy,256,12,6009,65536,9.17
saranda_train_00162,saranda,train,data/processed/patches/saranda/train/saranda_train_00162_t1.npy,data/processed/patches/saranda/train/saranda_train_00162_t2.npy,data/processed/patches/saranda/train/saranda_train_00162_label.npy,256,12,7656,65536,11.68
saranda_train_00163,saranda,train,data/processed/patches/saranda/train/saranda_train_00163_t1.npy,data/processed/patches/saranda/train/saranda_train_00163_t2.npy,data/processed/patches/saranda/train/saranda_train_00163_label.npy,256,12,3161,65536,4.82
saranda_train_00164,saranda,train,data/processed/patches/saranda/train/saranda_train_00164_t1.npy,data/processed/patches/saranda/train/saranda_train_00164_t2.npy,data/processed/patches/saranda/train/saranda_train_00164_label.npy,256,12,6002,65536,9.16
saranda_train_00165,saranda,train,data/processed/patches/saranda/train/saranda_train_00165_t1.npy,data/processed/patches/saranda/train/saranda_train_00165_t2.npy,data/processed/patches/saranda/train/saranda_train_00165_label.npy,256,12,3841,65536,5.86
saranda_train_00166,saranda,train,data/processed/patches/saranda/train/saranda_train_00166_t1.npy,data/processed/patches/saranda/train/saranda_train_00166_t2.npy,data/processed/patches/saranda/train/saranda_train_00166_label.npy,256,12,1177,65536,1.8
saranda_train_00167,saranda,train,data/processed/patches/saranda/train/saranda_train_00167_t1.npy,data/processed/patches/saranda/train/saranda_train_00167_t2.npy,data/processed/patches/saranda/train/saranda_train_00167_label.npy,256,12,2537,65536,3.87
saranda_train_00168,saranda,train,data/processed/patches/saranda/train/saranda_train_00168_t1.npy,data/processed/patches/saranda/train/saranda_train_00168_t2.npy,data/processed/patches/saranda/train/saranda_train_00168_label.npy,256,12,5294,65536,8.08
saranda_train_00169,saranda,train,data/processed/patches/saranda/train/saranda_train_00169_t1.npy,data/processed/patches/saranda/train/saranda_train_00169_t2.npy,data/processed/patches/saranda/train/saranda_train_00169_label.npy,256,12,3610,65536,5.51
saranda_train_00170,saranda,train,data/processed/patches/saranda/train/saranda_train_00170_t1.npy,data/processed/patches/saranda/train/saranda_train_00170_t2.npy,data/processed/patches/saranda/train/saranda_train_00170_label.npy,256,12,2924,65536,4.46
saranda_train_00171,saranda,train,data/processed/patches/saranda/train/saranda_train_00171_t1.npy,data/processed/patches/saranda/train/saranda_train_00171_t2.npy,data/processed/patches/saranda/train/saranda_train_00171_label.npy,256,12,4694,65536,7.16
saranda_train_00172,saranda,train,data/processed/patches/saranda/train/saranda_train_00172_t1.npy,data/processed/patches/saranda/train/saranda_train_00172_t2.npy,data/processed/patches/saranda/train/saranda_train_00172_label.npy,256,12,2958,65536,4.51
saranda_train_00173,saranda,train,data/processed/patches/saranda/train/saranda_train_00173_t1.npy,data/processed/patches/saranda/train/saranda_train_00173_t2.npy,data/processed/patches/saranda/train/saranda_train_00173_label.npy,256,12,4729,65536,7.22
saranda_train_00174,saranda,train,data/processed/patches/saranda/train/saranda_train_00174_t1.npy,data/processed/patches/saranda/train/saranda_train_00174_t2.npy,data/processed/patches/saranda/train/saranda_train_00174_label.npy,256,12,8500,65536,12.97
saranda_train_00175,saranda,train,data/processed/patches/saranda/train/saranda_train_00175_t1.npy,data/processed/patches/saranda/train/saranda_train_00175_t2.npy,data/processed/patches/saranda/train/saranda_train_00175_label.npy,256,12,2572,65536,3.92
saranda_train_00176,saranda,train,data/processed/patches/saranda/train/saranda_train_00176_t1.npy,data/processed/patches/saranda/train/saranda_train_00176_t2.npy,data/processed/patches/saranda/train/saranda_train_00176_label.npy,256,12,2266,65536,3.46
saranda_train_00177,saranda,train,data/processed/patches/saranda/train/saranda_train_00177_t1.npy,data/processed/patches/saranda/train/saranda_train_00177_t2.npy,data/processed/patches/saranda/train/saranda_train_00177_label.npy,256,12,6593,65536,10.06
saranda_train_00178,saranda,train,data/processed/patches/saranda/train/saranda_train_00178_t1.npy,data/processed/patches/saranda/train/saranda_train_00178_t2.npy,data/processed/patches/saranda/train/saranda_train_00178_label.npy,256,12,3852,65536,5.88
saranda_train_00179,saranda,train,data/processed/patches/saranda/train/saranda_train_00179_t1.npy,data/processed/patches/saranda/train/saranda_train_00179_t2.npy,data/processed/patches/saranda/train/saranda_train_00179_label.npy,256,12,3864,65536,5.9
saranda_train_00180,saranda,train,data/processed/patches/saranda/train/saranda_train_00180_t1.npy,data/processed/patches/saranda/train/saranda_train_00180_t2.npy,data/processed/patches/saranda/train/saranda_train_00180_label.npy,256,12,4165,65536,6.36
saranda_train_00181,saranda,train,data/processed/patches/saranda/train/saranda_train_00181_t1.npy,data/processed/patches/saranda/train/saranda_train_00181_t2.npy,data/processed/patches/saranda/train/saranda_train_00181_label.npy,256,12,7196,65536,10.98
saranda_train_00182,saranda,train,data/processed/patches/saranda/train/saranda_train_00182_t1.npy,data/processed/patches/saranda/train/saranda_train_00182_t2.npy,data/processed/patches/saranda/train/saranda_train_00182_label.npy,256,12,5362,65536,8.18
saranda_train_00183,saranda,train,data/processed/patches/saranda/train/saranda_train_00183_t1.npy,data/processed/patches/saranda/train/saranda_train_00183_t2.npy,data/processed/patches/saranda/train/saranda_train_00183_label.npy,256,12,4886,65536,7.46
saranda_train_00184,saranda,train,data/processed/patches/saranda/train/saranda_train_00184_t1.npy,data/processed/patches/saranda/train/saranda_train_00184_t2.npy,data/processed/patches/saranda/train/saranda_train_00184_label.npy,256,12,5907,65536,9.01
saranda_train_00185,saranda,train,data/processed/patches/saranda/train/saranda_train_00185_t1.npy,data/processed/patches/saranda/train/saranda_train_00185_t2.npy,data/processed/patches/saranda/train/saranda_train_00185_label.npy,256,12,9412,65536,14.36
saranda_train_00186,saranda,train,data/processed/patches/saranda/train/saranda_train_00186_t1.npy,data/processed/patches/saranda/train/saranda_train_00186_t2.npy,data/processed/patches/saranda/train/saranda_train_00186_label.npy,256,12,4230,65536,6.45
saranda_train_00187,saranda,train,data/processed/patches/saranda/train/saranda_train_00187_t1.npy,data/processed/patches/saranda/train/saranda_train_00187_t2.npy,data/processed/patches/saranda/train/saranda_train_00187_label.npy,256,12,3244,65536,4.95
saranda_train_00188,saranda,train,data/processed/patches/saranda/train/saranda_train_00188_t1.npy,data/processed/patches/saranda/train/saranda_train_00188_t2.npy,data/processed/patches/saranda/train/saranda_train_00188_label.npy,256,12,5617,65536,8.57
saranda_train_00189,saranda,train,data/processed/patches/saranda/train/saranda_train_00189_t1.npy,data/processed/patches/saranda/train/saranda_train_00189_t2.npy,data/processed/patches/saranda/train/saranda_train_00189_label.npy,256,12,5079,65536,7.75
saranda_train_00190,saranda,train,data/processed/patches/saranda/train/saranda_train_00190_t1.npy,data/processed/patches/saranda/train/saranda_train_00190_t2.npy,data/processed/patches/saranda/train/saranda_train_00190_label.npy,256,12,2251,65536,3.43
saranda_train_00191,saranda,train,data/processed/patches/saranda/train/saranda_train_00191_t1.npy,data/processed/patches/saranda/train/saranda_train_00191_t2.npy,data/processed/patches/saranda/train/saranda_train_00191_label.npy,256,12,4899,65536,7.48
saranda_train_00192,saranda,train,data/processed/patches/saranda/train/saranda_train_00192_t1.npy,data/processed/patches/saranda/train/saranda_train_00192_t2.npy,data/processed/patches/saranda/train/saranda_train_00192_label.npy,256,12,2655,65536,4.05
saranda_train_00193,saranda,train,data/processed/patches/saranda/train/saranda_train_00193_t1.npy,data/processed/patches/saranda/train/saranda_train_00193_t2.npy,data/processed/patches/saranda/train/saranda_train_00193_label.npy,256,12,4825,65536,7.36
saranda_train_00194,saranda,train,data/processed/patches/saranda/train/saranda_train_00194_t1.npy,data/processed/patches/saranda/train/saranda_train_00194_t2.npy,data/processed/patches/saranda/train/saranda_train_00194_label.npy,256,12,3986,65536,6.08
saranda_train_00195,saranda,train,data/processed/patches/saranda/train/saranda_train_00195_t1.npy,data/processed/patches/saranda/train/saranda_train_00195_t2.npy,data/processed/patches/saranda/train/saranda_train_00195_label.npy,256,12,4825,65536,7.36
saranda_train_00196,saranda,train,data/processed/patches/saranda/train/saranda_train_00196_t1.npy,data/processed/patches/saranda/train/saranda_train_00196_t2.npy,data/processed/patches/saranda/train/saranda_train_00196_label.npy,256,12,6538,65536,9.98
saranda_train_00197,saranda,train,data/processed/patches/saranda/train/saranda_train_00197_t1.npy,data/processed/patches/saranda/train/saranda_train_00197_t2.npy,data/processed/patches/saranda/train/saranda_train_00197_label.npy,256,12,1846,65536,2.82
saranda_train_00198,saranda,train,data/processed/patches/saranda/train/saranda_train_00198_t1.npy,data/processed/patches/saranda/train/saranda_train_00198_t2.npy,data/processed/patches/saranda/train/saranda_train_00198_label.npy,256,12,4088,65536,6.24
saranda_train_00199,saranda,train,data/processed/patches/saranda/train/saranda_train_00199_t1.npy,data/processed/patches/saranda/train/saranda_train_00199_t2.npy,data/processed/patches/saranda/train/saranda_train_00199_label.npy,256,12,4418,65536,6.74
saranda_train_00200,saranda,train,data/processed/patches/saranda/train/saranda_train_00200_t1.npy,data/processed/patches/saranda/train/saranda_train_00200_t2.npy,data/processed/patches/saranda/train/saranda_train_00200_label.npy,256,12,5751,65536,8.78
saranda_train_00201,saranda,train,data/processed/patches/saranda/train/saranda_train_00201_t1.npy,data/processed/patches/saranda/train/saranda_train_00201_t2.npy,data/processed/patches/saranda/train/saranda_train_00201_label.npy,256,12,6525,65536,9.96
saranda_train_00202,saranda,train,data/processed/patches/saranda/train/saranda_train_00202_t1.npy,data/processed/patches/saranda/train/saranda_train_00202_t2.npy,data/processed/patches/saranda/train/saranda_train_00202_label.npy,256,12,3907,65536,5.96
saranda_train_00203,saranda,train,data/processed/patches/saranda/train/saranda_train_00203_t1.npy,data/processed/patches/saranda/train/saranda_train_00203_t2.npy,data/processed/patches/saranda/train/saranda_train_00203_label.npy,256,12,6593,65536,10.06
saranda_train_00204,saranda,train,data/processed/patches/saranda/train/saranda_train_00204_t1.npy,data/processed/patches/saranda/train/saranda_train_00204_t2.npy,data/processed/patches/saranda/train/saranda_train_00204_label.npy,256,12,6733,65536,10.27
saranda_train_00205,saranda,train,data/processed/patches/saranda/train/saranda_train_00205_t1.npy,data/processed/patches/saranda/train/saranda_train_00205_t2.npy,data/processed/patches/saranda/train/saranda_train_00205_label.npy,256,12,6876,65536,10.49
saranda_train_00206,saranda,train,data/processed/patches/saranda/train/saranda_train_00206_t1.npy,data/processed/patches/saranda/train/saranda_train_00206_t2.npy,data/processed/patches/saranda/train/saranda_train_00206_label.npy,256,12,5288,65536,8.07
saranda_train_00207,saranda,train,data/processed/patches/saranda/train/saranda_train_00207_t1.npy,data/processed/patches/saranda/train/saranda_train_00207_t2.npy,data/processed/patches/saranda/train/saranda_train_00207_label.npy,256,12,3718,65536,5.67
saranda_train_00208,saranda,train,data/processed/patches/saranda/train/saranda_train_00208_t1.npy,data/processed/patches/saranda/train/saranda_train_00208_t2.npy,data/processed/patches/saranda/train/saranda_train_00208_label.npy,256,12,5830,65536,8.9
saranda_train_00209,saranda,train,data/processed/patches/saranda/train/saranda_train_00209_t1.npy,data/processed/patches/saranda/train/saranda_train_00209_t2.npy,data/processed/patches/saranda/train/saranda_train_00209_label.npy,256,12,3526,65536,5.38
saranda_train_00210,saranda,train,data/processed/patches/saranda/train/saranda_train_00210_t1.npy,data/processed/patches/saranda/train/saranda_train_00210_t2.npy,data/processed/patches/saranda/train/saranda_train_00210_label.npy,256,12,5093,65536,7.77
saranda_train_00211,saranda,train,data/processed/patches/saranda/train/saranda_train_00211_t1.npy,data/processed/patches/saranda/train/saranda_train_00211_t2.npy,data/processed/patches/saranda/train/saranda_train_00211_label.npy,256,12,5596,65536,8.54
saranda_train_00212,saranda,train,data/processed/patches/saranda/train/saranda_train_00212_t1.npy,data/processed/patches/saranda/train/saranda_train_00212_t2.npy,data/processed/patches/saranda/train/saranda_train_00212_label.npy,256,12,4160,65536,6.35
saranda_train_00213,saranda,train,data/processed/patches/saranda/train/saranda_train_00213_t1.npy,data/processed/patches/saranda/train/saranda_train_00213_t2.npy,data/processed/patches/saranda/train/saranda_train_00213_label.npy,256,12,4437,65536,6.77
saranda_train_00214,saranda,train,data/processed/patches/saranda/train/saranda_train_00214_t1.npy,data/processed/patches/saranda/train/saranda_train_00214_t2.npy,data/processed/patches/saranda/train/saranda_train_00214_label.npy,256,12,6324,65536,9.65
saranda_train_00215,saranda,train,data/processed/patches/saranda/train/saranda_train_00215_t1.npy,data/processed/patches/saranda/train/saranda_train_00215_t2.npy,data/processed/patches/saranda/train/saranda_train_00215_label.npy,256,12,5127,65536,7.82
saranda_train_00216,saranda,train,data/processed/patches/saranda/train/saranda_train_00216_t1.npy,data/processed/patches/saranda/train/saranda_train_00216_t2.npy,data/processed/patches/saranda/train/saranda_train_00216_label.npy,256,12,3664,65536,5.59
saranda_train_00217,saranda,train,data/processed/patches/saranda/train/saranda_train_00217_t1.npy,data/processed/patches/saranda/train/saranda_train_00217_t2.npy,data/processed/patches/saranda/train/saranda_train_00217_label.npy,256,12,3676,65536,5.61
saranda_train_00218,saranda,train,data/processed/patches/saranda/train/saranda_train_00218_t1.npy,data/processed/patches/saranda/train/saranda_train_00218_t2.npy,data/processed/patches/saranda/train/saranda_train_00218_label.npy,256,12,3174,65536,4.84
saranda_train_00219,saranda,train,data/processed/patches/saranda/train/saranda_train_00219_t1.npy,data/processed/patches/saranda/train/saranda_train_00219_t2.npy,data/processed/patches/saranda/train/saranda_train_00219_label.npy,256,12,3993,65536,6.09
saranda_train_00220,saranda,train,data/processed/patches/saranda/train/saranda_train_00220_t1.npy,data/processed/patches/saranda/train/saranda_train_00220_t2.npy,data/processed/patches/saranda/train/saranda_train_00220_label.npy,256,12,4668,65536,7.12
saranda_train_00221,saranda,train,data/processed/patches/saranda/train/saranda_train_00221_t1.npy,data/processed/patches/saranda/train/saranda_train_00221_t2.npy,data/processed/patches/saranda/train/saranda_train_00221_label.npy,256,12,3805,65536,5.81
saranda_train_00222,saranda,train,data/processed/patches/saranda/train/saranda_train_00222_t1.npy,data/processed/patches/saranda/train/saranda_train_00222_t2.npy,data/processed/patches/saranda/train/saranda_train_00222_label.npy,256,12,3219,65536,4.91
saranda_train_00223,saranda,train,data/processed/patches/saranda/train/saranda_train_00223_t1.npy,data/processed/patches/saranda/train/saranda_train_00223_t2.npy,data/processed/patches/saranda/train/saranda_train_00223_label.npy,256,12,2057,65536,3.14
saranda_train_00224,saranda,train,data/processed/patches/saranda/train/saranda_train_00224_t1.npy,data/processed/patches/saranda/train/saranda_train_00224_t2.npy,data/processed/patches/saranda/train/saranda_train_00224_label.npy,256,12,6973,65536,10.64
saranda_train_00225,saranda,train,data/processed/patches/saranda/train/saranda_train_00225_t1.npy,data/processed/patches/saranda/train/saranda_train_00225_t2.npy,data/processed/patches/saranda/train/saranda_train_00225_label.npy,256,12,1579,65536,2.41
saranda_train_00226,saranda,train,data/processed/patches/saranda/train/saranda_train_00226_t1.npy,data/processed/patches/saranda/train/saranda_train_00226_t2.npy,data/processed/patches/saranda/train/saranda_train_00226_label.npy,256,12,1327,65536,2.02
saranda_train_00227,saranda,train,data/processed/patches/saranda/train/saranda_train_00227_t1.npy,data/processed/patches/saranda/train/saranda_train_00227_t2.npy,data/processed/patches/saranda/train/saranda_train_00227_label.npy,256,12,2376,65536,3.63
saranda_train_00228,saranda,train,data/processed/patches/saranda/train/saranda_train_00228_t1.npy,data/processed/patches/saranda/train/saranda_train_00228_t2.npy,data/processed/patches/saranda/train/saranda_train_00228_label.npy,256,12,1030,65536,1.57
saranda_train_00229,saranda,train,data/processed/patches/saranda/train/saranda_train_00229_t1.npy,data/processed/patches/saranda/train/saranda_train_00229_t2.npy,data/processed/patches/saranda/train/saranda_train_00229_label.npy,256,12,4229,65536,6.45
saranda_train_00230,saranda,train,data/processed/patches/saranda/train/saranda_train_00230_t1.npy,data/processed/patches/saranda/train/saranda_train_00230_t2.npy,data/processed/patches/saranda/train/saranda_train_00230_label.npy,256,12,7669,65536,11.7
saranda_train_00231,saranda,train,data/processed/patches/saranda/train/saranda_train_00231_t1.npy,data/processed/patches/saranda/train/saranda_train_00231_t2.npy,data/processed/patches/saranda/train/saranda_train_00231_label.npy,256,12,4982,65536,7.6
saranda_train_00232,saranda,train,data/processed/patches/saranda/train/saranda_train_00232_t1.npy,data/processed/patches/saranda/train/saranda_train_00232_t2.npy,data/processed/patches/saranda/train/saranda_train_00232_label.npy,256,12,5628,65536,8.59
saranda_train_00233,saranda,train,data/processed/patches/saranda/train/saranda_train_00233_t1.npy,data/processed/patches/saranda/train/saranda_train_00233_t2.npy,data/processed/patches/saranda/train/saranda_train_00233_label.npy,256,12,4272,65536,6.52
saranda_train_00234,saranda,train,data/processed/patches/saranda/train/saranda_train_00234_t1.npy,data/processed/patches/saranda/train/saranda_train_00234_t2.npy,data/processed/patches/saranda/train/saranda_train_00234_label.npy,256,12,6787,65536,10.36
saranda_train_00235,saranda,train,data/processed/patches/saranda/train/saranda_train_00235_t1.npy,data/processed/patches/saranda/train/saranda_train_00235_t2.npy,data/processed/patches/saranda/train/saranda_train_00235_label.npy,256,12,3577,65536,5.46
saranda_train_00236,saranda,train,data/processed/patches/saranda/train/saranda_train_00236_t1.npy,data/processed/patches/saranda/train/saranda_train_00236_t2.npy,data/processed/patches/saranda/train/saranda_train_00236_label.npy,256,12,6446,65536,9.84
saranda_train_00237,saranda,train,data/processed/patches/saranda/train/saranda_train_00237_t1.npy,data/processed/patches/saranda/train/saranda_train_00237_t2.npy,data/processed/patches/saranda/train/saranda_train_00237_label.npy,256,12,4378,65536,6.68
saranda_train_00238,saranda,train,data/processed/patches/saranda/train/saranda_train_00238_t1.npy,data/processed/patches/saranda/train/saranda_train_00238_t2.npy,data/processed/patches/saranda/train/saranda_train_00238_label.npy,256,12,5635,65536,8.6
saranda_train_00239,saranda,train,data/processed/patches/saranda/train/saranda_train_00239_t1.npy,data/processed/patches/saranda/train/saranda_train_00239_t2.npy,data/processed/patches/saranda/train/saranda_train_00239_label.npy,256,12,6784,65536,10.35
saranda_train_00240,saranda,train,data/processed/patches/saranda/train/saranda_train_00240_t1.npy,data/processed/patches/saranda/train/saranda_train_00240_t2.npy,data/processed/patches/saranda/train/saranda_train_00240_label.npy,256,12,4614,65536,7.04
saranda_train_00241,saranda,train,data/processed/patches/saranda/train/saranda_train_00241_t1.npy,data/processed/patches/saranda/train/saranda_train_00241_t2.npy,data/processed/patches/saranda/train/saranda_train_00241_label.npy,256,12,6071,65536,9.26
saranda_train_00242,saranda,train,data/processed/patches/saranda/train/saranda_train_00242_t1.npy,data/processed/patches/saranda/train/saranda_train_00242_t2.npy,data/processed/patches/saranda/train/saranda_train_00242_label.npy,256,12,3731,65536,5.69
saranda_train_00243,saranda,train,data/processed/patches/saranda/train/saranda_train_00243_t1.npy,data/processed/patches/saranda/train/saranda_train_00243_t2.npy,data/processed/patches/saranda/train/saranda_train_00243_label.npy,256,12,556,65536,0.85
saranda_train_00244,saranda,train,data/processed/patches/saranda/train/saranda_train_00244_t1.npy,data/processed/patches/saranda/train/saranda_train_00244_t2.npy,data/processed/patches/saranda/train/saranda_train_00244_label.npy,256,12,4405,65536,6.72
saranda_train_00245,saranda,train,data/processed/patches/saranda/train/saranda_train_00245_t1.npy,data/processed/patches/saranda/train/saranda_train_00245_t2.npy,data/processed/patches/saranda/train/saranda_train_00245_label.npy,256,12,5578,65536,8.51
saranda_train_00246,saranda,train,data/processed/patches/saranda/train/saranda_train_00246_t1.npy,data/processed/patches/saranda/train/saranda_train_00246_t2.npy,data/processed/patches/saranda/train/saranda_train_00246_label.npy,256,12,7910,65536,12.07
saranda_train_00247,saranda,train,data/processed/patches/saranda/train/saranda_train_00247_t1.npy,data/processed/patches/saranda/train/saranda_train_00247_t2.npy,data/processed/patches/saranda/train/saranda_train_00247_label.npy,256,12,7839,65536,11.96
saranda_train_00248,saranda,train,data/processed/patches/saranda/train/saranda_train_00248_t1.npy,data/processed/patches/saranda/train/saranda_train_00248_t2.npy,data/processed/patches/saranda/train/saranda_train_00248_label.npy,256,12,3476,65536,5.3
saranda_train_00249,saranda,train,data/processed/patches/saranda/train/saranda_train_00249_t1.npy,data/processed/patches/saranda/train/saranda_train_00249_t2.npy,data/processed/patches/saranda/train/saranda_train_00249_label.npy,256,12,5021,65536,7.66
saranda_train_00250,saranda,train,data/processed/patches/saranda/train/saranda_train_00250_t1.npy,data/processed/patches/saranda/train/saranda_train_00250_t2.npy,data/processed/patches/saranda/train/saranda_train_00250_label.npy,256,12,5659,65536,8.63
saranda_train_00251,saranda,train,data/processed/patches/saranda/train/saranda_train_00251_t1.npy,data/processed/patches/saranda/train/saranda_train_00251_t2.npy,data/processed/patches/saranda/train/saranda_train_00251_label.npy,256,12,1554,65536,2.37
saranda_train_00252,saranda,train,data/processed/patches/saranda/train/saranda_train_00252_t1.npy,data/processed/patches/saranda/train/saranda_train_00252_t2.npy,data/processed/patches/saranda/train/saranda_train_00252_label.npy,256,12,3253,65536,4.96
saranda_train_00253,saranda,train,data/processed/patches/saranda/train/saranda_train_00253_t1.npy,data/processed/patches/saranda/train/saranda_train_00253_t2.npy,data/processed/patches/saranda/train/saranda_train_00253_label.npy,256,12,4595,65536,7.01
saranda_train_00254,saranda,train,data/processed/patches/saranda/train/saranda_train_00254_t1.npy,data/processed/patches/saranda/train/saranda_train_00254_t2.npy,data/processed/patches/saranda/train/saranda_train_00254_label.npy,256,12,3813,65536,5.82
saranda_train_00255,saranda,train,data/processed/patches/saranda/train/saranda_train_00255_t1.npy,data/processed/patches/saranda/train/saranda_train_00255_t2.npy,data/processed/patches/saranda/train/saranda_train_00255_label.npy,256,12,5108,65536,7.79
saranda_train_00256,saranda,train,data/processed/patches/saranda/train/saranda_train_00256_t1.npy,data/processed/patches/saranda/train/saranda_train_00256_t2.npy,data/processed/patches/saranda/train/saranda_train_00256_label.npy,256,12,3656,65536,5.58
saranda_train_00257,saranda,train,data/processed/patches/saranda/train/saranda_train_00257_t1.npy,data/processed/patches/saranda/train/saranda_train_00257_t2.npy,data/processed/patches/saranda/train/saranda_train_00257_label.npy,256,12,299,65536,0.46
saranda_train_00258,saranda,train,data/processed/patches/saranda/train/saranda_train_00258_t1.npy,data/processed/patches/saranda/train/saranda_train_00258_t2.npy,data/processed/patches/saranda/train/saranda_train_00258_label.npy,256,12,2049,65536,3.13
saranda_train_00259,saranda,train,data/processed/patches/saranda/train/saranda_train_00259_t1.npy,data/processed/patches/saranda/train/saranda_train_00259_t2.npy,data/processed/patches/saranda/train/saranda_train_00259_label.npy,256,12,5565,65536,8.49
saranda_train_00260,saranda,train,data/processed/patches/saranda/train/saranda_train_00260_t1.npy,data/processed/patches/saranda/train/saranda_train_00260_t2.npy,data/processed/patches/saranda/train/saranda_train_00260_label.npy,256,12,3863,65536,5.89
saranda_train_00261,saranda,train,data/processed/patches/saranda/train/saranda_train_00261_t1.npy,data/processed/patches/saranda/train/saranda_train_00261_t2.npy,data/processed/patches/saranda/train/saranda_train_00261_label.npy,256,12,6796,65536,10.37
saranda_train_00262,saranda,train,data/processed/patches/saranda/train/saranda_train_00262_t1.npy,data/processed/patches/saranda/train/saranda_train_00262_t2.npy,data/processed/patches/saranda/train/saranda_train_00262_label.npy,256,12,1440,65536,2.2
saranda_train_00263,saranda,train,data/processed/patches/saranda/train/saranda_train_00263_t1.npy,data/processed/patches/saranda/train/saranda_train_00263_t2.npy,data/processed/patches/saranda/train/saranda_train_00263_label.npy,256,12,4900,65536,7.48
saranda_train_00264,saranda,train,data/processed/patches/saranda/train/saranda_train_00264_t1.npy,data/processed/patches/saranda/train/saranda_train_00264_t2.npy,data/processed/patches/saranda/train/saranda_train_00264_label.npy,256,12,4664,65536,7.12
saranda_train_00265,saranda,train,data/processed/patches/saranda/train/saranda_train_00265_t1.npy,data/processed/patches/saranda/train/saranda_train_00265_t2.npy,data/processed/patches/saranda/train/saranda_train_00265_label.npy,256,12,506,65536,0.77
saranda_train_00266,saranda,train,data/processed/patches/saranda/train/saranda_train_00266_t1.npy,data/processed/patches/saranda/train/saranda_train_00266_t2.npy,data/processed/patches/saranda/train/saranda_train_00266_label.npy,256,12,4507,65536,6.88
saranda_train_00267,saranda,train,data/processed/patches/saranda/train/saranda_train_00267_t1.npy,data/processed/patches/saranda/train/saranda_train_00267_t2.npy,data/processed/patches/saranda/train/saranda_train_00267_label.npy,256,12,4833,65536,7.37
saranda_train_00268,saranda,train,data/processed/patches/saranda/train/saranda_train_00268_t1.npy,data/processed/patches/saranda/train/saranda_train_00268_t2.npy,data/processed/patches/saranda/train/saranda_train_00268_label.npy,256,12,2322,65536,3.54
saranda_train_00269,saranda,train,data/processed/patches/saranda/train/saranda_train_00269_t1.npy,data/processed/patches/saranda/train/saranda_train_00269_t2.npy,data/processed/patches/saranda/train/saranda_train_00269_label.npy,256,12,4995,65536,7.62
saranda_train_00270,saranda,train,data/processed/patches/saranda/train/saranda_train_00270_t1.npy,data/processed/patches/saranda/train/saranda_train_00270_t2.npy,data/processed/patches/saranda/train/saranda_train_00270_label.npy,256,12,4937,65536,7.53
saranda_train_00271,saranda,train,data/processed/patches/saranda/train/saranda_train_00271_t1.npy,data/processed/patches/saranda/train/saranda_train_00271_t2.npy,data/processed/patches/saranda/train/saranda_train_00271_label.npy,256,12,1168,65536,1.78
saranda_train_00272,saranda,train,data/processed/patches/saranda/train/saranda_train_00272_t1.npy,data/processed/patches/saranda/train/saranda_train_00272_t2.npy,data/processed/patches/saranda/train/saranda_train_00272_label.npy,256,12,1910,65536,2.91
saranda_train_00273,saranda,train,data/processed/patches/saranda/train/saranda_train_00273_t1.npy,data/processed/patches/saranda/train/saranda_train_00273_t2.npy,data/processed/patches/saranda/train/saranda_train_00273_label.npy,256,12,2950,65536,4.5
saranda_train_00274,saranda,train,data/processed/patches/saranda/train/saranda_train_00274_t1.npy,data/processed/patches/saranda/train/saranda_train_00274_t2.npy,data/processed/patches/saranda/train/saranda_train_00274_label.npy,256,12,5060,65536,7.72
saranda_train_00275,saranda,train,data/processed/patches/saranda/train/saranda_train_00275_t1.npy,data/processed/patches/saranda/train/saranda_train_00275_t2.npy,data/processed/patches/saranda/train/saranda_train_00275_label.npy,256,12,7579,65536,11.56
saranda_train_00276,saranda,train,data/processed/patches/saranda/train/saranda_train_00276_t1.npy,data/processed/patches/saranda/train/saranda_train_00276_t2.npy,data/processed/patches/saranda/train/saranda_train_00276_label.npy,256,12,6976,65536,10.64
saranda_train_00277,saranda,train,data/processed/patches/saranda/train/saranda_train_00277_t1.npy,data/processed/patches/saranda/train/saranda_train_00277_t2.npy,data/processed/patches/saranda/train/saranda_train_00277_label.npy,256,12,7434,65536,11.34
saranda_train_00278,saranda,train,data/processed/patches/saranda/train/saranda_train_00278_t1.npy,data/processed/patches/saranda/train/saranda_train_00278_t2.npy,data/processed/patches/saranda/train/saranda_train_00278_label.npy,256,12,1917,65536,2.93
saranda_train_00279,saranda,train,data/processed/patches/saranda/train/saranda_train_00279_t1.npy,data/processed/patches/saranda/train/saranda_train_00279_t2.npy,data/processed/patches/saranda/train/saranda_train_00279_label.npy,256,12,6874,65536,10.49
saranda_train_00280,saranda,train,data/processed/patches/saranda/train/saranda_train_00280_t1.npy,data/processed/patches/saranda/train/saranda_train_00280_t2.npy,data/processed/patches/saranda/train/saranda_train_00280_label.npy,256,12,4217,65536,6.43
saranda_train_00281,saranda,train,data/processed/patches/saranda/train/saranda_train_00281_t1.npy,data/processed/patches/saranda/train/saranda_train_00281_t2.npy,data/processed/patches/saranda/train/saranda_train_00281_label.npy,256,12,2100,65536,3.2
saranda_train_00282,saranda,train,data/processed/patches/saranda/train/saranda_train_00282_t1.npy,data/processed/patches/saranda/train/saranda_train_00282_t2.npy,data/processed/patches/saranda/train/saranda_train_00282_label.npy,256,12,6137,65536,9.36
saranda_train_00283,saranda,train,data/processed/patches/saranda/train/saranda_train_00283_t1.npy,data/processed/patches/saranda/train/saranda_train_00283_t2.npy,data/processed/patches/saranda/train/saranda_train_00283_label.npy,256,12,5699,65536,8.7
saranda_train_00284,saranda,train,data/processed/patches/saranda/train/saranda_train_00284_t1.npy,data/processed/patches/saranda/train/saranda_train_00284_t2.npy,data/processed/patches/saranda/train/saranda_train_00284_label.npy,256,12,7167,65536,10.94
saranda_train_00285,saranda,train,data/processed/patches/saranda/train/saranda_train_00285_t1.npy,data/processed/patches/saranda/train/saranda_train_00285_t2.npy,data/processed/patches/saranda/train/saranda_train_00285_label.npy,256,12,5038,65536,7.69
saranda_train_00286,saranda,train,data/processed/patches/saranda/train/saranda_train_00286_t1.npy,data/processed/patches/saranda/train/saranda_train_00286_t2.npy,data/processed/patches/saranda/train/saranda_train_00286_label.npy,256,12,4126,65536,6.3
saranda_train_00287,saranda,train,data/processed/patches/saranda/train/saranda_train_00287_t1.npy,data/processed/patches/saranda/train/saranda_train_00287_t2.npy,data/processed/patches/saranda/train/saranda_train_00287_label.npy,256,12,3052,65536,4.66
saranda_train_00288,saranda,train,data/processed/patches/saranda/train/saranda_train_00288_t1.npy,data/processed/patches/saranda/train/saranda_train_00288_t2.npy,data/processed/patches/saranda/train/saranda_train_00288_label.npy,256,12,5918,65536,9.03
saranda_train_00289,saranda,train,data/processed/patches/saranda/train/saranda_train_00289_t1.npy,data/processed/patches/saranda/train/saranda_train_00289_t2.npy,data/processed/patches/saranda/train/saranda_train_00289_label.npy,256,12,3092,65536,4.72
saranda_train_00290,saranda,train,data/processed/patches/saranda/train/saranda_train_00290_t1.npy,data/processed/patches/saranda/train/saranda_train_00290_t2.npy,data/processed/patches/saranda/train/saranda_train_00290_label.npy,256,12,10164,65536,15.51
saranda_train_00291,saranda,train,data/processed/patches/saranda/train/saranda_train_00291_t1.npy,data/processed/patches/saranda/train/saranda_train_00291_t2.npy,data/processed/patches/saranda/train/saranda_train_00291_label.npy,256,12,302,65536,0.46
saranda_train_00292,saranda,train,data/processed/patches/saranda/train/saranda_train_00292_t1.npy,data/processed/patches/saranda/train/saranda_train_00292_t2.npy,data/processed/patches/saranda/train/saranda_train_00292_label.npy,256,12,2530,65536,3.86
saranda_train_00293,saranda,train,data/processed/patches/saranda/train/saranda_train_00293_t1.npy,data/processed/patches/saranda/train/saranda_train_00293_t2.npy,data/processed/patches/saranda/train/saranda_train_00293_label.npy,256,12,4963,65536,7.57
saranda_train_00294,saranda,train,data/processed/patches/saranda/train/saranda_train_00294_t1.npy,data/processed/patches/saranda/train/saranda_train_00294_t2.npy,data/processed/patches/saranda/train/saranda_train_00294_label.npy,256,12,3392,65536,5.18
saranda_train_00295,saranda,train,data/processed/patches/saranda/train/saranda_train_00295_t1.npy,data/processed/patches/saranda/train/saranda_train_00295_t2.npy,data/processed/patches/saranda/train/saranda_train_00295_label.npy,256,12,3053,65536,4.66
saranda_train_00296,saranda,train,data/processed/patches/saranda/train/saranda_train_00296_t1.npy,data/processed/patches/saranda/train/saranda_train_00296_t2.npy,data/processed/patches/saranda/train/saranda_train_00296_label.npy,256,12,4168,65536,6.36
saranda_train_00297,saranda,train,data/processed/patches/saranda/train/saranda_train_00297_t1.npy,data/processed/patches/saranda/train/saranda_train_00297_t2.npy,data/processed/patches/saranda/train/saranda_train_00297_label.npy,256,12,172,65536,0.26
saranda_train_00298,saranda,train,data/processed/patches/saranda/train/saranda_train_00298_t1.npy,data/processed/patches/saranda/train/saranda_train_00298_t2.npy,data/processed/patches/saranda/train/saranda_train_00298_label.npy,256,12,5538,65536,8.45
saranda_train_00299,saranda,train,data/processed/patches/saranda/train/saranda_train_00299_t1.npy,data/processed/patches/saranda/train/saranda_train_00299_t2.npy,data/processed/patches/saranda/train/saranda_train_00299_label.npy,256,12,3490,65536,5.33
saranda_train_00300,saranda,train,data/processed/patches/saranda/train/saranda_train_00300_t1.npy,data/processed/patches/saranda/train/saranda_train_00300_t2.npy,data/processed/patches/saranda/train/saranda_train_00300_label.npy,256,12,4144,65536,6.32
saranda_train_00301,saranda,train,data/processed/patches/saranda/train/saranda_train_00301_t1.npy,data/processed/patches/saranda/train/saranda_train_00301_t2.npy,data/processed/patches/saranda/train/saranda_train_00301_label.npy,256,12,5158,65536,7.87
saranda_train_00302,saranda,train,data/processed/patches/saranda/train/saranda_train_00302_t1.npy,data/processed/patches/saranda/train/saranda_train_00302_t2.npy,data/processed/patches/saranda/train/saranda_train_00302_label.npy,256,12,1012,65536,1.54
saranda_train_00303,saranda,train,data/processed/patches/saranda/train/saranda_train_00303_t1.npy,data/processed/patches/saranda/train/saranda_train_00303_t2.npy,data/processed/patches/saranda/train/saranda_train_00303_label.npy,256,12,4052,65536,6.18
saranda_train_00304,saranda,train,data/processed/patches/saranda/train/saranda_train_00304_t1.npy,data/processed/patches/saranda/train/saranda_train_00304_t2.npy,data/processed/patches/saranda/train/saranda_train_00304_label.npy,256,12,4737,65536,7.23
saranda_train_00305,saranda,train,data/processed/patches/saranda/train/saranda_train_00305_t1.npy,data/processed/patches/saranda/train/saranda_train_00305_t2.npy,data/processed/patches/saranda/train/saranda_train_00305_label.npy,256,12,3375,65536,5.15
saranda_train_00306,saranda,train,data/processed/patches/saranda/train/saranda_train_00306_t1.npy,data/processed/patches/saranda/train/saranda_train_00306_t2.npy,data/processed/patches/saranda/train/saranda_train_00306_label.npy,256,12,3448,65536,5.26
saranda_train_00307,saranda,train,data/processed/patches/saranda/train/saranda_train_00307_t1.npy,data/processed/patches/saranda/train/saranda_train_00307_t2.npy,data/processed/patches/saranda/train/saranda_train_00307_label.npy,256,12,1966,65536,3.0
saranda_train_00308,saranda,train,data/processed/patches/saranda/train/saranda_train_00308_t1.npy,data/processed/patches/saranda/train/saranda_train_00308_t2.npy,data/processed/patches/saranda/train/saranda_train_00308_label.npy,256,12,4073,65536,6.21
saranda_train_00309,saranda,train,data/processed/patches/saranda/train/saranda_train_00309_t1.npy,data/processed/patches/saranda/train/saranda_train_00309_t2.npy,data/processed/patches/saranda/train/saranda_train_00309_label.npy,256,12,5711,65536,8.71
saranda_train_00310,saranda,train,data/processed/patches/saranda/train/saranda_train_00310_t1.npy,data/processed/patches/saranda/train/saranda_train_00310_t2.npy,data/processed/patches/saranda/train/saranda_train_00310_label.npy,256,12,4763,65536,7.27
saranda_train_00311,saranda,train,data/processed/patches/saranda/train/saranda_train_00311_t1.npy,data/processed/patches/saranda/train/saranda_train_00311_t2.npy,data/processed/patches/saranda/train/saranda_train_00311_label.npy,256,12,4242,65536,6.47
saranda_train_00312,saranda,train,data/processed/patches/saranda/train/saranda_train_00312_t1.npy,data/processed/patches/saranda/train/saranda_train_00312_t2.npy,data/processed/patches/saranda/train/saranda_train_00312_label.npy,256,12,4976,65536,7.59
saranda_train_00313,saranda,train,data/processed/patches/saranda/train/saranda_train_00313_t1.npy,data/processed/patches/saranda/train/saranda_train_00313_t2.npy,data/processed/patches/saranda/train/saranda_train_00313_label.npy,256,12,5604,65536,8.55
saranda_train_00314,saranda,train,data/processed/patches/saranda/train/saranda_train_00314_t1.npy,data/processed/patches/saranda/train/saranda_train_00314_t2.npy,data/processed/patches/saranda/train/saranda_train_00314_label.npy,256,12,6729,65536,10.27
saranda_train_00315,saranda,train,data/processed/patches/saranda/train/saranda_train_00315_t1.npy,data/processed/patches/saranda/train/saranda_train_00315_t2.npy,data/processed/patches/saranda/train/saranda_train_00315_label.npy,256,12,3315,65536,5.06
saranda_train_00316,saranda,train,data/processed/patches/saranda/train/saranda_train_00316_t1.npy,data/processed/patches/saranda/train/saranda_train_00316_t2.npy,data/processed/patches/saranda/train/saranda_train_00316_label.npy,256,12,5247,65536,8.01
saranda_train_00317,saranda,train,data/processed/patches/saranda/train/saranda_train_00317_t1.npy,data/processed/patches/saranda/train/saranda_train_00317_t2.npy,data/processed/patches/saranda/train/saranda_train_00317_label.npy,256,12,4447,65536,6.79
saranda_train_00318,saranda,train,data/processed/patches/saranda/train/saranda_train_00318_t1.npy,data/processed/patches/saranda/train/saranda_train_00318_t2.npy,data/processed/patches/saranda/train/saranda_train_00318_label.npy,256,12,2263,65536,3.45
saranda_train_00319,saranda,train,data/processed/patches/saranda/train/saranda_train_00319_t1.npy,data/processed/patches/saranda/train/saranda_train_00319_t2.npy,data/processed/patches/saranda/train/saranda_train_00319_label.npy,256,12,1224,65536,1.87
saranda_train_00320,saranda,train,data/processed/patches/saranda/train/saranda_train_00320_t1.npy,data/processed/patches/saranda/train/saranda_train_00320_t2.npy,data/processed/patches/saranda/train/saranda_train_00320_label.npy,256,12,5192,65536,7.92
saranda_train_00321,saranda,train,data/processed/patches/saranda/train/saranda_train_00321_t1.npy,data/processed/patches/saranda/train/saranda_train_00321_t2.npy,data/processed/patches/saranda/train/saranda_train_00321_label.npy,256,12,8474,65536,12.93
saranda_train_00322,saranda,train,data/processed/patches/saranda/train/saranda_train_00322_t1.npy,data/processed/patches/saranda/train/saranda_train_00322_t2.npy,data/processed/patches/saranda/train/saranda_train_00322_label.npy,256,12,4679,65536,7.14
saranda_train_00323,saranda,train,data/processed/patches/saranda/train/saranda_train_00323_t1.npy,data/processed/patches/saranda/train/saranda_train_00323_t2.npy,data/processed/patches/saranda/train/saranda_train_00323_label.npy,256,12,6213,65536,9.48
saranda_train_00324,saranda,train,data/processed/patches/saranda/train/saranda_train_00324_t1.npy,data/processed/patches/saranda/train/saranda_train_00324_t2.npy,data/processed/patches/saranda/train/saranda_train_00324_label.npy,256,12,4170,65536,6.36
saranda_train_00325,saranda,train,data/processed/patches/saranda/train/saranda_train_00325_t1.npy,data/processed/patches/saranda/train/saranda_train_00325_t2.npy,data/processed/patches/saranda/train/saranda_train_00325_label.npy,256,12,7704,65536,11.76
saranda_train_00326,saranda,train,data/processed/patches/saranda/train/saranda_train_00326_t1.npy,data/processed/patches/saranda/train/saranda_train_00326_t2.npy,data/processed/patches/saranda/train/saranda_train_00326_label.npy,256,12,3649,65536,5.57
saranda_train_00327,saranda,train,data/processed/patches/saranda/train/saranda_train_00327_t1.npy,data/processed/patches/saranda/train/saranda_train_00327_t2.npy,data/processed/patches/saranda/train/saranda_train_00327_label.npy,256,12,7199,65536,10.98
saranda_train_00328,saranda,train,data/processed/patches/saranda/train/saranda_train_00328_t1.npy,data/processed/patches/saranda/train/saranda_train_00328_t2.npy,data/processed/patches/saranda/train/saranda_train_00328_label.npy,256,12,6200,65536,9.46
saranda_train_00329,saranda,train,data/processed/patches/saranda/train/saranda_train_00329_t1.npy,data/processed/patches/saranda/train/saranda_train_00329_t2.npy,data/processed/patches/saranda/train/saranda_train_00329_label.npy,256,12,4297,65536,6.56
saranda_train_00330,saranda,train,data/processed/patches/saranda/train/saranda_train_00330_t1.npy,data/processed/patches/saranda/train/saranda_train_00330_t2.npy,data/processed/patches/saranda/train/saranda_train_00330_label.npy,256,12,3575,65536,5.46
saranda_train_00331,saranda,train,data/processed/patches/saranda/train/saranda_train_00331_t1.npy,data/processed/patches/saranda/train/saranda_train_00331_t2.npy,data/processed/patches/saranda/train/saranda_train_00331_label.npy,256,12,3140,65536,4.79
saranda_train_00332,saranda,train,data/processed/patches/saranda/train/saranda_train_00332_t1.npy,data/processed/patches/saranda/train/saranda_train_00332_t2.npy,data/processed/patches/saranda/train/saranda_train_00332_label.npy,256,12,7438,65536,11.35
saranda_train_00333,saranda,train,data/processed/patches/saranda/train/saranda_train_00333_t1.npy,data/processed/patches/saranda/train/saranda_train_00333_t2.npy,data/processed/patches/saranda/train/saranda_train_00333_label.npy,256,12,3526,65536,5.38
saranda_train_00334,saranda,train,data/processed/patches/saranda/train/saranda_train_00334_t1.npy,data/processed/patches/saranda/train/saranda_train_00334_t2.npy,data/processed/patches/saranda/train/saranda_train_00334_label.npy,256,12,7208,65536,11.0
saranda_train_00335,saranda,train,data/processed/patches/saranda/train/saranda_train_00335_t1.npy,data/processed/patches/saranda/train/saranda_train_00335_t2.npy,data/processed/patches/saranda/train/saranda_train_00335_label.npy,256,12,5650,65536,8.62
saranda_train_00336,saranda,train,data/processed/patches/saranda/train/saranda_train_00336_t1.npy,data/processed/patches/saranda/train/saranda_train_00336_t2.npy,data/processed/patches/saranda/train/saranda_train_00336_label.npy,256,12,4079,65536,6.22
saranda_train_00337,saranda,train,data/processed/patches/saranda/train/saranda_train_00337_t1.npy,data/processed/patches/saranda/train/saranda_train_00337_t2.npy,data/processed/patches/saranda/train/saranda_train_00337_label.npy,256,12,6321,65536,9.65
saranda_train_00338,saranda,train,data/processed/patches/saranda/train/saranda_train_00338_t1.npy,data/processed/patches/saranda/train/saranda_train_00338_t2.npy,data/processed/patches/saranda/train/saranda_train_00338_label.npy,256,12,6146,65536,9.38
saranda_train_00339,saranda,train,data/processed/patches/saranda/train/saranda_train_00339_t1.npy,data/processed/patches/saranda/train/saranda_train_00339_t2.npy,data/processed/patches/saranda/train/saranda_train_00339_label.npy,256,12,4590,65536,7.0
saranda_train_00340,saranda,train,data/processed/patches/saranda/train/saranda_train_00340_t1.npy,data/processed/patches/saranda/train/saranda_train_00340_t2.npy,data/processed/patches/saranda/train/saranda_train_00340_label.npy,256,12,3011,65536,4.59
saranda_train_00341,saranda,train,data/processed/patches/saranda/train/saranda_train_00341_t1.npy,data/processed/patches/saranda/train/saranda_train_00341_t2.npy,data/processed/patches/saranda/train/saranda_train_00341_label.npy,256,12,4414,65536,6.74
saranda_train_00342,saranda,train,data/processed/patches/saranda/train/saranda_train_00342_t1.npy,data/processed/patches/saranda/train/saranda_train_00342_t2.npy,data/processed/patches/saranda/train/saranda_train_00342_label.npy,256,12,2990,65536,4.56
saranda_train_00343,saranda,train,data/processed/patches/saranda/train/saranda_train_00343_t1.npy,data/processed/patches/saranda/train/saranda_train_00343_t2.npy,data/processed/patches/saranda/train/saranda_train_00343_label.npy,256,12,148,65536,0.23
saranda_train_00344,saranda,train,data/processed/patches/saranda/train/saranda_train_00344_t1.npy,data/processed/patches/saranda/train/saranda_train_00344_t2.npy,data/processed/patches/saranda/train/saranda_train_00344_label.npy,256,12,4671,65536,7.13
saranda_train_00345,saranda,train,data/processed/patches/saranda/train/saranda_train_00345_t1.npy,data/processed/patches/saranda/train/saranda_train_00345_t2.npy,data/processed/patches/saranda/train/saranda_train_00345_label.npy,256,12,5805,65536,8.86
saranda_train_00346,saranda,train,data/processed/patches/saranda/train/saranda_train_00346_t1.npy,data/processed/patches/saranda/train/saranda_train_00346_t2.npy,data/processed/patches/saranda/train/saranda_train_00346_label.npy,256,12,3650,65536,5.57
saranda_train_00347,saranda,train,data/processed/patches/saranda/train/saranda_train_00347_t1.npy,data/processed/patches/saranda/train/saranda_train_00347_t2.npy,data/processed/patches/saranda/train/saranda_train_00347_label.npy,256,12,4577,65536,6.98
saranda_train_00348,saranda,train,data/processed/patches/saranda/train/saranda_train_00348_t1.npy,data/processed/patches/saranda/train/saranda_train_00348_t2.npy,data/processed/patches/saranda/train/saranda_train_00348_label.npy,256,12,3856,65536,5.88
saranda_train_00349,saranda,train,data/processed/patches/saranda/train/saranda_train_00349_t1.npy,data/processed/patches/saranda/train/saranda_train_00349_t2.npy,data/processed/patches/saranda/train/saranda_train_00349_label.npy,256,12,4540,65536,6.93
saranda_train_00350,saranda,train,data/processed/patches/saranda/train/saranda_train_00350_t1.npy,data/processed/patches/saranda/train/saranda_train_00350_t2.npy,data/processed/patches/saranda/train/saranda_train_00350_label.npy,256,12,4072,65536,6.21
saranda_train_00351,saranda,train,data/processed/patches/saranda/train/saranda_train_00351_t1.npy,data/processed/patches/saranda/train/saranda_train_00351_t2.npy,data/processed/patches/saranda/train/saranda_train_00351_label.npy,256,12,2126,65536,3.24
saranda_train_00352,saranda,train,data/processed/patches/saranda/train/saranda_train_00352_t1.npy,data/processed/patches/saranda/train/saranda_train_00352_t2.npy,data/processed/patches/saranda/train/saranda_train_00352_label.npy,256,12,7779,65536,11.87
saranda_train_00353,saranda,train,data/processed/patches/saranda/train/saranda_train_00353_t1.npy,data/processed/patches/saranda/train/saranda_train_00353_t2.npy,data/processed/patches/saranda/train/saranda_train_00353_label.npy,256,12,4528,65536,6.91
saranda_train_00354,saranda,train,data/processed/patches/saranda/train/saranda_train_00354_t1.npy,data/processed/patches/saranda/train/saranda_train_00354_t2.npy,data/processed/patches/saranda/train/saranda_train_00354_label.npy,256,12,6351,65536,9.69
saranda_train_00355,saranda,train,data/processed/patches/saranda/train/saranda_train_00355_t1.npy,data/processed/patches/saranda/train/saranda_train_00355_t2.npy,data/processed/patches/saranda/train/saranda_train_00355_label.npy,256,12,5679,65536,8.67
saranda_train_00356,saranda,train,data/processed/patches/saranda/train/saranda_train_00356_t1.npy,data/processed/patches/saranda/train/saranda_train_00356_t2.npy,data/processed/patches/saranda/train/saranda_train_00356_label.npy,256,12,3559,65536,5.43
saranda_train_00357,saranda,train,data/processed/patches/saranda/train/saranda_train_00357_t1.npy,data/processed/patches/saranda/train/saranda_train_00357_t2.npy,data/processed/patches/saranda/train/saranda_train_00357_label.npy,256,12,4186,65536,6.39
saranda_train_00358,saranda,train,data/processed/patches/saranda/train/saranda_train_00358_t1.npy,data/processed/patches/saranda/train/saranda_train_00358_t2.npy,data/processed/patches/saranda/train/saranda_train_00358_label.npy,256,12,4043,65536,6.17
saranda_train_00359,saranda,train,data/processed/patches/saranda/train/saranda_train_00359_t1.npy,data/processed/patches/saranda/train/saranda_train_00359_t2.npy,data/processed/patches/saranda/train/saranda_train_00359_label.npy,256,12,6993,65536,10.67
saranda_train_00360,saranda,train,data/processed/patches/saranda/train/saranda_train_00360_t1.npy,data/processed/patches/saranda/train/saranda_train_00360_t2.npy,data/processed/patches/saranda/train/saranda_train_00360_label.npy,256,12,3940,65536,6.01
saranda_train_00361,saranda,train,data/processed/patches/saranda/train/saranda_train_00361_t1.npy,data/processed/patches/saranda/train/saranda_train_00361_t2.npy,data/processed/patches/saranda/train/saranda_train_00361_label.npy,256,12,4534,65536,6.92
saranda_train_00362,saranda,train,data/processed/patches/saranda/train/saranda_train_00362_t1.npy,data/processed/patches/saranda/train/saranda_train_00362_t2.npy,data/processed/patches/saranda/train/saranda_train_00362_label.npy,256,12,4923,65536,7.51
saranda_train_00363,saranda,train,data/processed/patches/saranda/train/saranda_train_00363_t1.npy,data/processed/patches/saranda/train/saranda_train_00363_t2.npy,data/processed/patches/saranda/train/saranda_train_00363_label.npy,256,12,775,65536,1.18
saranda_train_00364,saranda,train,data/processed/patches/saranda/train/saranda_train_00364_t1.npy,data/processed/patches/saranda/train/saranda_train_00364_t2.npy,data/processed/patches/saranda/train/saranda_train_00364_label.npy,256,12,5508,65536,8.4
saranda_train_00365,saranda,train,data/processed/patches/saranda/train/saranda_train_00365_t1.npy,data/processed/patches/saranda/train/saranda_train_00365_t2.npy,data/processed/patches/saranda/train/saranda_train_00365_label.npy,256,12,4281,65536,6.53
saranda_train_00366,saranda,train,data/processed/patches/saranda/train/saranda_train_00366_t1.npy,data/processed/patches/saranda/train/saranda_train_00366_t2.npy,data/processed/patches/saranda/train/saranda_train_00366_label.npy,256,12,2766,65536,4.22
saranda_train_00367,saranda,train,data/processed/patches/saranda/train/saranda_train_00367_t1.npy,data/processed/patches/saranda/train/saranda_train_00367_t2.npy,data/processed/patches/saranda/train/saranda_train_00367_label.npy,256,12,3624,65536,5.53
saranda_train_00368,saranda,train,data/processed/patches/saranda/train/saranda_train_00368_t1.npy,data/processed/patches/saranda/train/saranda_train_00368_t2.npy,data/processed/patches/saranda/train/saranda_train_00368_label.npy,256,12,5844,65536,8.92
saranda_train_00369,saranda,train,data/processed/patches/saranda/train/saranda_train_00369_t1.npy,data/processed/patches/saranda/train/saranda_train_00369_t2.npy,data/processed/patches/saranda/train/saranda_train_00369_label.npy,256,12,7156,65536,10.92
saranda_train_00370,saranda,train,data/processed/patches/saranda/train/saranda_train_00370_t1.npy,data/processed/patches/saranda/train/saranda_train_00370_t2.npy,data/processed/patches/saranda/train/saranda_train_00370_label.npy,256,12,4406,65536,6.72
saranda_train_00371,saranda,train,data/processed/patches/saranda/train/saranda_train_00371_t1.npy,data/processed/patches/saranda/train/saranda_train_00371_t2.npy,data/processed/patches/saranda/train/saranda_train_00371_label.npy,256,12,6240,65536,9.52
saranda_train_00372,saranda,train,data/processed/patches/saranda/train/saranda_train_00372_t1.npy,data/processed/patches/saranda/train/saranda_train_00372_t2.npy,data/processed/patches/saranda/train/saranda_train_00372_label.npy,256,12,8701,65536,13.28
saranda_train_00373,saranda,train,data/processed/patches/saranda/train/saranda_train_00373_t1.npy,data/processed/patches/saranda/train/saranda_train_00373_t2.npy,data/processed/patches/saranda/train/saranda_train_00373_label.npy,256,12,3290,65536,5.02
saranda_train_00374,saranda,train,data/processed/patches/saranda/train/saranda_train_00374_t1.npy,data/processed/patches/saranda/train/saranda_train_00374_t2.npy,data/processed/patches/saranda/train/saranda_train_00374_label.npy,256,12,3919,65536,5.98
saranda_train_00375,saranda,train,data/processed/patches/saranda/train/saranda_train_00375_t1.npy,data/processed/patches/saranda/train/saranda_train_00375_t2.npy,data/processed/patches/saranda/train/saranda_train_00375_label.npy,256,12,5390,65536,8.22
saranda_train_00376,saranda,train,data/processed/patches/saranda/train/saranda_train_00376_t1.npy,data/processed/patches/saranda/train/saranda_train_00376_t2.npy,data/processed/patches/saranda/train/saranda_train_00376_label.npy,256,12,61,65536,0.09
saranda_train_00377,saranda,train,data/processed/patches/saranda/train/saranda_train_00377_t1.npy,data/processed/patches/saranda/train/saranda_train_00377_t2.npy,data/processed/patches/saranda/train/saranda_train_00377_label.npy,256,12,4631,65536,7.07
saranda_train_00378,saranda,train,data/processed/patches/saranda/train/saranda_train_00378_t1.npy,data/processed/patches/saranda/train/saranda_train_00378_t2.npy,data/processed/patches/saranda/train/saranda_train_00378_label.npy,256,12,6096,65536,9.3
saranda_train_00379,saranda,train,data/processed/patches/saranda/train/saranda_train_00379_t1.npy,data/processed/patches/saranda/train/saranda_train_00379_t2.npy,data/processed/patches/saranda/train/saranda_train_00379_label.npy,256,12,3081,65536,4.7
saranda_train_00380,saranda,train,data/processed/patches/saranda/train/saranda_train_00380_t1.npy,data/processed/patches/saranda/train/saranda_train_00380_t2.npy,data/processed/patches/saranda/train/saranda_train_00380_label.npy,256,12,4429,65536,6.76
saranda_train_00381,saranda,train,data/processed/patches/saranda/train/saranda_train_00381_t1.npy,data/processed/patches/saranda/train/saranda_train_00381_t2.npy,data/processed/patches/saranda/train/saranda_train_00381_label.npy,256,12,4689,65536,7.15
saranda_train_00382,saranda,train,data/processed/patches/saranda/train/saranda_train_00382_t1.npy,data/processed/patches/saranda/train/saranda_train_00382_t2.npy,data/processed/patches/saranda/train/saranda_train_00382_label.npy,256,12,305,65536,0.47
saranda_train_00383,saranda,train,data/processed/patches/saranda/train/saranda_train_00383_t1.npy,data/processed/patches/saranda/train/saranda_train_00383_t2.npy,data/processed/patches/saranda/train/saranda_train_00383_label.npy,256,12,2196,65536,3.35
saranda_train_00384,saranda,train,data/processed/patches/saranda/train/saranda_train_00384_t1.npy,data/processed/patches/saranda/train/saranda_train_00384_t2.npy,data/processed/patches/saranda/train/saranda_train_00384_label.npy,256,12,6144,65536,9.38
saranda_train_00385,saranda,train,data/processed/patches/saranda/train/saranda_train_00385_t1.npy,data/processed/patches/saranda/train/saranda_train_00385_t2.npy,data/processed/patches/saranda/train/saranda_train_00385_label.npy,256,12,6813,65536,10.4
saranda_train_00386,saranda,train,data/processed/patches/saranda/train/saranda_train_00386_t1.npy,data/processed/patches/saranda/train/saranda_train_00386_t2.npy,data/processed/patches/saranda/train/saranda_train_00386_label.npy,256,12,4724,65536,7.21
saranda_train_00387,saranda,train,data/processed/patches/saranda/train/saranda_train_00387_t1.npy,data/processed/patches/saranda/train/saranda_train_00387_t2.npy,data/processed/patches/saranda/train/saranda_train_00387_label.npy,256,12,4589,65536,7.0
saranda_train_00388,saranda,train,data/processed/patches/saranda/train/saranda_train_00388_t1.npy,data/processed/patches/saranda/train/saranda_train_00388_t2.npy,data/processed/patches/saranda/train/saranda_train_00388_label.npy,256,12,5319,65536,8.12
saranda_train_00389,saranda,train,data/processed/patches/saranda/train/saranda_train_00389_t1.npy,data/processed/patches/saranda/train/saranda_train_00389_t2.npy,data/processed/patches/saranda/train/saranda_train_00389_label.npy,256,12,1078,65536,1.64
saranda_train_00390,saranda,train,data/processed/patches/saranda/train/saranda_train_00390_t1.npy,data/processed/patches/saranda/train/saranda_train_00390_t2.npy,data/processed/patches/saranda/train/saranda_train_00390_label.npy,256,12,318,65536,0.49
saranda_train_00391,saranda,train,data/processed/patches/saranda/train/saranda_train_00391_t1.npy,data/processed/patches/saranda/train/saranda_train_00391_t2.npy,data/processed/patches/saranda/train/saranda_train_00391_label.npy,256,12,3344,65536,5.1
saranda_train_00392,saranda,train,data/processed/patches/saranda/train/saranda_train_00392_t1.npy,data/processed/patches/saranda/train/saranda_train_00392_t2.npy,data/processed/patches/saranda/train/saranda_train_00392_label.npy,256,12,5980,65536,9.12
saranda_train_00393,saranda,train,data/processed/patches/saranda/train/saranda_train_00393_t1.npy,data/processed/patches/saranda/train/saranda_train_00393_t2.npy,data/processed/patches/saranda/train/saranda_train_00393_label.npy,256,12,5870,65536,8.96
saranda_train_00394,saranda,train,data/processed/patches/saranda/train/saranda_train_00394_t1.npy,data/processed/patches/saranda/train/saranda_train_00394_t2.npy,data/processed/patches/saranda/train/saranda_train_00394_label.npy,256,12,5019,65536,7.66
saranda_train_00395,saranda,train,data/processed/patches/saranda/train/saranda_train_00395_t1.npy,data/processed/patches/saranda/train/saranda_train_00395_t2.npy,data/processed/patches/saranda/train/saranda_train_00395_label.npy,256,12,4432,65536,6.76
saranda_train_00396,saranda,train,data/processed/patches/saranda/train/saranda_train_00396_t1.npy,data/processed/patches/saranda/train/saranda_train_00396_t2.npy,data/processed/patches/saranda/train/saranda_train_00396_label.npy,256,12,4709,65536,7.19
saranda_train_00397,saranda,train,data/processed/patches/saranda/train/saranda_train_00397_t1.npy,data/processed/patches/saranda/train/saranda_train_00397_t2.npy,data/processed/patches/saranda/train/saranda_train_00397_label.npy,256,12,3318,65536,5.06
saranda_train_00398,saranda,train,data/processed/patches/saranda/train/saranda_train_00398_t1.npy,data/processed/patches/saranda/train/saranda_train_00398_t2.npy,data/processed/patches/saranda/train/saranda_train_00398_label.npy,256,12,2911,65536,4.44
saranda_train_00399,saranda,train,data/processed/patches/saranda/train/saranda_train_00399_t1.npy,data/processed/patches/saranda/train/saranda_train_00399_t2.npy,data/processed/patches/saranda/train/saranda_train_00399_label.npy,256,12,4493,65536,6.86
saranda_train_00400,saranda,train,data/processed/patches/saranda/train/saranda_train_00400_t1.npy,data/processed/patches/saranda/train/saranda_train_00400_t2.npy,data/processed/patches/saranda/train/saranda_train_00400_label.npy,256,12,3755,65536,5.73
saranda_train_00401,saranda,train,data/processed/patches/saranda/train/saranda_train_00401_t1.npy,data/processed/patches/saranda/train/saranda_train_00401_t2.npy,data/processed/patches/saranda/train/saranda_train_00401_label.npy,256,12,3160,65536,4.82
saranda_train_00402,saranda,train,data/processed/patches/saranda/train/saranda_train_00402_t1.npy,data/processed/patches/saranda/train/saranda_train_00402_t2.npy,data/processed/patches/saranda/train/saranda_train_00402_label.npy,256,12,5523,65536,8.43
saranda_train_00403,saranda,train,data/processed/patches/saranda/train/saranda_train_00403_t1.npy,data/processed/patches/saranda/train/saranda_train_00403_t2.npy,data/processed/patches/saranda/train/saranda_train_00403_label.npy,256,12,7548,65536,11.52
saranda_train_00404,saranda,train,data/processed/patches/saranda/train/saranda_train_00404_t1.npy,data/processed/patches/saranda/train/saranda_train_00404_t2.npy,data/processed/patches/saranda/train/saranda_train_00404_label.npy,256,12,1160,65536,1.77
saranda_train_00405,saranda,train,data/processed/patches/saranda/train/saranda_train_00405_t1.npy,data/processed/patches/saranda/train/saranda_train_00405_t2.npy,data/processed/patches/saranda/train/saranda_train_00405_label.npy,256,12,2078,65536,3.17
saranda_train_00406,saranda,train,data/processed/patches/saranda/train/saranda_train_00406_t1.npy,data/processed/patches/saranda/train/saranda_train_00406_t2.npy,data/processed/patches/saranda/train/saranda_train_00406_label.npy,256,12,4915,65536,7.5
saranda_train_00407,saranda,train,data/processed/patches/saranda/train/saranda_train_00407_t1.npy,data/processed/patches/saranda/train/saranda_train_00407_t2.npy,data/processed/patches/saranda/train/saranda_train_00407_label.npy,256,12,7020,65536,10.71
saranda_train_00408,saranda,train,data/processed/patches/saranda/train/saranda_train_00408_t1.npy,data/processed/patches/saranda/train/saranda_train_00408_t2.npy,data/processed/patches/saranda/train/saranda_train_00408_label.npy,256,12,1139,65536,1.74
saranda_train_00409,saranda,train,data/processed/patches/saranda/train/saranda_train_00409_t1.npy,data/processed/patches/saranda/train/saranda_train_00409_t2.npy,data/processed/patches/saranda/train/saranda_train_00409_label.npy,256,12,3385,65536,5.17
saranda_train_00410,saranda,train,data/processed/patches/saranda/train/saranda_train_00410_t1.npy,data/processed/patches/saranda/train/saranda_train_00410_t2.npy,data/processed/patches/saranda/train/saranda_train_00410_label.npy,256,12,2975,65536,4.54
saranda_train_00411,saranda,train,data/processed/patches/saranda/train/saranda_train_00411_t1.npy,data/processed/patches/saranda/train/saranda_train_00411_t2.npy,data/processed/patches/saranda/train/saranda_train_00411_label.npy,256,12,5423,65536,8.27
saranda_train_00412,saranda,train,data/processed/patches/saranda/train/saranda_train_00412_t1.npy,data/processed/patches/saranda/train/saranda_train_00412_t2.npy,data/processed/patches/saranda/train/saranda_train_00412_label.npy,256,12,7946,65536,12.12
saranda_train_00413,saranda,train,data/processed/patches/saranda/train/saranda_train_00413_t1.npy,data/processed/patches/saranda/train/saranda_train_00413_t2.npy,data/processed/patches/saranda/train/saranda_train_00413_label.npy,256,12,5970,65536,9.11
saranda_train_00414,saranda,train,data/processed/patches/saranda/train/saranda_train_00414_t1.npy,data/processed/patches/saranda/train/saranda_train_00414_t2.npy,data/processed/patches/saranda/train/saranda_train_00414_label.npy,256,12,3369,65536,5.14
saranda_train_00415,saranda,train,data/processed/patches/saranda/train/saranda_train_00415_t1.npy,data/processed/patches/saranda/train/saranda_train_00415_t2.npy,data/processed/patches/saranda/train/saranda_train_00415_label.npy,256,12,3047,65536,4.65
saranda_train_00416,saranda,train,data/processed/patches/saranda/train/saranda_train_00416_t1.npy,data/processed/patches/saranda/train/saranda_train_00416_t2.npy,data/processed/patches/saranda/train/saranda_train_00416_label.npy,256,12,5961,65536,9.1
saranda_train_00417,saranda,train,data/processed/patches/saranda/train/saranda_train_00417_t1.npy,data/processed/patches/saranda/train/saranda_train_00417_t2.npy,data/processed/patches/saranda/train/saranda_train_00417_label.npy,256,12,1578,65536,2.41
saranda_train_00418,saranda,train,data/processed/patches/saranda/train/saranda_train_00418_t1.npy,data/processed/patches/saranda/train/saranda_train_00418_t2.npy,data/processed/patches/saranda/train/saranda_train_00418_label.npy,256,12,7740,65536,11.81
saranda_train_00419,saranda,train,data/processed/patches/saranda/train/saranda_train_00419_t1.npy,data/processed/patches/saranda/train/saranda_train_00419_t2.npy,data/processed/patches/saranda/train/saranda_train_00419_label.npy,256,12,1403,65536,2.14
saranda_train_00420,saranda,train,data/processed/patches/saranda/train/saranda_train_00420_t1.npy,data/processed/patches/saranda/train/saranda_train_00420_t2.npy,data/processed/patches/saranda/train/saranda_train_00420_label.npy,256,12,3210,65536,4.9
saranda_train_00421,saranda,train,data/processed/patches/saranda/train/saranda_train_00421_t1.npy,data/processed/patches/saranda/train/saranda_train_00421_t2.npy,data/processed/patches/saranda/train/saranda_train_00421_label.npy,256,12,1795,65536,2.74
saranda_train_00422,saranda,train,data/processed/patches/saranda/train/saranda_train_00422_t1.npy,data/processed/patches/saranda/train/saranda_train_00422_t2.npy,data/processed/patches/saranda/train/saranda_train_00422_label.npy,256,12,6465,65536,9.86
saranda_train_00423,saranda,train,data/processed/patches/saranda/train/saranda_train_00423_t1.npy,data/processed/patches/saranda/train/saranda_train_00423_t2.npy,data/processed/patches/saranda/train/saranda_train_00423_label.npy,256,12,8495,65536,12.96
saranda_train_00424,saranda,train,data/processed/patches/saranda/train/saranda_train_00424_t1.npy,data/processed/patches/saranda/train/saranda_train_00424_t2.npy,data/processed/patches/saranda/train/saranda_train_00424_label.npy,256,12,4996,65536,7.62
saranda_train_00425,saranda,train,data/processed/patches/saranda/train/saranda_train_00425_t1.npy,data/processed/patches/saranda/train/saranda_train_00425_t2.npy,data/processed/patches/saranda/train/saranda_train_00425_label.npy,256,12,4910,65536,7.49
saranda_train_00426,saranda,train,data/processed/patches/saranda/train/saranda_train_00426_t1.npy,data/processed/patches/saranda/train/saranda_train_00426_t2.npy,data/processed/patches/saranda/train/saranda_train_00426_label.npy,256,12,3495,65536,5.33
saranda_train_00427,saranda,train,data/processed/patches/saranda/train/saranda_train_00427_t1.npy,data/processed/patches/saranda/train/saranda_train_00427_t2.npy,data/processed/patches/saranda/train/saranda_train_00427_label.npy,256,12,2111,65536,3.22
saranda_train_00428,saranda,train,data/processed/patches/saranda/train/saranda_train_00428_t1.npy,data/processed/patches/saranda/train/saranda_train_00428_t2.npy,data/processed/patches/saranda/train/saranda_train_00428_label.npy,256,12,1379,65536,2.1
saranda_train_00429,saranda,train,data/processed/patches/saranda/train/saranda_train_00429_t1.npy,data/processed/patches/saranda/train/saranda_train_00429_t2.npy,data/processed/patches/saranda/train/saranda_train_00429_label.npy,256,12,3141,65536,4.79
saranda_train_00430,saranda,train,data/processed/patches/saranda/train/saranda_train_00430_t1.npy,data/processed/patches/saranda/train/saranda_train_00430_t2.npy,data/processed/patches/saranda/train/saranda_train_00430_label.npy,256,12,5479,65536,8.36
saranda_train_00431,saranda,train,data/processed/patches/saranda/train/saranda_train_00431_t1.npy,data/processed/patches/saranda/train/saranda_train_00431_t2.npy,data/processed/patches/saranda/train/saranda_train_00431_label.npy,256,12,3584,65536,5.47
saranda_train_00432,saranda,train,data/processed/patches/saranda/train/saranda_train_00432_t1.npy,data/processed/patches/saranda/train/saranda_train_00432_t2.npy,data/processed/patches/saranda/train/saranda_train_00432_label.npy,256,12,6065,65536,9.25
saranda_train_00433,saranda,train,data/processed/patches/saranda/train/saranda_train_00433_t1.npy,data/processed/patches/saranda/train/saranda_train_00433_t2.npy,data/processed/patches/saranda/train/saranda_train_00433_label.npy,256,12,6345,65536,9.68
saranda_train_00434,saranda,train,data/processed/patches/saranda/train/saranda_train_00434_t1.npy,data/processed/patches/saranda/train/saranda_train_00434_t2.npy,data/processed/patches/saranda/train/saranda_train_00434_label.npy,256,12,4889,65536,7.46
saranda_train_00435,saranda,train,data/processed/patches/saranda/train/saranda_train_00435_t1.npy,data/processed/patches/saranda/train/saranda_train_00435_t2.npy,data/processed/patches/saranda/train/saranda_train_00435_label.npy,256,12,5342,65536,8.15
saranda_train_00436,saranda,train,data/processed/patches/saranda/train/saranda_train_00436_t1.npy,data/processed/patches/saranda/train/saranda_train_00436_t2.npy,data/processed/patches/saranda/train/saranda_train_00436_label.npy,256,12,1383,65536,2.11
saranda_train_00437,saranda,train,data/processed/patches/saranda/train/saranda_train_00437_t1.npy,data/processed/patches/saranda/train/saranda_train_00437_t2.npy,data/processed/patches/saranda/train/saranda_train_00437_label.npy,256,12,3870,65536,5.91
saranda_train_00438,saranda,train,data/processed/patches/saranda/train/saranda_train_00438_t1.npy,data/processed/patches/saranda/train/saranda_train_00438_t2.npy,data/processed/patches/saranda/train/saranda_train_00438_label.npy,256,12,2126,65536,3.24
saranda_train_00439,saranda,train,data/processed/patches/saranda/train/saranda_train_00439_t1.npy,data/processed/patches/saranda/train/saranda_train_00439_t2.npy,data/processed/patches/saranda/train/saranda_train_00439_label.npy,256,12,6740,65536,10.28
saranda_train_00440,saranda,train,data/processed/patches/saranda/train/saranda_train_00440_t1.npy,data/processed/patches/saranda/train/saranda_train_00440_t2.npy,data/processed/patches/saranda/train/saranda_train_00440_label.npy,256,12,6252,65536,9.54
saranda_train_00441,saranda,train,data/processed/patches/saranda/train/saranda_train_00441_t1.npy,data/processed/patches/saranda/train/saranda_train_00441_t2.npy,data/processed/patches/saranda/train/saranda_train_00441_label.npy,256,12,4671,65536,7.13
saranda_train_00442,saranda,train,data/processed/patches/saranda/train/saranda_train_00442_t1.npy,data/processed/patches/saranda/train/saranda_train_00442_t2.npy,data/processed/patches/saranda/train/saranda_train_00442_label.npy,256,12,2536,65536,3.87
saranda_train_00443,saranda,train,data/processed/patches/saranda/train/saranda_train_00443_t1.npy,data/processed/patches/saranda/train/saranda_train_00443_t2.npy,data/processed/patches/saranda/train/saranda_train_00443_label.npy,256,12,908,65536,1.39
saranda_train_00444,saranda,train,data/processed/patches/saranda/train/saranda_train_00444_t1.npy,data/processed/patches/saranda/train/saranda_train_00444_t2.npy,data/processed/patches/saranda/train/saranda_train_00444_label.npy,256,12,5803,65536,8.85
saranda_train_00445,saranda,train,data/processed/patches/saranda/train/saranda_train_00445_t1.npy,data/processed/patches/saranda/train/saranda_train_00445_t2.npy,data/processed/patches/saranda/train/saranda_train_00445_label.npy,256,12,1232,65536,1.88
saranda_train_00446,saranda,train,data/processed/patches/saranda/train/saranda_train_00446_t1.npy,data/processed/patches/saranda/train/saranda_train_00446_t2.npy,data/processed/patches/saranda/train/saranda_train_00446_label.npy,256,12,5269,65536,8.04
saranda_train_00447,saranda,train,data/processed/patches/saranda/train/saranda_train_00447_t1.npy,data/processed/patches/saranda/train/saranda_train_00447_t2.npy,data/processed/patches/saranda/train/saranda_train_00447_label.npy,256,12,6151,65536,9.39
saranda_train_00448,saranda,train,data/processed/patches/saranda/train/saranda_train_00448_t1.npy,data/processed/patches/saranda/train/saranda_train_00448_t2.npy,data/processed/patches/saranda/train/saranda_train_00448_label.npy,256,12,4222,65536,6.44
saranda_train_00449,saranda,train,data/processed/patches/saranda/train/saranda_train_00449_t1.npy,data/processed/patches/saranda/train/saranda_train_00449_t2.npy,data/processed/patches/saranda/train/saranda_train_00449_label.npy,256,12,4697,65536,7.17
saranda_train_00450,saranda,train,data/processed/patches/saranda/train/saranda_train_00450_t1.npy,data/processed/patches/saranda/train/saranda_train_00450_t2.npy,data/processed/patches/saranda/train/saranda_train_00450_label.npy,256,12,3597,65536,5.49
saranda_train_00451,saranda,train,data/processed/patches/saranda/train/saranda_train_00451_t1.npy,data/processed/patches/saranda/train/saranda_train_00451_t2.npy,data/processed/patches/saranda/train/saranda_train_00451_label.npy,256,12,4976,65536,7.59
saranda_train_00452,saranda,train,data/processed/patches/saranda/train/saranda_train_00452_t1.npy,data/processed/patches/saranda/train/saranda_train_00452_t2.npy,data/processed/patches/saranda/train/saranda_train_00452_label.npy,256,12,3938,65536,6.01
saranda_train_00453,saranda,train,data/processed/patches/saranda/train/saranda_train_00453_t1.npy,data/processed/patches/saranda/train/saranda_train_00453_t2.npy,data/processed/patches/saranda/train/saranda_train_00453_label.npy,256,12,4842,65536,7.39
saranda_train_00454,saranda,train,data/processed/patches/saranda/train/saranda_train_00454_t1.npy,data/processed/patches/saranda/train/saranda_train_00454_t2.npy,data/processed/patches/saranda/train/saranda_train_00454_label.npy,256,12,2986,65536,4.56
saranda_train_00455,saranda,train,data/processed/patches/saranda/train/saranda_train_00455_t1.npy,data/processed/patches/saranda/train/saranda_train_00455_t2.npy,data/processed/patches/saranda/train/saranda_train_00455_label.npy,256,12,6340,65536,9.67
saranda_train_00456,saranda,train,data/processed/patches/saranda/train/saranda_train_00456_t1.npy,data/processed/patches/saranda/train/saranda_train_00456_t2.npy,data/processed/patches/saranda/train/saranda_train_00456_label.npy,256,12,4230,65536,6.45
saranda_train_00457,saranda,train,data/processed/patches/saranda/train/saranda_train_00457_t1.npy,data/processed/patches/saranda/train/saranda_train_00457_t2.npy,data/processed/patches/saranda/train/saranda_train_00457_label.npy,256,12,1632,65536,2.49
saranda_train_00458,saranda,train,data/processed/patches/saranda/train/saranda_train_00458_t1.npy,data/processed/patches/saranda/train/saranda_train_00458_t2.npy,data/processed/patches/saranda/train/saranda_train_00458_label.npy,256,12,4076,65536,6.22
saranda_train_00459,saranda,train,data/processed/patches/saranda/train/saranda_train_00459_t1.npy,data/processed/patches/saranda/train/saranda_train_00459_t2.npy,data/processed/patches/saranda/train/saranda_train_00459_label.npy,256,12,5444,65536,8.31
saranda_train_00460,saranda,train,data/processed/patches/saranda/train/saranda_train_00460_t1.npy,data/processed/patches/saranda/train/saranda_train_00460_t2.npy,data/processed/patches/saranda/train/saranda_train_00460_label.npy,256,12,3632,65536,5.54
saranda_train_00461,saranda,train,data/processed/patches/saranda/train/saranda_train_00461_t1.npy,data/processed/patches/saranda/train/saranda_train_00461_t2.npy,data/processed/patches/saranda/train/saranda_train_00461_label.npy,256,12,3086,65536,4.71
saranda_train_00462,saranda,train,data/processed/patches/saranda/train/saranda_train_00462_t1.npy,data/processed/patches/saranda/train/saranda_train_00462_t2.npy,data/processed/patches/saranda/train/saranda_train_00462_label.npy,256,12,7008,65536,10.69
saranda_train_00463,saranda,train,data/processed/patches/saranda/train/saranda_train_00463_t1.npy,data/processed/patches/saranda/train/saranda_train_00463_t2.npy,data/processed/patches/saranda/train/saranda_train_00463_label.npy,256,12,5446,65536,8.31
saranda_train_00464,saranda,train,data/processed/patches/saranda/train/saranda_train_00464_t1.npy,data/processed/patches/saranda/train/saranda_train_00464_t2.npy,data/processed/patches/saranda/train/saranda_train_00464_label.npy,256,12,3295,65536,5.03
saranda_train_00465,saranda,train,data/processed/patches/saranda/train/saranda_train_00465_t1.npy,data/processed/patches/saranda/train/saranda_train_00465_t2.npy,data/processed/patches/saranda/train/saranda_train_00465_label.npy,256,12,7127,65536,10.87
saranda_train_00466,saranda,train,data/processed/patches/saranda/train/saranda_train_00466_t1.npy,data/processed/patches/saranda/train/saranda_train_00466_t2.npy,data/processed/patches/saranda/train/saranda_train_00466_label.npy,256,12,4079,65536,6.22
saranda_train_00467,saranda,train,data/processed/patches/saranda/train/saranda_train_00467_t1.npy,data/processed/patches/saranda/train/saranda_train_00467_t2.npy,data/processed/patches/saranda/train/saranda_train_00467_label.npy,256,12,5303,65536,8.09
saranda_train_00468,saranda,train,data/processed/patches/saranda/train/saranda_train_00468_t1.npy,data/processed/patches/saranda/train/saranda_train_00468_t2.npy,data/processed/patches/saranda/train/saranda_train_00468_label.npy,256,12,4342,65536,6.63
saranda_train_00469,saranda,train,data/processed/patches/saranda/train/saranda_train_00469_t1.npy,data/processed/patches/saranda/train/saranda_train_00469_t2.npy,data/processed/patches/saranda/train/saranda_train_00469_label.npy,256,12,5849,65536,8.92
saranda_train_00470,saranda,train,data/processed/patches/saranda/train/saranda_train_00470_t1.npy,data/processed/patches/saranda/train/saranda_train_00470_t2.npy,data/processed/patches/saranda/train/saranda_train_00470_label.npy,256,12,3313,65536,5.06
saranda_train_00471,saranda,train,data/processed/patches/saranda/train/saranda_train_00471_t1.npy,data/processed/patches/saranda/train/saranda_train_00471_t2.npy,data/processed/patches/saranda/train/saranda_train_00471_label.npy,256,12,3120,65536,4.76
saranda_train_00472,saranda,train,data/processed/patches/saranda/train/saranda_train_00472_t1.npy,data/processed/patches/saranda/train/saranda_train_00472_t2.npy,data/processed/patches/saranda/train/saranda_train_00472_label.npy,256,12,3174,65536,4.84
saranda_train_00473,saranda,train,data/processed/patches/saranda/train/saranda_train_00473_t1.npy,data/processed/patches/saranda/train/saranda_train_00473_t2.npy,data/processed/patches/saranda/train/saranda_train_00473_label.npy,256,12,4356,65536,6.65
saranda_train_00474,saranda,train,data/processed/patches/saranda/train/saranda_train_00474_t1.npy,data/processed/patches/saranda/train/saranda_train_00474_t2.npy,data/processed/patches/saranda/train/saranda_train_00474_label.npy,256,12,4417,65536,6.74
saranda_train_00475,saranda,train,data/processed/patches/saranda/train/saranda_train_00475_t1.npy,data/processed/patches/saranda/train/saranda_train_00475_t2.npy,data/processed/patches/saranda/train/saranda_train_00475_label.npy,256,12,9916,65536,15.13
saranda_train_00476,saranda,train,data/processed/patches/saranda/train/saranda_train_00476_t1.npy,data/processed/patches/saranda/train/saranda_train_00476_t2.npy,data/processed/patches/saranda/train/saranda_train_00476_label.npy,256,12,6212,65536,9.48
saranda_train_00477,saranda,train,data/processed/patches/saranda/train/saranda_train_00477_t1.npy,data/processed/patches/saranda/train/saranda_train_00477_t2.npy,data/processed/patches/saranda/train/saranda_train_00477_label.npy,256,12,3023,65536,4.61
saranda_train_00478,saranda,train,data/processed/patches/saranda/train/saranda_train_00478_t1.npy,data/processed/patches/saranda/train/saranda_train_00478_t2.npy,data/processed/patches/saranda/train/saranda_train_00478_label.npy,256,12,4772,65536,7.28
saranda_train_00479,saranda,train,data/processed/patches/saranda/train/saranda_train_00479_t1.npy,data/processed/patches/saranda/train/saranda_train_00479_t2.npy,data/processed/patches/saranda/train/saranda_train_00479_label.npy,256,12,4309,65536,6.58
saranda_train_00480,saranda,train,data/processed/patches/saranda/train/saranda_train_00480_t1.npy,data/processed/patches/saranda/train/saranda_train_00480_t2.npy,data/processed/patches/saranda/train/saranda_train_00480_label.npy,256,12,1350,65536,2.06
saranda_train_00481,saranda,train,data/processed/patches/saranda/train/saranda_train_00481_t1.npy,data/processed/patches/saranda/train/saranda_train_00481_t2.npy,data/processed/patches/saranda/train/saranda_train_00481_label.npy,256,12,1641,65536,2.5
saranda_train_00482,saranda,train,data/processed/patches/saranda/train/saranda_train_00482_t1.npy,data/processed/patches/saranda/train/saranda_train_00482_t2.npy,data/processed/patches/saranda/train/saranda_train_00482_label.npy,256,12,6514,65536,9.94
saranda_train_00483,saranda,train,data/processed/patches/saranda/train/saranda_train_00483_t1.npy,data/processed/patches/saranda/train/saranda_train_00483_t2.npy,data/processed/patches/saranda/train/saranda_train_00483_label.npy,256,12,5688,65536,8.68
saranda_train_00484,saranda,train,data/processed/patches/saranda/train/saranda_train_00484_t1.npy,data/processed/patches/saranda/train/saranda_train_00484_t2.npy,data/processed/patches/saranda/train/saranda_train_00484_label.npy,256,12,6153,65536,9.39
saranda_train_00485,saranda,train,data/processed/patches/saranda/train/saranda_train_00485_t1.npy,data/processed/patches/saranda/train/saranda_train_00485_t2.npy,data/processed/patches/saranda/train/saranda_train_00485_label.npy,256,12,2849,65536,4.35
saranda_train_00486,saranda,train,data/processed/patches/saranda/train/saranda_train_00486_t1.npy,data/processed/patches/saranda/train/saranda_train_00486_t2.npy,data/processed/patches/saranda/train/saranda_train_00486_label.npy,256,12,2105,65536,3.21
saranda_train_00487,saranda,train,data/processed/patches/saranda/train/saranda_train_00487_t1.npy,data/processed/patches/saranda/train/saranda_train_00487_t2.npy,data/processed/patches/saranda/train/saranda_train_00487_label.npy,256,12,2011,65536,3.07
saranda_train_00488,saranda,train,data/processed/patches/saranda/train/saranda_train_00488_t1.npy,data/processed/patches/saranda/train/saranda_train_00488_t2.npy,data/processed/patches/saranda/train/saranda_train_00488_label.npy,256,12,1041,65536,1.59
saranda_train_00489,saranda,train,data/processed/patches/saranda/train/saranda_train_00489_t1.npy,data/processed/patches/saranda/train/saranda_train_00489_t2.npy,data/processed/patches/saranda/train/saranda_train_00489_label.npy,256,12,7784,65536,11.88
saranda_train_00490,saranda,train,data/processed/patches/saranda/train/saranda_train_00490_t1.npy,data/processed/patches/saranda/train/saranda_train_00490_t2.npy,data/processed/patches/saranda/train/saranda_train_00490_label.npy,256,12,3140,65536,4.79
saranda_train_00491,saranda,train,data/processed/patches/saranda/train/saranda_train_00491_t1.npy,data/processed/patches/saranda/train/saranda_train_00491_t2.npy,data/processed/patches/saranda/train/saranda_train_00491_label.npy,256,12,3638,65536,5.55
saranda_train_00492,saranda,train,data/processed/patches/saranda/train/saranda_train_00492_t1.npy,data/processed/patches/saranda/train/saranda_train_00492_t2.npy,data/processed/patches/saranda/train/saranda_train_00492_label.npy,256,12,2503,65536,3.82
saranda_train_00493,saranda,train,data/processed/patches/saranda/train/saranda_train_00493_t1.npy,data/processed/patches/saranda/train/saranda_train_00493_t2.npy,data/processed/patches/saranda/train/saranda_train_00493_label.npy,256,12,3044,65536,4.64
saranda_train_00494,saranda,train,data/processed/patches/saranda/train/saranda_train_00494_t1.npy,data/processed/patches/saranda/train/saranda_train_00494_t2.npy,data/processed/patches/saranda/train/saranda_train_00494_label.npy,256,12,5594,65536,8.54
saranda_train_00495,saranda,train,data/processed/patches/saranda/train/saranda_train_00495_t1.npy,data/processed/patches/saranda/train/saranda_train_00495_t2.npy,data/processed/patches/saranda/train/saranda_train_00495_label.npy,256,12,2855,65536,4.36
saranda_train_00496,saranda,train,data/processed/patches/saranda/train/saranda_train_00496_t1.npy,data/processed/patches/saranda/train/saranda_train_00496_t2.npy,data/processed/patches/saranda/train/saranda_train_00496_label.npy,256,12,3516,65536,5.36
saranda_train_00497,saranda,train,data/processed/patches/saranda/train/saranda_train_00497_t1.npy,data/processed/patches/saranda/train/saranda_train_00497_t2.npy,data/processed/patches/saranda/train/saranda_train_00497_label.npy,256,12,3757,65536,5.73
saranda_train_00498,saranda,train,data/processed/patches/saranda/train/saranda_train_00498_t1.npy,data/processed/patches/saranda/train/saranda_train_00498_t2.npy,data/processed/patches/saranda/train/saranda_train_00498_label.npy,256,12,3494,65536,5.33
saranda_train_00499,saranda,train,data/processed/patches/saranda/train/saranda_train_00499_t1.npy,data/processed/patches/saranda/train/saranda_train_00499_t2.npy,data/processed/patches/saranda/train/saranda_train_00499_label.npy,256,12,4482,65536,6.84
saranda_train_00500,saranda,train,data/processed/patches/saranda/train/saranda_train_00500_t1.npy,data/processed/patches/saranda/train/saranda_train_00500_t2.npy,data/processed/patches/saranda/train/saranda_train_00500_label.npy,256,12,2219,65536,3.39
saranda_train_00501,saranda,train,data/processed/patches/saranda/train/saranda_train_00501_t1.npy,data/processed/patches/saranda/train/saranda_train_00501_t2.npy,data/processed/patches/saranda/train/saranda_train_00501_label.npy,256,12,5927,65536,9.04
saranda_train_00502,saranda,train,data/processed/patches/saranda/train/saranda_train_00502_t1.npy,data/processed/patches/saranda/train/saranda_train_00502_t2.npy,data/processed/patches/saranda/train/saranda_train_00502_label.npy,256,12,5006,65536,7.64
saranda_train_00503,saranda,train,data/processed/patches/saranda/train/saranda_train_00503_t1.npy,data/processed/patches/saranda/train/saranda_train_00503_t2.npy,data/processed/patches/saranda/train/saranda_train_00503_label.npy,256,12,4075,65536,6.22
saranda_train_00504,saranda,train,data/processed/patches/saranda/train/saranda_train_00504_t1.npy,data/processed/patches/saranda/train/saranda_train_00504_t2.npy,data/processed/patches/saranda/train/saranda_train_00504_label.npy,256,12,6478,65536,9.88
saranda_train_00505,saranda,train,data/processed/patches/saranda/train/saranda_train_00505_t1.npy,data/processed/patches/saranda/train/saranda_train_00505_t2.npy,data/processed/patches/saranda/train/saranda_train_00505_label.npy,256,12,5871,65536,8.96
saranda_train_00506,saranda,train,data/processed/patches/saranda/train/saranda_train_00506_t1.npy,data/processed/patches/saranda/train/saranda_train_00506_t2.npy,data/processed/patches/saranda/train/saranda_train_00506_label.npy,256,12,5956,65536,9.09
saranda_val_00000,saranda,val,data/processed/patches/saranda/val/saranda_val_00000_t1.npy,data/processed/patches/saranda/val/saranda_val_00000_t2.npy,data/processed/patches/saranda/val/saranda_val_00000_label.npy,256,12,2229,65536,3.4
saranda_val_00001,saranda,val,data/processed/patches/saranda/val/saranda_val_00001_t1.npy,data/processed/patches/saranda/val/saranda_val_00001_t2.npy,data/processed/patches/saranda/val/saranda_val_00001_label.npy,256,12,5049,65536,7.7
saranda_val_00002,saranda,val,data/processed/patches/saranda/val/saranda_val_00002_t1.npy,data/processed/patches/saranda/val/saranda_val_00002_t2.npy,data/processed/patches/saranda/val/saranda_val_00002_label.npy,256,12,4209,65536,6.42
saranda_val_00003,saranda,val,data/processed/patches/saranda/val/saranda_val_00003_t1.npy,data/processed/patches/saranda/val/saranda_val_00003_t2.npy,data/processed/patches/saranda/val/saranda_val_00003_label.npy,256,12,3930,65536,6.0
saranda_val_00004,saranda,val,data/processed/patches/saranda/val/saranda_val_00004_t1.npy,data/processed/patches/saranda/val/saranda_val_00004_t2.npy,data/processed/patches/saranda/val/saranda_val_00004_label.npy,256,12,5576,65536,8.51
saranda_val_00005,saranda,val,data/processed/patches/saranda/val/saranda_val_00005_t1.npy,data/processed/patches/saranda/val/saranda_val_00005_t2.npy,data/processed/patches/saranda/val/saranda_val_00005_label.npy,256,12,4230,65536,6.45
saranda_val_00006,saranda,val,data/processed/patches/saranda/val/saranda_val_00006_t1.npy,data/processed/patches/saranda/val/saranda_val_00006_t2.npy,data/processed/patches/saranda/val/saranda_val_00006_label.npy,256,12,5810,65536,8.87
saranda_val_00007,saranda,val,data/processed/patches/saranda/val/saranda_val_00007_t1.npy,data/processed/patches/saranda/val/saranda_val_00007_t2.npy,data/processed/patches/saranda/val/saranda_val_00007_label.npy,256,12,4189,65536,6.39
saranda_val_00008,saranda,val,data/processed/patches/saranda/val/saranda_val_00008_t1.npy,data/processed/patches/saranda/val/saranda_val_00008_t2.npy,data/processed/patches/saranda/val/saranda_val_00008_label.npy,256,12,6238,65536,9.52
saranda_val_00009,saranda,val,data/processed/patches/saranda/val/saranda_val_00009_t1.npy,data/processed/patches/saranda/val/saranda_val_00009_t2.npy,data/processed/patches/saranda/val/saranda_val_00009_label.npy,256,12,4526,65536,6.91
saranda_val_00010,saranda,val,data/processed/patches/saranda/val/saranda_val_00010_t1.npy,data/processed/patches/saranda/val/saranda_val_00010_t2.npy,data/processed/patches/saranda/val/saranda_val_00010_label.npy,256,12,2148,65536,3.28
saranda_val_00011,saranda,val,data/processed/patches/saranda/val/saranda_val_00011_t1.npy,data/processed/patches/saranda/val/saranda_val_00011_t2.npy,data/processed/patches/saranda/val/saranda_val_00011_label.npy,256,12,5507,65536,8.4
saranda_val_00012,saranda,val,data/processed/patches/saranda/val/saranda_val_00012_t1.npy,data/processed/patches/saranda/val/saranda_val_00012_t2.npy,data/processed/patches/saranda/val/saranda_val_00012_label.npy,256,12,4814,65536,7.35
saranda_val_00013,saranda,val,data/processed/patches/saranda/val/saranda_val_00013_t1.npy,data/processed/patches/saranda/val/saranda_val_00013_t2.npy,data/processed/patches/saranda/val/saranda_val_00013_label.npy,256,12,5102,65536,7.79
saranda_val_00014,saranda,val,data/processed/patches/saranda/val/saranda_val_00014_t1.npy,data/processed/patches/saranda/val/saranda_val_00014_t2.npy,data/processed/patches/saranda/val/saranda_val_00014_label.npy,256,12,5177,65536,7.9
saranda_val_00015,saranda,val,data/processed/patches/saranda/val/saranda_val_00015_t1.npy,data/processed/patches/saranda/val/saranda_val_00015_t2.npy,data/processed/patches/saranda/val/saranda_val_00015_label.npy,256,12,6029,65536,9.2
saranda_val_00016,saranda,val,data/processed/patches/saranda/val/saranda_val_00016_t1.npy,data/processed/patches/saranda/val/saranda_val_00016_t2.npy,data/processed/patches/saranda/val/saranda_val_00016_label.npy,256,12,5924,65536,9.04
saranda_val_00017,saranda,val,data/processed/patches/saranda/val/saranda_val_00017_t1.npy,data/processed/patches/saranda/val/saranda_val_00017_t2.npy,data/processed/patches/saranda/val/saranda_val_00017_label.npy,256,12,4842,65536,7.39
saranda_val_00018,saranda,val,data/processed/patches/saranda/val/saranda_val_00018_t1.npy,data/processed/patches/saranda/val/saranda_val_00018_t2.npy,data/processed/patches/saranda/val/saranda_val_00018_label.npy,256,12,4951,65536,7.55
saranda_val_00019,saranda,val,data/processed/patches/saranda/val/saranda_val_00019_t1.npy,data/processed/patches/saranda/val/saranda_val_00019_t2.npy,data/processed/patches/saranda/val/saranda_val_00019_label.npy,256,12,3331,65536,5.08
saranda_val_00020,saranda,val,data/processed/patches/saranda/val/saranda_val_00020_t1.npy,data/processed/patches/saranda/val/saranda_val_00020_t2.npy,data/processed/patches/saranda/val/saranda_val_00020_label.npy,256,12,6856,65536,10.46
saranda_val_00021,saranda,val,data/processed/patches/saranda/val/saranda_val_00021_t1.npy,data/processed/patches/saranda/val/saranda_val_00021_t2.npy,data/processed/patches/saranda/val/saranda_val_00021_label.npy,256,12,4718,65536,7.2
saranda_val_00022,saranda,val,data/processed/patches/saranda/val/saranda_val_00022_t1.npy,data/processed/patches/saranda/val/saranda_val_00022_t2.npy,data/processed/patches/saranda/val/saranda_val_00022_label.npy,256,12,2254,65536,3.44
saranda_val_00023,saranda,val,data/processed/patches/saranda/val/saranda_val_00023_t1.npy,data/processed/patches/saranda/val/saranda_val_00023_t2.npy,data/processed/patches/saranda/val/saranda_val_00023_label.npy,256,12,4421,65536,6.75
saranda_val_00024,saranda,val,data/processed/patches/saranda/val/saranda_val_00024_t1.npy,data/processed/patches/saranda/val/saranda_val_00024_t2.npy,data/processed/patches/saranda/val/saranda_val_00024_label.npy,256,12,7008,65536,10.69
saranda_val_00025,saranda,val,data/processed/patches/saranda/val/saranda_val_00025_t1.npy,data/processed/patches/saranda/val/saranda_val_00025_t2.npy,data/processed/patches/saranda/val/saranda_val_00025_label.npy,256,12,4365,65536,6.66
saranda_val_00026,saranda,val,data/processed/patches/saranda/val/saranda_val_00026_t1.npy,data/processed/patches/saranda/val/saranda_val_00026_t2.npy,data/processed/patches/saranda/val/saranda_val_00026_label.npy,256,12,4996,65536,7.62
saranda_val_00027,saranda,val,data/processed/patches/saranda/val/saranda_val_00027_t1.npy,data/processed/patches/saranda/val/saranda_val_00027_t2.npy,data/processed/patches/saranda/val/saranda_val_00027_label.npy,256,12,4571,65536,6.97
saranda_val_00028,saranda,val,data/processed/patches/saranda/val/saranda_val_00028_t1.npy,data/processed/patches/saranda/val/saranda_val_00028_t2.npy,data/processed/patches/saranda/val/saranda_val_00028_label.npy,256,12,3058,65536,4.67
saranda_val_00029,saranda,val,data/processed/patches/saranda/val/saranda_val_00029_t1.npy,data/processed/patches/saranda/val/saranda_val_00029_t2.npy,data/processed/patches/saranda/val/saranda_val_00029_label.npy,256,12,3516,65536,5.36
saranda_val_00030,saranda,val,data/processed/patches/saranda/val/saranda_val_00030_t1.npy,data/processed/patches/saranda/val/saranda_val_00030_t2.npy,data/processed/patches/saranda/val/saranda_val_00030_label.npy,256,12,3427,65536,5.23
saranda_val_00031,saranda,val,data/processed/patches/saranda/val/saranda_val_00031_t1.npy,data/processed/patches/saranda/val/saranda_val_00031_t2.npy,data/processed/patches/saranda/val/saranda_val_00031_label.npy,256,12,5190,65536,7.92
saranda_val_00032,saranda,val,data/processed/patches/saranda/val/saranda_val_00032_t1.npy,data/processed/patches/saranda/val/saranda_val_00032_t2.npy,data/processed/patches/saranda/val/saranda_val_00032_label.npy,256,12,4218,65536,6.44
saranda_val_00033,saranda,val,data/processed/patches/saranda/val/saranda_val_00033_t1.npy,data/processed/patches/saranda/val/saranda_val_00033_t2.npy,data/processed/patches/saranda/val/saranda_val_00033_label.npy,256,12,4178,65536,6.38
saranda_val_00034,saranda,val,data/processed/patches/saranda/val/saranda_val_00034_t1.npy,data/processed/patches/saranda/val/saranda_val_00034_t2.npy,data/processed/patches/saranda/val/saranda_val_00034_label.npy,256,12,7348,65536,11.21
saranda_val_00035,saranda,val,data/processed/patches/saranda/val/saranda_val_00035_t1.npy,data/processed/patches/saranda/val/saranda_val_00035_t2.npy,data/processed/patches/saranda/val/saranda_val_00035_label.npy,256,12,4803,65536,7.33
saranda_val_00036,saranda,val,data/processed/patches/saranda/val/saranda_val_00036_t1.npy,data/processed/patches/saranda/val/saranda_val_00036_t2.npy,data/processed/patches/saranda/val/saranda_val_00036_label.npy,256,12,7579,65536,11.56
saranda_val_00037,saranda,val,data/processed/patches/saranda/val/saranda_val_00037_t1.npy,data/processed/patches/saranda/val/saranda_val_00037_t2.npy,data/processed/patches/saranda/val/saranda_val_00037_label.npy,256,12,2448,65536,3.74
saranda_val_00038,saranda,val,data/processed/patches/saranda/val/saranda_val_00038_t1.npy,data/processed/patches/saranda/val/saranda_val_00038_t2.npy,data/processed/patches/saranda/val/saranda_val_00038_label.npy,256,12,4718,65536,7.2
saranda_val_00039,saranda,val,data/processed/patches/saranda/val/saranda_val_00039_t1.npy,data/processed/patches/saranda/val/saranda_val_00039_t2.npy,data/processed/patches/saranda/val/saranda_val_00039_label.npy,256,12,3918,65536,5.98
saranda_val_00040,saranda,val,data/processed/patches/saranda/val/saranda_val_00040_t1.npy,data/processed/patches/saranda/val/saranda_val_00040_t2.npy,data/processed/patches/saranda/val/saranda_val_00040_label.npy,256,12,2818,65536,4.3
saranda_val_00041,saranda,val,data/processed/patches/saranda/val/saranda_val_00041_t1.npy,data/processed/patches/saranda/val/saranda_val_00041_t2.npy,data/processed/patches/saranda/val/saranda_val_00041_label.npy,256,12,4620,65536,7.05
saranda_val_00042,saranda,val,data/processed/patches/saranda/val/saranda_val_00042_t1.npy,data/processed/patches/saranda/val/saranda_val_00042_t2.npy,data/processed/patches/saranda/val/saranda_val_00042_label.npy,256,12,4442,65536,6.78
saranda_val_00043,saranda,val,data/processed/patches/saranda/val/saranda_val_00043_t1.npy,data/processed/patches/saranda/val/saranda_val_00043_t2.npy,data/processed/patches/saranda/val/saranda_val_00043_label.npy,256,12,1900,65536,2.9
saranda_val_00044,saranda,val,data/processed/patches/saranda/val/saranda_val_00044_t1.npy,data/processed/patches/saranda/val/saranda_val_00044_t2.npy,data/processed/patches/saranda/val/saranda_val_00044_label.npy,256,12,4463,65536,6.81
saranda_val_00045,saranda,val,data/processed/patches/saranda/val/saranda_val_00045_t1.npy,data/processed/patches/saranda/val/saranda_val_00045_t2.npy,data/processed/patches/saranda/val/saranda_val_00045_label.npy,256,12,359,65536,0.55
saranda_val_00046,saranda,val,data/processed/patches/saranda/val/saranda_val_00046_t1.npy,data/processed/patches/saranda/val/saranda_val_00046_t2.npy,data/processed/patches/saranda/val/saranda_val_00046_label.npy,256,12,4453,65536,6.79
saranda_val_00047,saranda,val,data/processed/patches/saranda/val/saranda_val_00047_t1.npy,data/processed/patches/saranda/val/saranda_val_00047_t2.npy,data/processed/patches/saranda/val/saranda_val_00047_label.npy,256,12,4618,65536,7.05
saranda_val_00048,saranda,val,data/processed/patches/saranda/val/saranda_val_00048_t1.npy,data/processed/patches/saranda/val/saranda_val_00048_t2.npy,data/processed/patches/saranda/val/saranda_val_00048_label.npy,256,12,5724,65536,8.73
saranda_val_00049,saranda,val,data/processed/patches/saranda/val/saranda_val_00049_t1.npy,data/processed/patches/saranda/val/saranda_val_00049_t2.npy,data/processed/patches/saranda/val/saranda_val_00049_label.npy,256,12,5404,65536,8.25
saranda_val_00050,saranda,val,data/processed/patches/saranda/val/saranda_val_00050_t1.npy,data/processed/patches/saranda/val/saranda_val_00050_t2.npy,data/processed/patches/saranda/val/saranda_val_00050_label.npy,256,12,3348,65536,5.11
saranda_val_00051,saranda,val,data/processed/patches/saranda/val/saranda_val_00051_t1.npy,data/processed/patches/saranda/val/saranda_val_00051_t2.npy,data/processed/patches/saranda/val/saranda_val_00051_label.npy,256,12,1709,65536,2.61
saranda_val_00052,saranda,val,data/processed/patches/saranda/val/saranda_val_00052_t1.npy,data/processed/patches/saranda/val/saranda_val_00052_t2.npy,data/processed/patches/saranda/val/saranda_val_00052_label.npy,256,12,2507,65536,3.83
saranda_val_00053,saranda,val,data/processed/patches/saranda/val/saranda_val_00053_t1.npy,data/processed/patches/saranda/val/saranda_val_00053_t2.npy,data/processed/patches/saranda/val/saranda_val_00053_label.npy,256,12,3929,65536,6.0
saranda_val_00054,saranda,val,data/processed/patches/saranda/val/saranda_val_00054_t1.npy,data/processed/patches/saranda/val/saranda_val_00054_t2.npy,data/processed/patches/saranda/val/saranda_val_00054_label.npy,256,12,3063,65536,4.67
saranda_val_00055,saranda,val,data/processed/patches/saranda/val/saranda_val_00055_t1.npy,data/processed/patches/saranda/val/saranda_val_00055_t2.npy,data/processed/patches/saranda/val/saranda_val_00055_label.npy,256,12,5711,65536,8.71
saranda_val_00056,saranda,val,data/processed/patches/saranda/val/saranda_val_00056_t1.npy,data/processed/patches/saranda/val/saranda_val_00056_t2.npy,data/processed/patches/saranda/val/saranda_val_00056_label.npy,256,12,3110,65536,4.75
saranda_val_00057,saranda,val,data/processed/patches/saranda/val/saranda_val_00057_t1.npy,data/processed/patches/saranda/val/saranda_val_00057_t2.npy,data/processed/patches/saranda/val/saranda_val_00057_label.npy,256,12,5611,65536,8.56
saranda_val_00058,saranda,val,data/processed/patches/saranda/val/saranda_val_00058_t1.npy,data/processed/patches/saranda/val/saranda_val_00058_t2.npy,data/processed/patches/saranda/val/saranda_val_00058_label.npy,256,12,3422,65536,5.22
saranda_val_00059,saranda,val,data/processed/patches/saranda/val/saranda_val_00059_t1.npy,data/processed/patches/saranda/val/saranda_val_00059_t2.npy,data/processed/patches/saranda/val/saranda_val_00059_label.npy,256,12,5114,65536,7.8
saranda_val_00060,saranda,val,data/processed/patches/saranda/val/saranda_val_00060_t1.npy,data/processed/patches/saranda/val/saranda_val_00060_t2.npy,data/processed/patches/saranda/val/saranda_val_00060_label.npy,256,12,1738,65536,2.65
saranda_val_00061,saranda,val,data/processed/patches/saranda/val/saranda_val_00061_t1.npy,data/processed/patches/saranda/val/saranda_val_00061_t2.npy,data/processed/patches/saranda/val/saranda_val_00061_label.npy,256,12,6010,65536,9.17
saranda_val_00062,saranda,val,data/processed/patches/saranda/val/saranda_val_00062_t1.npy,data/processed/patches/saranda/val/saranda_val_00062_t2.npy,data/processed/patches/saranda/val/saranda_val_00062_label.npy,256,12,110,65536,0.17
saranda_val_00063,saranda,val,data/processed/patches/saranda/val/saranda_val_00063_t1.npy,data/processed/patches/saranda/val/saranda_val_00063_t2.npy,data/processed/patches/saranda/val/saranda_val_00063_label.npy,256,12,5865,65536,8.95
saranda_val_00064,saranda,val,data/processed/patches/saranda/val/saranda_val_00064_t1.npy,data/processed/patches/saranda/val/saranda_val_00064_t2.npy,data/processed/patches/saranda/val/saranda_val_00064_label.npy,256,12,4368,65536,6.67
saranda_val_00065,saranda,val,data/processed/patches/saranda/val/saranda_val_00065_t1.npy,data/processed/patches/saranda/val/saranda_val_00065_t2.npy,data/processed/patches/saranda/val/saranda_val_00065_label.npy,256,12,9681,65536,14.77
saranda_val_00066,saranda,val,data/processed/patches/saranda/val/saranda_val_00066_t1.npy,data/processed/patches/saranda/val/saranda_val_00066_t2.npy,data/processed/patches/saranda/val/saranda_val_00066_label.npy,256,12,2547,65536,3.89
saranda_val_00067,saranda,val,data/processed/patches/saranda/val/saranda_val_00067_t1.npy,data/processed/patches/saranda/val/saranda_val_00067_t2.npy,data/processed/patches/saranda/val/saranda_val_00067_label.npy,256,12,3211,65536,4.9
saranda_val_00068,saranda,val,data/processed/patches/saranda/val/saranda_val_00068_t1.npy,data/processed/patches/saranda/val/saranda_val_00068_t2.npy,data/processed/patches/saranda/val/saranda_val_00068_label.npy,256,12,5548,65536,8.47
saranda_val_00069,saranda,val,data/processed/patches/saranda/val/saranda_val_00069_t1.npy,data/processed/patches/saranda/val/saranda_val_00069_t2.npy,data/processed/patches/saranda/val/saranda_val_00069_label.npy,256,12,1927,65536,2.94
saranda_val_00070,saranda,val,data/processed/patches/saranda/val/saranda_val_00070_t1.npy,data/processed/patches/saranda/val/saranda_val_00070_t2.npy,data/processed/patches/saranda/val/saranda_val_00070_label.npy,256,12,3976,65536,6.07
saranda_val_00071,saranda,val,data/processed/patches/saranda/val/saranda_val_00071_t1.npy,data/processed/patches/saranda/val/saranda_val_00071_t2.npy,data/processed/patches/saranda/val/saranda_val_00071_label.npy,256,12,603,65536,0.92
saranda_val_00072,saranda,val,data/processed/patches/saranda/val/saranda_val_00072_t1.npy,data/processed/patches/saranda/val/saranda_val_00072_t2.npy,data/processed/patches/saranda/val/saranda_val_00072_label.npy,256,12,5449,65536,8.31
saranda_val_00073,saranda,val,data/processed/patches/saranda/val/saranda_val_00073_t1.npy,data/processed/patches/saranda/val/saranda_val_00073_t2.npy,data/processed/patches/saranda/val/saranda_val_00073_label.npy,256,12,6497,65536,9.91
saranda_val_00074,saranda,val,data/processed/patches/saranda/val/saranda_val_00074_t1.npy,data/processed/patches/saranda/val/saranda_val_00074_t2.npy,data/processed/patches/saranda/val/saranda_val_00074_label.npy,256,12,629,65536,0.96
saranda_val_00075,saranda,val,data/processed/patches/saranda/val/saranda_val_00075_t1.npy,data/processed/patches/saranda/val/saranda_val_00075_t2.npy,data/processed/patches/saranda/val/saranda_val_00075_label.npy,256,12,4587,65536,7.0
saranda_val_00076,saranda,val,data/processed/patches/saranda/val/saranda_val_00076_t1.npy,data/processed/patches/saranda/val/saranda_val_00076_t2.npy,data/processed/patches/saranda/val/saranda_val_00076_label.npy,256,12,4659,65536,7.11
saranda_val_00077,saranda,val,data/processed/patches/saranda/val/saranda_val_00077_t1.npy,data/processed/patches/saranda/val/saranda_val_00077_t2.npy,data/processed/patches/saranda/val/saranda_val_00077_label.npy,256,12,1052,65536,1.61
saranda_val_00078,saranda,val,data/processed/patches/saranda/val/saranda_val_00078_t1.npy,data/processed/patches/saranda/val/saranda_val_00078_t2.npy,data/processed/patches/saranda/val/saranda_val_00078_label.npy,256,12,5366,65536,8.19
saranda_val_00079,saranda,val,data/processed/patches/saranda/val/saranda_val_00079_t1.npy,data/processed/patches/saranda/val/saranda_val_00079_t2.npy,data/processed/patches/saranda/val/saranda_val_00079_label.npy,256,12,3602,65536,5.5
saranda_val_00080,saranda,val,data/processed/patches/saranda/val/saranda_val_00080_t1.npy,data/processed/patches/saranda/val/saranda_val_00080_t2.npy,data/processed/patches/saranda/val/saranda_val_00080_label.npy,256,12,2379,65536,3.63
saranda_val_00081,saranda,val,data/processed/patches/saranda/val/saranda_val_00081_t1.npy,data/processed/patches/saranda/val/saranda_val_00081_t2.npy,data/processed/patches/saranda/val/saranda_val_00081_label.npy,256,12,1520,65536,2.32
saranda_val_00082,saranda,val,data/processed/patches/saranda/val/saranda_val_00082_t1.npy,data/processed/patches/saranda/val/saranda_val_00082_t2.npy,data/processed/patches/saranda/val/saranda_val_00082_label.npy,256,12,5886,65536,8.98
saranda_val_00083,saranda,val,data/processed/patches/saranda/val/saranda_val_00083_t1.npy,data/processed/patches/saranda/val/saranda_val_00083_t2.npy,data/processed/patches/saranda/val/saranda_val_00083_label.npy,256,12,4055,65536,6.19
saranda_val_00084,saranda,val,data/processed/patches/saranda/val/saranda_val_00084_t1.npy,data/processed/patches/saranda/val/saranda_val_00084_t2.npy,data/processed/patches/saranda/val/saranda_val_00084_label.npy,256,12,2898,65536,4.42
saranda_val_00085,saranda,val,data/processed/patches/saranda/val/saranda_val_00085_t1.npy,data/processed/patches/saranda/val/saranda_val_00085_t2.npy,data/processed/patches/saranda/val/saranda_val_00085_label.npy,256,12,4601,65536,7.02
saranda_val_00086,saranda,val,data/processed/patches/saranda/val/saranda_val_00086_t1.npy,data/processed/patches/saranda/val/saranda_val_00086_t2.npy,data/processed/patches/saranda/val/saranda_val_00086_label.npy,256,12,8330,65536,12.71
saranda_val_00087,saranda,val,data/processed/patches/saranda/val/saranda_val_00087_t1.npy,data/processed/patches/saranda/val/saranda_val_00087_t2.npy,data/processed/patches/saranda/val/saranda_val_00087_label.npy,256,12,5671,65536,8.65
saranda_val_00088,saranda,val,data/processed/patches/saranda/val/saranda_val_00088_t1.npy,data/processed/patches/saranda/val/saranda_val_00088_t2.npy,data/processed/patches/saranda/val/saranda_val_00088_label.npy,256,12,6391,65536,9.75
saranda_val_00089,saranda,val,data/processed/patches/saranda/val/saranda_val_00089_t1.npy,data/processed/patches/saranda/val/saranda_val_00089_t2.npy,data/processed/patches/saranda/val/saranda_val_00089_label.npy,256,12,5924,65536,9.04
saranda_val_00090,saranda,val,data/processed/patches/saranda/val/saranda_val_00090_t1.npy,data/processed/patches/saranda/val/saranda_val_00090_t2.npy,data/processed/patches/saranda/val/saranda_val_00090_label.npy,256,12,2952,65536,4.5
saranda_val_00091,saranda,val,data/processed/patches/saranda/val/saranda_val_00091_t1.npy,data/processed/patches/saranda/val/saranda_val_00091_t2.npy,data/processed/patches/saranda/val/saranda_val_00091_label.npy,256,12,4217,65536,6.43
saranda_val_00092,saranda,val,data/processed/patches/saranda/val/saranda_val_00092_t1.npy,data/processed/patches/saranda/val/saranda_val_00092_t2.npy,data/processed/patches/saranda/val/saranda_val_00092_label.npy,256,12,5539,65536,8.45
saranda_val_00093,saranda,val,data/processed/patches/saranda/val/saranda_val_00093_t1.npy,data/processed/patches/saranda/val/saranda_val_00093_t2.npy,data/processed/patches/saranda/val/saranda_val_00093_label.npy,256,12,3859,65536,5.89
saranda_val_00094,saranda,val,data/processed/patches/saranda/val/saranda_val_00094_t1.npy,data/processed/patches/saranda/val/saranda_val_00094_t2.npy,data/processed/patches/saranda/val/saranda_val_00094_label.npy,256,12,2696,65536,4.11
saranda_val_00095,saranda,val,data/processed/patches/saranda/val/saranda_val_00095_t1.npy,data/processed/patches/saranda/val/saranda_val_00095_t2.npy,data/processed/patches/saranda/val/saranda_val_00095_label.npy,256,12,444,65536,0.68
saranda_val_00096,saranda,val,data/processed/patches/saranda/val/saranda_val_00096_t1.npy,data/processed/patches/saranda/val/saranda_val_00096_t2.npy,data/processed/patches/saranda/val/saranda_val_00096_label.npy,256,12,2853,65536,4.35
saranda_val_00097,saranda,val,data/processed/patches/saranda/val/saranda_val_00097_t1.npy,data/processed/patches/saranda/val/saranda_val_00097_t2.npy,data/processed/patches/saranda/val/saranda_val_00097_label.npy,256,12,5364,65536,8.18
saranda_val_00098,saranda,val,data/processed/patches/saranda/val/saranda_val_00098_t1.npy,data/processed/patches/saranda/val/saranda_val_00098_t2.npy,data/processed/patches/saranda/val/saranda_val_00098_label.npy,256,12,4702,65536,7.17
saranda_val_00099,saranda,val,data/processed/patches/saranda/val/saranda_val_00099_t1.npy,data/processed/patches/saranda/val/saranda_val_00099_t2.npy,data/processed/patches/saranda/val/saranda_val_00099_label.npy,256,12,4707,65536,7.18
saranda_val_00100,saranda,val,data/processed/patches/saranda/val/saranda_val_00100_t1.npy,data/processed/patches/saranda/val/saranda_val_00100_t2.npy,data/processed/patches/saranda/val/saranda_val_00100_label.npy,256,12,2311,65536,3.53
saranda_val_00101,saranda,val,data/processed/patches/saranda/val/saranda_val_00101_t1.npy,data/processed/patches/saranda/val/saranda_val_00101_t2.npy,data/processed/patches/saranda/val/saranda_val_00101_label.npy,256,12,6473,65536,9.88
saranda_val_00102,saranda,val,data/processed/patches/saranda/val/saranda_val_00102_t1.npy,data/processed/patches/saranda/val/saranda_val_00102_t2.npy,data/processed/patches/saranda/val/saranda_val_00102_label.npy,256,12,3779,65536,5.77
saranda_val_00103,saranda,val,data/processed/patches/saranda/val/saranda_val_00103_t1.npy,data/processed/patches/saranda/val/saranda_val_00103_t2.npy,data/processed/patches/saranda/val/saranda_val_00103_label.npy,256,12,3963,65536,6.05
saranda_val_00104,saranda,val,data/processed/patches/saranda/val/saranda_val_00104_t1.npy,data/processed/patches/saranda/val/saranda_val_00104_t2.npy,data/processed/patches/saranda/val/saranda_val_00104_label.npy,256,12,5095,65536,7.77
saranda_val_00105,saranda,val,data/processed/patches/saranda/val/saranda_val_00105_t1.npy,data/processed/patches/saranda/val/saranda_val_00105_t2.npy,data/processed/patches/saranda/val/saranda_val_00105_label.npy,256,12,6687,65536,10.2
saranda_val_00106,saranda,val,data/processed/patches/saranda/val/saranda_val_00106_t1.npy,data/processed/patches/saranda/val/saranda_val_00106_t2.npy,data/processed/patches/saranda/val/saranda_val_00106_label.npy,256,12,797,65536,1.22
saranda_val_00107,saranda,val,data/processed/patches/saranda/val/saranda_val_00107_t1.npy,data/processed/patches/saranda/val/saranda_val_00107_t2.npy,data/processed/patches/saranda/val/saranda_val_00107_label.npy,256,12,5478,65536,8.36
saranda_test_00000,saranda,test,data/processed/patches/saranda/test/saranda_test_00000_t1.npy,data/processed/patches/saranda/test/saranda_test_00000_t2.npy,data/processed/patches/saranda/test/saranda_test_00000_label.npy,256,12,3654,65536,5.58
saranda_test_00001,saranda,test,data/processed/patches/saranda/test/saranda_test_00001_t1.npy,data/processed/patches/saranda/test/saranda_test_00001_t2.npy,data/processed/patches/saranda/test/saranda_test_00001_label.npy,256,12,7094,65536,10.82
saranda_test_00002,saranda,test,data/processed/patches/saranda/test/saranda_test_00002_t1.npy,data/processed/patches/saranda/test/saranda_test_00002_t2.npy,data/processed/patches/saranda/test/saranda_test_00002_label.npy,256,12,4021,65536,6.14
saranda_test_00003,saranda,test,data/processed/patches/saranda/test/saranda_test_00003_t1.npy,data/processed/patches/saranda/test/saranda_test_00003_t2.npy,data/processed/patches/saranda/test/saranda_test_00003_label.npy,256,12,4797,65536,7.32
saranda_test_00004,saranda,test,data/processed/patches/saranda/test/saranda_test_00004_t1.npy,data/processed/patches/saranda/test/saranda_test_00004_t2.npy,data/processed/patches/saranda/test/saranda_test_00004_label.npy,256,12,8015,65536,12.23
saranda_test_00005,saranda,test,data/processed/patches/saranda/test/saranda_test_00005_t1.npy,data/processed/patches/saranda/test/saranda_test_00005_t2.npy,data/processed/patches/saranda/test/saranda_test_00005_label.npy,256,12,817,65536,1.25
saranda_test_00006,saranda,test,data/processed/patches/saranda/test/saranda_test_00006_t1.npy,data/processed/patches/saranda/test/saranda_test_00006_t2.npy,data/processed/patches/saranda/test/saranda_test_00006_label.npy,256,12,2439,65536,3.72
saranda_test_00007,saranda,test,data/processed/patches/saranda/test/saranda_test_00007_t1.npy,data/processed/patches/saranda/test/saranda_test_00007_t2.npy,data/processed/patches/saranda/test/saranda_test_00007_label.npy,256,12,455,65536,0.69
saranda_test_00008,saranda,test,data/processed/patches/saranda/test/saranda_test_00008_t1.npy,data/processed/patches/saranda/test/saranda_test_00008_t2.npy,data/processed/patches/saranda/test/saranda_test_00008_label.npy,256,12,3797,65536,5.79
saranda_test_00009,saranda,test,data/processed/patches/saranda/test/saranda_test_00009_t1.npy,data/processed/patches/saranda/test/saranda_test_00009_t2.npy,data/processed/patches/saranda/test/saranda_test_00009_label.npy,256,12,1969,65536,3.0
saranda_test_00010,saranda,test,data/processed/patches/saranda/test/saranda_test_00010_t1.npy,data/processed/patches/saranda/test/saranda_test_00010_t2.npy,data/processed/patches/saranda/test/saranda_test_00010_label.npy,256,12,1848,65536,2.82
saranda_test_00011,saranda,test,data/processed/patches/saranda/test/saranda_test_00011_t1.npy,data/processed/patches/saranda/test/saranda_test_00011_t2.npy,data/processed/patches/saranda/test/saranda_test_00011_label.npy,256,12,3501,65536,5.34
saranda_test_00012,saranda,test,data/processed/patches/saranda/test/saranda_test_00012_t1.npy,data/processed/patches/saranda/test/saranda_test_00012_t2.npy,data/processed/patches/saranda/test/saranda_test_00012_label.npy,256,12,9851,65536,15.03
saranda_test_00013,saranda,test,data/processed/patches/saranda/test/saranda_test_00013_t1.npy,data/processed/patches/saranda/test/saranda_test_00013_t2.npy,data/processed/patches/saranda/test/saranda_test_00013_label.npy,256,12,6660,65536,10.16
saranda_test_00014,saranda,test,data/processed/patches/saranda/test/saranda_test_00014_t1.npy,data/processed/patches/saranda/test/saranda_test_00014_t2.npy,data/processed/patches/saranda/test/saranda_test_00014_label.npy,256,12,5472,65536,8.35
saranda_test_00015,saranda,test,data/processed/patches/saranda/test/saranda_test_00015_t1.npy,data/processed/patches/saranda/test/saranda_test_00015_t2.npy,data/processed/patches/saranda/test/saranda_test_00015_label.npy,256,12,6278,65536,9.58
saranda_test_00016,saranda,test,data/processed/patches/saranda/test/saranda_test_00016_t1.npy,data/processed/patches/saranda/test/saranda_test_00016_t2.npy,data/processed/patches/saranda/test/saranda_test_00016_label.npy,256,12,4677,65536,7.14
saranda_test_00017,saranda,test,data/processed/patches/saranda/test/saranda_test_00017_t1.npy,data/processed/patches/saranda/test/saranda_test_00017_t2.npy,data/processed/patches/saranda/test/saranda_test_00017_label.npy,256,12,2381,65536,3.63
saranda_test_00018,saranda,test,data/processed/patches/saranda/test/saranda_test_00018_t1.npy,data/processed/patches/saranda/test/saranda_test_00018_t2.npy,data/processed/patches/saranda/test/saranda_test_00018_label.npy,256,12,2507,65536,3.83
saranda_test_00019,saranda,test,data/processed/patches/saranda/test/saranda_test_00019_t1.npy,data/processed/patches/saranda/test/saranda_test_00019_t2.npy,data/processed/patches/saranda/test/saranda_test_00019_label.npy,256,12,4161,65536,6.35
saranda_test_00020,saranda,test,data/processed/patches/saranda/test/saranda_test_00020_t1.npy,data/processed/patches/saranda/test/saranda_test_00020_t2.npy,data/processed/patches/saranda/test/saranda_test_00020_label.npy,256,12,6877,65536,10.49
saranda_test_00021,saranda,test,data/processed/patches/saranda/test/saranda_test_00021_t1.npy,data/processed/patches/saranda/test/saranda_test_00021_t2.npy,data/processed/patches/saranda/test/saranda_test_00021_label.npy,256,12,2726,65536,4.16
saranda_test_00022,saranda,test,data/processed/patches/saranda/test/saranda_test_00022_t1.npy,data/processed/patches/saranda/test/saranda_test_00022_t2.npy,data/processed/patches/saranda/test/saranda_test_00022_label.npy,256,12,3257,65536,4.97
saranda_test_00023,saranda,test,data/processed/patches/saranda/test/saranda_test_00023_t1.npy,data/processed/patches/saranda/test/saranda_test_00023_t2.npy,data/processed/patches/saranda/test/saranda_test_00023_label.npy,256,12,4082,65536,6.23
saranda_test_00024,saranda,test,data/processed/patches/saranda/test/saranda_test_00024_t1.npy,data/processed/patches/saranda/test/saranda_test_00024_t2.npy,data/processed/patches/saranda/test/saranda_test_00024_label.npy,256,12,3416,65536,5.21
saranda_test_00025,saranda,test,data/processed/patches/saranda/test/saranda_test_00025_t1.npy,data/processed/patches/saranda/test/saranda_test_00025_t2.npy,data/processed/patches/saranda/test/saranda_test_00025_label.npy,256,12,4256,65536,6.49
saranda_test_00026,saranda,test,data/processed/patches/saranda/test/saranda_test_00026_t1.npy,data/processed/patches/saranda/test/saranda_test_00026_t2.npy,data/processed/patches/saranda/test/saranda_test_00026_label.npy,256,12,6010,65536,9.17
saranda_test_00027,saranda,test,data/processed/patches/saranda/test/saranda_test_00027_t1.npy,data/processed/patches/saranda/test/saranda_test_00027_t2.npy,data/processed/patches/saranda/test/saranda_test_00027_label.npy,256,12,1891,65536,2.89
saranda_test_00028,saranda,test,data/processed/patches/saranda/test/saranda_test_00028_t1.npy,data/processed/patches/saranda/test/saranda_test_00028_t2.npy,data/processed/patches/saranda/test/saranda_test_00028_label.npy,256,12,6678,65536,10.19
saranda_test_00029,saranda,test,data/processed/patches/saranda/test/saranda_test_00029_t1.npy,data/processed/patches/saranda/test/saranda_test_00029_t2.npy,data/processed/patches/saranda/test/saranda_test_00029_label.npy,256,12,6204,65536,9.47
saranda_test_00030,saranda,test,data/processed/patches/saranda/test/saranda_test_00030_t1.npy,data/processed/patches/saranda/test/saranda_test_00030_t2.npy,data/processed/patches/saranda/test/saranda_test_00030_label.npy,256,12,4201,65536,6.41
saranda_test_00031,saranda,test,data/processed/patches/saranda/test/saranda_test_00031_t1.npy,data/processed/patches/saranda/test/saranda_test_00031_t2.npy,data/processed/patches/saranda/test/saranda_test_00031_label.npy,256,12,6053,65536,9.24
saranda_test_00032,saranda,test,data/processed/patches/saranda/test/saranda_test_00032_t1.npy,data/processed/patches/saranda/test/saranda_test_00032_t2.npy,data/processed/patches/saranda/test/saranda_test_00032_label.npy,256,12,3046,65536,4.65
saranda_test_00033,saranda,test,data/processed/patches/saranda/test/saranda_test_00033_t1.npy,data/processed/patches/saranda/test/saranda_test_00033_t2.npy,data/processed/patches/saranda/test/saranda_test_00033_label.npy,256,12,5216,65536,7.96
saranda_test_00034,saranda,test,data/processed/patches/saranda/test/saranda_test_00034_t1.npy,data/processed/patches/saranda/test/saranda_test_00034_t2.npy,data/processed/patches/saranda/test/saranda_test_00034_label.npy,256,12,2738,65536,4.18
saranda_test_00035,saranda,test,data/processed/patches/saranda/test/saranda_test_00035_t1.npy,data/processed/patches/saranda/test/saranda_test_00035_t2.npy,data/processed/patches/saranda/test/saranda_test_00035_label.npy,256,12,2284,65536,3.49
saranda_test_00036,saranda,test,data/processed/patches/saranda/test/saranda_test_00036_t1.npy,data/processed/patches/saranda/test/saranda_test_00036_t2.npy,data/processed/patches/saranda/test/saranda_test_00036_label.npy,256,12,1215,65536,1.85
saranda_test_00037,saranda,test,data/processed/patches/saranda/test/saranda_test_00037_t1.npy,data/processed/patches/saranda/test/saranda_test_00037_t2.npy,data/processed/patches/saranda/test/saranda_test_00037_label.npy,256,12,3608,65536,5.51
saranda_test_00038,saranda,test,data/processed/patches/saranda/test/saranda_test_00038_t1.npy,data/processed/patches/saranda/test/saranda_test_00038_t2.npy,data/processed/patches/saranda/test/saranda_test_00038_label.npy,256,12,3124,65536,4.77
saranda_test_00039,saranda,test,data/processed/patches/saranda/test/saranda_test_00039_t1.npy,data/processed/patches/saranda/test/saranda_test_00039_t2.npy,data/processed/patches/saranda/test/saranda_test_00039_label.npy,256,12,7162,65536,10.93
saranda_test_00040,saranda,test,data/processed/patches/saranda/test/saranda_test_00040_t1.npy,data/processed/patches/saranda/test/saranda_test_00040_t2.npy,data/processed/patches/saranda/test/saranda_test_00040_label.npy,256,12,5053,65536,7.71
saranda_test_00041,saranda,test,data/processed/patches/saranda/test/saranda_test_00041_t1.npy,data/processed/patches/saranda/test/saranda_test_00041_t2.npy,data/processed/patches/saranda/test/saranda_test_00041_label.npy,256,12,4090,65536,6.24
saranda_test_00042,saranda,test,data/processed/patches/saranda/test/saranda_test_00042_t1.npy,data/processed/patches/saranda/test/saranda_test_00042_t2.npy,data/processed/patches/saranda/test/saranda_test_00042_label.npy,256,12,4168,65536,6.36
saranda_test_00043,saranda,test,data/processed/patches/saranda/test/saranda_test_00043_t1.npy,data/processed/patches/saranda/test/saranda_test_00043_t2.npy,data/processed/patches/saranda/test/saranda_test_00043_label.npy,256,12,1928,65536,2.94
saranda_test_00044,saranda,test,data/processed/patches/saranda/test/saranda_test_00044_t1.npy,data/processed/patches/saranda/test/saranda_test_00044_t2.npy,data/processed/patches/saranda/test/saranda_test_00044_label.npy,256,12,6299,65536,9.61
saranda_test_00045,saranda,test,data/processed/patches/saranda/test/saranda_test_00045_t1.npy,data/processed/patches/saranda/test/saranda_test_00045_t2.npy,data/processed/patches/saranda/test/saranda_test_00045_label.npy,256,12,4900,65536,7.48
saranda_test_00046,saranda,test,data/processed/patches/saranda/test/saranda_test_00046_t1.npy,data/processed/patches/saranda/test/saranda_test_00046_t2.npy,data/processed/patches/saranda/test/saranda_test_00046_label.npy,256,12,5077,65536,7.75
saranda_test_00047,saranda,test,data/processed/patches/saranda/test/saranda_test_00047_t1.npy,data/processed/patches/saranda/test/saranda_test_00047_t2.npy,data/processed/patches/saranda/test/saranda_test_00047_label.npy,256,12,5650,65536,8.62
saranda_test_00048,saranda,test,data/processed/patches/saranda/test/saranda_test_00048_t1.npy,data/processed/patches/saranda/test/saranda_test_00048_t2.npy,data/processed/patches/saranda/test/saranda_test_00048_label.npy,256,12,701,65536,1.07
saranda_test_00049,saranda,test,data/processed/patches/saranda/test/saranda_test_00049_t1.npy,data/processed/patches/saranda/test/saranda_test_00049_t2.npy,data/processed/patches/saranda/test/saranda_test_00049_label.npy,256,12,5069,65536,7.73
saranda_test_00050,saranda,test,data/processed/patches/saranda/test/saranda_test_00050_t1.npy,data/processed/patches/saranda/test/saranda_test_00050_t2.npy,data/processed/patches/saranda/test/saranda_test_00050_label.npy,256,12,6397,65536,9.76
saranda_test_00051,saranda,test,data/processed/patches/saranda/test/saranda_test_00051_t1.npy,data/processed/patches/saranda/test/saranda_test_00051_t2.npy,data/processed/patches/saranda/test/saranda_test_00051_label.npy,256,12,5918,65536,9.03
saranda_test_00052,saranda,test,data/processed/patches/saranda/test/saranda_test_00052_t1.npy,data/processed/patches/saranda/test/saranda_test_00052_t2.npy,data/processed/patches/saranda/test/saranda_test_00052_label.npy,256,12,603,65536,0.92
saranda_test_00053,saranda,test,data/processed/patches/saranda/test/saranda_test_00053_t1.npy,data/processed/patches/saranda/test/saranda_test_00053_t2.npy,data/processed/patches/saranda/test/saranda_test_00053_label.npy,256,12,2043,65536,3.12
saranda_test_00054,saranda,test,data/processed/patches/saranda/test/saranda_test_00054_t1.npy,data/processed/patches/saranda/test/saranda_test_00054_t2.npy,data/processed/patches/saranda/test/saranda_test_00054_label.npy,256,12,1973,65536,3.01
saranda_test_00055,saranda,test,data/processed/patches/saranda/test/saranda_test_00055_t1.npy,data/processed/patches/saranda/test/saranda_test_00055_t2.npy,data/processed/patches/saranda/test/saranda_test_00055_label.npy,256,12,6112,65536,9.33
saranda_test_00056,saranda,test,data/processed/patches/saranda/test/saranda_test_00056_t1.npy,data/processed/patches/saranda/test/saranda_test_00056_t2.npy,data/processed/patches/saranda/test/saranda_test_00056_label.npy,256,12,6578,65536,10.04
saranda_test_00057,saranda,test,data/processed/patches/saranda/test/saranda_test_00057_t1.npy,data/processed/patches/saranda/test/saranda_test_00057_t2.npy,data/processed/patches/saranda/test/saranda_test_00057_label.npy,256,12,2272,65536,3.47
saranda_test_00058,saranda,test,data/processed/patches/saranda/test/saranda_test_00058_t1.npy,data/processed/patches/saranda/test/saranda_test_00058_t2.npy,data/processed/patches/saranda/test/saranda_test_00058_label.npy,256,12,3683,65536,5.62
saranda_test_00059,saranda,test,data/processed/patches/saranda/test/saranda_test_00059_t1.npy,data/processed/patches/saranda/test/saranda_test_00059_t2.npy,data/processed/patches/saranda/test/saranda_test_00059_label.npy,256,12,7590,65536,11.58
saranda_test_00060,saranda,test,data/processed/patches/saranda/test/saranda_test_00060_t1.npy,data/processed/patches/saranda/test/saranda_test_00060_t2.npy,data/processed/patches/saranda/test/saranda_test_00060_label.npy,256,12,2537,65536,3.87
saranda_test_00061,saranda,test,data/processed/patches/saranda/test/saranda_test_00061_t1.npy,data/processed/patches/saranda/test/saranda_test_00061_t2.npy,data/processed/patches/saranda/test/saranda_test_00061_label.npy,256,12,2198,65536,3.35
saranda_test_00062,saranda,test,data/processed/patches/saranda/test/saranda_test_00062_t1.npy,data/processed/patches/saranda/test/saranda_test_00062_t2.npy,data/processed/patches/saranda/test/saranda_test_00062_label.npy,256,12,2598,65536,3.96
saranda_test_00063,saranda,test,data/processed/patches/saranda/test/saranda_test_00063_t1.npy,data/processed/patches/saranda/test/saranda_test_00063_t2.npy,data/processed/patches/saranda/test/saranda_test_00063_label.npy,256,12,8250,65536,12.59
saranda_test_00064,saranda,test,data/processed/patches/saranda/test/saranda_test_00064_t1.npy,data/processed/patches/saranda/test/saranda_test_00064_t2.npy,data/processed/patches/saranda/test/saranda_test_00064_label.npy,256,12,5364,65536,8.18
saranda_test_00065,saranda,test,data/processed/patches/saranda/test/saranda_test_00065_t1.npy,data/processed/patches/saranda/test/saranda_test_00065_t2.npy,data/processed/patches/saranda/test/saranda_test_00065_label.npy,256,12,955,65536,1.46
saranda_test_00066,saranda,test,data/processed/patches/saranda/test/saranda_test_00066_t1.npy,data/processed/patches/saranda/test/saranda_test_00066_t2.npy,data/processed/patches/saranda/test/saranda_test_00066_label.npy,256,12,2988,65536,4.56
saranda_test_00067,saranda,test,data/processed/patches/saranda/test/saranda_test_00067_t1.npy,data/processed/patches/saranda/test/saranda_test_00067_t2.npy,data/processed/patches/saranda/test/saranda_test_00067_label.npy,256,12,3334,65536,5.09
saranda_test_00068,saranda,test,data/processed/patches/saranda/test/saranda_test_00068_t1.npy,data/processed/patches/saranda/test/saranda_test_00068_t2.npy,data/processed/patches/saranda/test/saranda_test_00068_label.npy,256,12,4623,65536,7.05
saranda_test_00069,saranda,test,data/processed/patches/saranda/test/saranda_test_00069_t1.npy,data/processed/patches/saranda/test/saranda_test_00069_t2.npy,data/processed/patches/saranda/test/saranda_test_00069_label.npy,256,12,5199,65536,7.93
saranda_test_00070,saranda,test,data/processed/patches/saranda/test/saranda_test_00070_t1.npy,data/processed/patches/saranda/test/saranda_test_00070_t2.npy,data/processed/patches/saranda/test/saranda_test_00070_label.npy,256,12,1767,65536,2.7
saranda_test_00071,saranda,test,data/processed/patches/saranda/test/saranda_test_00071_t1.npy,data/processed/patches/saranda/test/saranda_test_00071_t2.npy,data/processed/patches/saranda/test/saranda_test_00071_label.npy,256,12,2338,65536,3.57
saranda_test_00072,saranda,test,data/processed/patches/saranda/test/saranda_test_00072_t1.npy,data/processed/patches/saranda/test/saranda_test_00072_t2.npy,data/processed/patches/saranda/test/saranda_test_00072_label.npy,256,12,6554,65536,10.0
saranda_test_00073,saranda,test,data/processed/patches/saranda/test/saranda_test_00073_t1.npy,data/processed/patches/saranda/test/saranda_test_00073_t2.npy,data/processed/patches/saranda/test/saranda_test_00073_label.npy,256,12,4324,65536,6.6
saranda_test_00074,saranda,test,data/processed/patches/saranda/test/saranda_test_00074_t1.npy,data/processed/patches/saranda/test/saranda_test_00074_t2.npy,data/processed/patches/saranda/test/saranda_test_00074_label.npy,256,12,2098,65536,3.2
saranda_test_00075,saranda,test,data/processed/patches/saranda/test/saranda_test_00075_t1.npy,data/processed/patches/saranda/test/saranda_test_00075_t2.npy,data/processed/patches/saranda/test/saranda_test_00075_label.npy,256,12,3581,65536,5.46
saranda_test_00076,saranda,test,data/processed/patches/saranda/test/saranda_test_00076_t1.npy,data/processed/patches/saranda/test/saranda_test_00076_t2.npy,data/processed/patches/saranda/test/saranda_test_00076_label.npy,256,12,3728,65536,5.69
saranda_test_00077,saranda,test,data/processed/patches/saranda/test/saranda_test_00077_t1.npy,data/processed/patches/saranda/test/saranda_test_00077_t2.npy,data/processed/patches/saranda/test/saranda_test_00077_label.npy,256,12,4363,65536,6.66
saranda_test_00078,saranda,test,data/processed/patches/saranda/test/saranda_test_00078_t1.npy,data/processed/patches/saranda/test/saranda_test_00078_t2.npy,data/processed/patches/saranda/test/saranda_test_00078_label.npy,256,12,4480,65536,6.84
saranda_test_00079,saranda,test,data/processed/patches/saranda/test/saranda_test_00079_t1.npy,data/processed/patches/saranda/test/saranda_test_00079_t2.npy,data/processed/patches/saranda/test/saranda_test_00079_label.npy,256,12,776,65536,1.18
saranda_test_00080,saranda,test,data/processed/patches/saranda/test/saranda_test_00080_t1.npy,data/processed/patches/saranda/test/saranda_test_00080_t2.npy,data/processed/patches/saranda/test/saranda_test_00080_label.npy,256,12,2812,65536,4.29
saranda_test_00081,saranda,test,data/processed/patches/saranda/test/saranda_test_00081_t1.npy,data/processed/patches/saranda/test/saranda_test_00081_t2.npy,data/processed/patches/saranda/test/saranda_test_00081_label.npy,256,12,5909,65536,9.02
saranda_test_00082,saranda,test,data/processed/patches/saranda/test/saranda_test_00082_t1.npy,data/processed/patches/saranda/test/saranda_test_00082_t2.npy,data/processed/patches/saranda/test/saranda_test_00082_label.npy,256,12,2846,65536,4.34
saranda_test_00083,saranda,test,data/processed/patches/saranda/test/saranda_test_00083_t1.npy,data/processed/patches/saranda/test/saranda_test_00083_t2.npy,data/processed/patches/saranda/test/saranda_test_00083_label.npy,256,12,5050,65536,7.71
saranda_test_00084,saranda,test,data/processed/patches/saranda/test/saranda_test_00084_t1.npy,data/processed/patches/saranda/test/saranda_test_00084_t2.npy,data/processed/patches/saranda/test/saranda_test_00084_label.npy,256,12,3703,65536,5.65
saranda_test_00085,saranda,test,data/processed/patches/saranda/test/saranda_test_00085_t1.npy,data/processed/patches/saranda/test/saranda_test_00085_t2.npy,data/processed/patches/saranda/test/saranda_test_00085_label.npy,256,12,4484,65536,6.84
saranda_test_00086,saranda,test,data/processed/patches/saranda/test/saranda_test_00086_t1.npy,data/processed/patches/saranda/test/saranda_test_00086_t2.npy,data/processed/patches/saranda/test/saranda_test_00086_label.npy,256,12,9082,65536,13.86
saranda_test_00087,saranda,test,data/processed/patches/saranda/test/saranda_test_00087_t1.npy,data/processed/patches/saranda/test/saranda_test_00087_t2.npy,data/processed/patches/saranda/test/saranda_test_00087_label.npy,256,12,4568,65536,6.97
saranda_test_00088,saranda,test,data/processed/patches/saranda/test/saranda_test_00088_t1.npy,data/processed/patches/saranda/test/saranda_test_00088_t2.npy,data/processed/patches/saranda/test/saranda_test_00088_label.npy,256,12,3486,65536,5.32
saranda_test_00089,saranda,test,data/processed/patches/saranda/test/saranda_test_00089_t1.npy,data/processed/patches/saranda/test/saranda_test_00089_t2.npy,data/processed/patches/saranda/test/saranda_test_00089_label.npy,256,12,4171,65536,6.36
saranda_test_00090,saranda,test,data/processed/patches/saranda/test/saranda_test_00090_t1.npy,data/processed/patches/saranda/test/saranda_test_00090_t2.npy,data/processed/patches/saranda/test/saranda_test_00090_label.npy,256,12,7725,65536,11.79
saranda_test_00091,saranda,test,data/processed/patches/saranda/test/saranda_test_00091_t1.npy,data/processed/patches/saranda/test/saranda_test_00091_t2.npy,data/processed/patches/saranda/test/saranda_test_00091_label.npy,256,12,7324,65536,11.18
saranda_test_00092,saranda,test,data/processed/patches/saranda/test/saranda_test_00092_t1.npy,data/processed/patches/saranda/test/saranda_test_00092_t2.npy,data/processed/patches/saranda/test/saranda_test_00092_label.npy,256,12,10473,65536,15.98
saranda_test_00093,saranda,test,data/processed/patches/saranda/test/saranda_test_00093_t1.npy,data/processed/patches/saranda/test/saranda_test_00093_t2.npy,data/processed/patches/saranda/test/saranda_test_00093_label.npy,256,12,6663,65536,10.17
saranda_test_00094,saranda,test,data/processed/patches/saranda/test/saranda_test_00094_t1.npy,data/processed/patches/saranda/test/saranda_test_00094_t2.npy,data/processed/patches/saranda/test/saranda_test_00094_label.npy,256,12,5282,65536,8.06
saranda_test_00095,saranda,test,data/processed/patches/saranda/test/saranda_test_00095_t1.npy,data/processed/patches/saranda/test/saranda_test_00095_t2.npy,data/processed/patches/saranda/test/saranda_test_00095_label.npy,256,12,615,65536,0.94
saranda_test_00096,saranda,test,data/processed/patches/saranda/test/saranda_test_00096_t1.npy,data/processed/patches/saranda/test/saranda_test_00096_t2.npy,data/processed/patches/saranda/test/saranda_test_00096_label.npy,256,12,3564,65536,5.44
saranda_test_00097,saranda,test,data/processed/patches/saranda/test/saranda_test_00097_t1.npy,data/processed/patches/saranda/test/saranda_test_00097_t2.npy,data/processed/patches/saranda/test/saranda_test_00097_label.npy,256,12,2924,65536,4.46
saranda_test_00098,saranda,test,data/processed/patches/saranda/test/saranda_test_00098_t1.npy,data/processed/patches/saranda/test/saranda_test_00098_t2.npy,data/processed/patches/saranda/test/saranda_test_00098_label.npy,256,12,3532,65536,5.39
saranda_test_00099,saranda,test,data/processed/patches/saranda/test/saranda_test_00099_t1.npy,data/processed/patches/saranda/test/saranda_test_00099_t2.npy,data/processed/patches/saranda/test/saranda_test_00099_label.npy,256,12,2534,65536,3.87
saranda_test_00100,saranda,test,data/processed/patches/saranda/test/saranda_test_00100_t1.npy,data/processed/patches/saranda/test/saranda_test_00100_t2.npy,data/processed/patches/saranda/test/saranda_test_00100_label.npy,256,12,3838,65536,5.86
saranda_test_00101,saranda,test,data/processed/patches/saranda/test/saranda_test_00101_t1.npy,data/processed/patches/saranda/test/saranda_test_00101_t2.npy,data/processed/patches/saranda/test/saranda_test_00101_label.npy,256,12,4633,65536,7.07
saranda_test_00102,saranda,test,data/processed/patches/saranda/test/saranda_test_00102_t1.npy,data/processed/patches/saranda/test/saranda_test_00102_t2.npy,data/processed/patches/saranda/test/saranda_test_00102_label.npy,256,12,2417,65536,3.69
saranda_test_00103,saranda,test,data/processed/patches/saranda/test/saranda_test_00103_t1.npy,data/processed/patches/saranda/test/saranda_test_00103_t2.npy,data/processed/patches/saranda/test/saranda_test_00103_label.npy,256,12,2739,65536,4.18
saranda_test_00104,saranda,test,data/processed/patches/saranda/test/saranda_test_00104_t1.npy,data/processed/patches/saranda/test/saranda_test_00104_t2.npy,data/processed/patches/saranda/test/saranda_test_00104_label.npy,256,12,647,65536,0.99
saranda_test_00105,saranda,test,data/processed/patches/saranda/test/saranda_test_00105_t1.npy,data/processed/patches/saranda/test/saranda_test_00105_t2.npy,data/processed/patches/saranda/test/saranda_test_00105_label.npy,256,12,5662,65536,8.64
saranda_test_00106,saranda,test,data/processed/patches/saranda/test/saranda_test_00106_t1.npy,data/processed/patches/saranda/test/saranda_test_00106_t2.npy,data/processed/patches/saranda/test/saranda_test_00106_label.npy,256,12,1780,65536,2.72
saranda_test_00107,saranda,test,data/processed/patches/saranda/test/saranda_test_00107_t1.npy,data/processed/patches/saranda/test/saranda_test_00107_t2.npy,data/processed/patches/saranda/test/saranda_test_00107_label.npy,256,12,7479,65536,11.41
saranda_test_00108,saranda,test,data/processed/patches/saranda/test/saranda_test_00108_t1.npy,data/processed/patches/saranda/test/saranda_test_00108_t2.npy,data/processed/patches/saranda/test/saranda_test_00108_label.npy,256,12,2414,65536,3.68
saranda_test_00109,saranda,test,data/processed/patches/saranda/test/saranda_test_00109_t1.npy,data/processed/patches/saranda/test/saranda_test_00109_t2.npy,data/processed/patches/saranda/test/saranda_test_00109_label.npy,256,12,1405,65536,2.14
